[{"pk": 1, "model": "banner.banner", "fields": {"image": "uploads/slider/banner_1_1.png", "name": "/"}}, {"pk": 1, "model": "blog.category", "fields": {"title": "\u0418\u0434\u0435\u044f \u043c\u0435\u0441\u044f\u0446\u0430"}}, {"pk": 2, "model": "blog.category", "fields": {"title": "\u0421\u0432\u0430\u0434\u0435\u0431\u043d\u044b\u0435 \u0442\u0440\u0430\u0434\u0438\u0446\u0438\u0438"}}, {"pk": 3, "model": "blog.category", "fields": {"title": "\u0421\u0442\u0438\u043b\u044c \u043c\u0435\u0441\u044f\u0446\u0430"}}, {"pk": 4, "model": "blog.category", "fields": {"title": "\u041d\u0435\u0432\u0435\u0441\u0442\u0430 \u043c\u0435\u0441\u044f\u0446\u0430"}}, {"pk": 5, "model": "blog.category", "fields": {"title": "\u0421\u0447\u0430\u0441\u0442\u043b\u0438\u0432\u044b\u0435 \u043d\u043e\u0432\u043e\u0441\u0442\u0438"}}, {"pk": 3, "model": "blog.article", "fields": {"category": 1, "content": "<div style=\"color: rgb(34, 34, 34); font-family: arial, sans-serif; line-height: normal; \">\u0417\u0438\u043c\u0430 &mdash; \u043d\u0435 \u0441\u0430\u043c\u043e\u0435 \u043f\u043e\u043f\u0443\u043b\u044f\u0440\u043d\u043e\u0435 \u0432\u0440\u0435\u043c\u044f \u0434\u043b\u044f \u0441\u0432\u0430\u0434\u0435\u0431. \u0411\u0443\u0434\u0443\u0449\u0438\u0435 \u043d\u0435\u0432\u0435\u0441\u0442\u044b \u0447\u0430\u0441\u0442\u043e \u043f\u0440\u0435\u0434\u0441\u0442\u0430\u0432\u043b\u044f\u044e\u0442 \u0441\u0435\u0431\u044f \u0432 \u043b\u0451\u0433\u043a\u0438\u0445 \u0441\u0442\u0440\u0443\u044f\u0449\u0438\u0445\u0441\u044f \u043f\u043b\u0430\u0442\u044c\u044f\u0445 \u0432 \u0440\u0430\u0437\u0433\u0430\u0440 \u043b\u0435\u0442\u0430, \u043c\u043d\u043e\u0433\u0438\u0445 \u043f\u0440\u0438\u0432\u043b\u0435\u043a\u0430\u0435\u0442 \u044f\u0440\u043a\u0430\u044f \u0440\u0430\u043d\u043d\u044f\u044f \u043e\u0441\u0435\u043d\u044c, \u043a\u0442\u043e-\u0442\u043e \u043e\u0447\u0430\u0440\u043e\u0432\u0430\u043d \u0432\u0435\u0441\u043d\u043e\u0439 \u0441 \u0446\u0432\u0435\u0442\u0443\u0449\u0438\u043c\u0438 \u0434\u0435\u0440\u0435\u0432\u044c\u044f\u043c\u0438. \u0417\u0430\u0434\u0443\u043c\u044b\u0432\u0430\u043b\u0438\u0441\u044c \u043b\u0438 \u0432\u044b, \u043d\u0430\u0441\u043a\u043e\u043b\u044c\u043a\u043e \u043a\u0440\u0430\u0441\u0438\u0432\u043e\u0439 \u0438 \u043d\u0435\u043e\u0431\u044b\u0447\u043d\u043e\u0439 \u043c\u043e\u0436\u0435\u0442 \u0431\u044b\u0442\u044c \u0441\u0432\u0430\u0434\u044c\u0431\u0430 \u0432 \u0441\u043d\u0435\u0436\u043d\u0443\u044e \u043f\u043e\u0440\u0443?&nbsp;</div>\r\n\r\n<div style=\"color: rgb(34, 34, 34); font-family: arial, sans-serif; line-height: normal; \">&nbsp;</div>\r\n\r\n<div style=\"color: rgb(34, 34, 34); font-family: arial, sans-serif; line-height: normal; \">\u0417\u0438\u043c\u043d\u0438\u0435 \u043f\u0435\u0439\u0437\u0430\u0436\u0438 \u043d\u0435\u0432\u0435\u0440\u043e\u044f\u0442\u043d\u043e \u0440\u043e\u043c\u0430\u043d\u0442\u0438\u0447\u043d\u044b \u0438 \u0441\u043a\u0430\u0437\u043e\u0447\u043d\u044b. \u041e\u0441\u043e\u0431\u0435\u043d\u043d\u043e \u0442\u0440\u043e\u0433\u0430\u0442\u0435\u043b\u044c\u043d\u044b \u0437\u0438\u043c\u043d\u0438\u0435 \u0432\u0435\u043d\u0447\u0430\u043d\u0438\u044f \u0438 \u0446\u0435\u0440\u0435\u043c\u043e\u043d\u0438\u0438 \u043d\u0430 \u043f\u0440\u0438\u0440\u043e\u0434\u0435. \u0417\u0430\u0441\u043d\u0435\u0436\u0435\u043d\u043d\u044b\u0439 \u043b\u0435\u0441, \u0433\u043e\u0440\u043d\u044b\u0435 \u043b\u0435\u0434\u043d\u0438\u043a\u0438, \u0441\u0435\u0432\u0435\u0440\u043d\u043e\u0435 \u0441\u0438\u044f\u043d\u0438\u0435, \u0441\u0430\u043d\u0438, \u0441\u043e\u0431\u0430\u0447\u044c\u0438 \u0443\u043f\u0440\u044f\u0436\u043a\u0438 &mdash; \u043d\u0435 \u043f\u043e\u043b\u043d\u044b\u0439 \u0441\u043f\u0438\u0441\u043e\u043a \u0437\u0438\u043c\u043d\u0435\u0433\u043e \u0430\u043d\u0442\u0443\u0440\u0430\u0436\u0430. \u041b\u044e\u0431\u043e\u0432\u044c \u0438 \u0441\u0442\u0440\u0430\u0441\u0442\u044c \u043d\u0430 \u0444\u043e\u043d\u0435 \u0441\u043d\u0435\u0433\u0430 \u0441\u0442\u0430\u043d\u043e\u0432\u0438\u0442\u0441\u044f \u0435\u0449\u0451 \u044f\u0440\u0447\u0435 \u0438 \u0437\u0430\u043c\u0435\u0442\u043d\u0435\u0435, \u0430 \u0436\u0435\u043b\u0430\u043d\u0438\u0435 \u0441\u043e\u0433\u0440\u0435\u0442\u044c \u0434\u0440\u0443\u0433 \u0434\u0440\u0443\u0433\u0430 \u0441\u0432\u043e\u0438\u043c \u0442\u0435\u043f\u043b\u043e\u043c \u0433\u043e\u0440\u0430\u0437\u0434\u043e \u0441\u0438\u043b\u044c\u043d\u0435\u0435, \u0447\u0435\u043c \u0432 \u0436\u0430\u0440\u0443. \u0412 \u0441\u0435\u0440\u0438\u0438 \u043f\u0443\u0431\u043b\u0438\u043a\u0430\u0446\u0438\u0439 &laquo;\u0421\u043d\u0435\u0436\u043d\u044b\u0435 \u0441\u0432\u0430\u0434\u044c\u0431\u044b&raquo; \u043c\u044b \u043a\u043e\u0441\u043d\u0435\u043c\u0441\u044f \u0441\u0430\u043c\u044b\u0445 \u0440\u0430\u0437\u043d\u044b\u0445 \u0430\u0441\u043f\u0435\u043a\u0442\u043e\u0432 \u0437\u0438\u043c\u043d\u0435\u0433\u043e \u0442\u043e\u0440\u0436\u0435\u0441\u0442\u0432\u0430: \u0437\u0438\u043c\u043d\u0438\u0439 \u043d\u0430\u0440\u044f\u0434 \u043d\u0435\u0432\u0435\u0441\u0442\u044b, \u043b\u0443\u0447\u0448\u0438\u0435 \u043c\u0435\u0441\u0442\u0430 \u0434\u043b\u044f \u0441\u0432\u0430\u0434\u044c\u0431\u044b \u0437\u0438\u043c\u043e\u0439, \u0438\u0434\u0435\u0438 \u043e\u0444\u043e\u0440\u043c\u043b\u0435\u043d\u0438\u044f \u0437\u0438\u043c\u043d\u0435\u0439 \u0441\u0432\u0430\u0434\u044c\u0431\u044b, \u0437\u0438\u043c\u043d\u0438\u0439 \u0431\u0443\u043a\u0435\u0442... \u041c\u044b \u0442\u0430\u043a \u0436\u0435 \u043f\u043e\u0437\u043d\u0430\u043a\u043e\u043c\u0438\u043c \u0432\u0430\u0441 \u0442\u0435\u043c\u0438, \u043a\u0442\u043e \u0432\u044b\u0431\u0440\u0430\u043b \u0434\u043b\u044f \u0432\u0430\u0436\u043d\u043e\u0433\u043e \u0441\u043e\u0431\u044b\u0442\u0438\u044f \u0437\u0438\u043c\u043d\u0435\u0435 \u0432\u0440\u0435\u043c\u044f. \u0410 \u0434\u043b\u044f \u043d\u0430\u0447\u0430\u043b\u0430 \u043c\u044b \u043f\u043e\u0434\u0433\u043e\u0442\u043e\u0432\u0438\u043b\u0438 \u0432\u0434\u043e\u0445\u043d\u043e\u0432\u043b\u044f\u044e\u0449\u0443\u044e \u043f\u043e\u0434\u0431\u043e\u0440\u043a\u0443.&nbsp;</div>\r\n", "image": "uploads/blog/Lazaro-Fall-Winter-2012-2013-Bridal-collection-3.jpeg", "date": "2013-10-31", "title": "\u0421\u043d\u0435\u0436\u043d\u044b\u0435 \u0441\u0432\u0430\u0434\u044c\u0431\u044b"}}, {"pk": 6, "model": "blog.articlephoto", "fields": {"article": 3, "image": "uploads/blog/image_2.jpg"}}, {"pk": 4, "model": "blog.articlephoto", "fields": {"article": 3, "image": "uploads/blog/image.jpg"}}, {"pk": 5, "model": "blog.articlephoto", "fields": {"article": 3, "image": "uploads/blog/image_1.jpg"}}, {"pk": 7, "model": "blog.articlephoto", "fields": {"article": 3, "image": "uploads/blog/image_3.jpg"}}, {"pk": 8, "model": "blog.articlephoto", "fields": {"article": 3, "image": "uploads/blog/image_4.jpg"}}, {"pk": 9, "model": "blog.articlephoto", "fields": {"article": 3, "image": "uploads/blog/image_5.jpg"}}, {"pk": 10, "model": "blog.articlephoto", "fields": {"article": 3, "image": "uploads/blog/image_6.jpg"}}, {"pk": 11, "model": "blog.articlephoto", "fields": {"article": 3, "image": "uploads/blog/image_7.jpg"}}, {"pk": 12, "model": "blog.articlephoto", "fields": {"article": 3, "image": "uploads/blog/image_8.jpg"}}, {"pk": 13, "model": "blog.articlephoto", "fields": {"article": 3, "image": "uploads/blog/image_9.jpg"}}, {"pk": 14, "model": "blog.articlephoto", "fields": {"article": 3, "image": "uploads/blog/image_10.jpg"}}, {"pk": 15, "model": "blog.articlephoto", "fields": {"article": 3, "image": "uploads/blog/image_11.jpg"}}, {"pk": 16, "model": "blog.articlephoto", "fields": {"article": 3, "image": "uploads/blog/image_12.jpg"}}, {"pk": 4, "model": "gallery.category", "fields": {"country": 10, "year": 2012, "title": "\u0415\u043a\u0430\u0442\u0435\u0440\u0438\u043d\u0430 \u0438 \u041a\u0438\u0440\u0438\u043b\u043b"}}, {"pk": 3, "model": "gallery.category", "fields": {"country": 4, "year": 2012, "title": "\u0410\u043b\u0435\u043a\u0441\u0430\u043d\u0434\u0440\u0430 \u0438 \u0418\u0432\u0430\u043d"}}, {"pk": 5, "model": "gallery.category", "fields": {"country": 5, "year": 2012, "title": "\u041a\u0441\u0435\u043d\u0438\u044f \u0438 \u0410\u043b\u0435\u043a\u0441\u0430\u043d\u0434\u0440"}}, {"pk": 34, "model": "gallery.photo", "fields": {"category": 4, "date": "2013-10-31", "image": "uploads/gallery/image_1.jpg"}}, {"pk": 35, "model": "gallery.photo", "fields": {"category": 4, "date": "2013-10-31", "image": "uploads/gallery/image_2.jpg"}}, {"pk": 36, "model": "gallery.photo", "fields": {"category": 4, "date": "2013-10-31", "image": "uploads/gallery/image_3.jpg"}}, {"pk": 37, "model": "gallery.photo", "fields": {"category": 4, "date": "2013-10-31", "image": "uploads/gallery/image_4.jpg"}}, {"pk": 38, "model": "gallery.photo", "fields": {"category": 4, "date": "2013-10-31", "image": "uploads/gallery/image_5.jpg"}}, {"pk": 39, "model": "gallery.photo", "fields": {"category": 4, "date": "2013-10-31", "image": "uploads/gallery/image_6.jpg"}}, {"pk": 13, "model": "gallery.photo", "fields": {"category": 3, "date": "2013-10-29", "image": "uploads/gallery/1CQkIRfWXRYE1.jpg"}}, {"pk": 14, "model": "gallery.photo", "fields": {"category": 3, "date": "2013-10-29", "image": "uploads/gallery/3FTFhUxjwDWo.jpg"}}, {"pk": 15, "model": "gallery.photo", "fields": {"category": 3, "date": "2013-10-29", "image": "uploads/gallery/5N_Q2TPeE4pQ.jpg"}}, {"pk": 16, "model": "gallery.photo", "fields": {"category": 3, "date": "2013-10-29", "image": "uploads/gallery/7plCjwNiQS9s.jpg"}}, {"pk": 17, "model": "gallery.photo", "fields": {"category": 3, "date": "2013-10-29", "image": "uploads/gallery/8rI1gKtGyCmU.jpg"}}, {"pk": 18, "model": "gallery.photo", "fields": {"category": 3, "date": "2013-10-29", "image": "uploads/gallery/10VXJ4z2zDU1A.jpg"}}, {"pk": 19, "model": "gallery.photo", "fields": {"category": 3, "date": "2013-10-29", "image": "uploads/gallery/12yRh8Ptw-mCY.jpg"}}, {"pk": 20, "model": "gallery.photo", "fields": {"category": 3, "date": "2013-10-29", "image": "uploads/gallery/2eVXcmiKiC20.jpg"}}, {"pk": 33, "model": "gallery.photo", "fields": {"category": 4, "date": "2013-10-31", "image": "uploads/gallery/image.jpg"}}, {"pk": 29, "model": "gallery.photo", "fields": {"category": 5, "date": "2013-10-29", "image": "uploads/gallery/XyYL49Es_iU.jpg"}}, {"pk": 30, "model": "gallery.photo", "fields": {"category": 5, "date": "2013-10-29", "image": "uploads/gallery/4LQIV7nMBgk.jpg"}}, {"pk": 31, "model": "gallery.photo", "fields": {"category": 5, "date": "2013-10-29", "image": "uploads/gallery/bB_41ogvIdw.jpg"}}, {"pk": 32, "model": "gallery.photo", "fields": {"category": 5, "date": "2013-10-29", "image": "uploads/gallery/mps7hSAchkE.jpg"}}, {"pk": 3, "model": "ideas.article", "fields": {"title": "\u0420\u043e\u043c\u0430\u043d\u0442\u0438\u0447\u0435\u0441\u043a\u0438\u0435 \u0441\u0432\u0430\u0434\u0435\u0431\u043d\u044b\u0435 \u043f\u043b\u0430\u0442\u044c\u044f \u043e\u0442 Monique Lhuillier 2013", "content_more": "<p><a class=\"preview__title\" href=\"#\" style=\"color: rgb(22, 82, 124); font-size: 14px; display: inline-block; margin-bottom: 10px; font-family: Calibri, sans-serif; line-height: 18px;\">\u0420\u043e\u043c\u0430\u043d\u0442\u0438\u0447\u0435\u0441\u043a\u0438\u0435 \u0441\u0432\u0430\u0434\u0435\u0431\u043d\u044b\u0435 \u043f\u043b\u0430\u0442\u044c\u044f \u043e\u0442 Monique Lhuillier 2013</a></p>\r\n", "image": "uploads/ideas/idea-3.jpg", "slug": "romanticheskie-svadebnyie-platya-ot-monique-lhuillier-2013", "content": "Natus error sit voluptatem accusantium doloremque laudantium, totam rem aperiam eaque ipsa, quae ab illo inventore veritatis et quasi architecto beatae vitae dicta sunt, explicabo. Nemo enim ipsam voluptatem, quia voluptas sit, aspernatur aut odit aut fugit, sed quia consequuntur magni dolores eos, qui ratione voluptatem sequi nesciunt, neque porro quisquam est, qui dolorem ipsum, quia dolor sit, amet, consectetur, adipisci velit, sed quia non numquam eius modi tempora incidunt, ut labore et dolore magnam aliquam quaerat voluptatem. Ut enim ad minima veniam, quis nostrum exercitationem ullam corporis suscipit laboriosam, nisi ut aliquid ex ea commodi consequatur. Quis autem vel eum iure reprehenderit, qui in ea voluptate velit esse, quam nihil molestiae consequatur.", "date": "2013-09-18", "gallery": null}}, {"pk": 2, "model": "ideas.article", "fields": {"title": "\u041e\u0440\u0433\u0430\u043d\u0438\u0437\u043e\u0432\u044b\u0432\u0430\u0435\u043c \u0434\u0435\u0432\u0438\u0447\u043d\u0438\u043a \u043f\u043e \u0432\u0441\u0435\u043c \u043f\u0440\u0430\u0432\u0438\u043b\u0430\u043c", "content_more": "<p><span style=\"color: rgb(123, 79, 57); font-family: Calibri, sans-serif; font-size: 14px; line-height: 16px;\">Natus error sit voluptatem accusantium doloremque laudantium, totam rem aperiam eaque ipsa, quae ab illo inventore veritatis et quasi architecto beatae vitae dicta sunt, explicabo. Nemo enim ipsam voluptatem, quia voluptas sit, aspernatur aut odit aut fugit, sed quia consequuntur magni dolores eos, qui ratione voluptatem sequi nesciunt, neque porro quisquam est, qui dolorem ipsum, quia dolor sit, amet, consectetur, adipisci velit, sed quia non numquam eius modi tempora incidunt, ut labore et dolore magnam aliquam quaerat voluptatem. Ut enim ad minima veniam, quis nostrum exercitationem ullam corporis suscipit laboriosam, nisi ut aliquid ex ea commodi consequatur. Quis autem vel eum iure reprehenderit, qui in ea voluptate velit esse, quam nihil molestiae consequatur.</span></p>\r\n", "image": "uploads/ideas/idea-2.jpg", "slug": "organizovyivaem-devichnik-po-vsem-pravilam", "content": "Natus error sit voluptatem accusantium doloremque laudantium, totam rem aperiam eaque ipsa, quae ab illo inventore veritatis et quasi architecto beatae vitae dicta sunt, explicabo. Nemo enim ipsam voluptatem, quia voluptas sit, aspernatur aut odit aut fugit, sed quia consequuntur magni dolores eos, qui ratione voluptatem sequi nesciunt, neque porro quisquam est, qui dolorem ipsum, quia dolor sit, amet, consectetur, adipisci velit, sed quia non numquam eius modi tempora incidunt, ut labore et dolore magnam aliquam quaerat voluptatem. Ut enim ad minima veniam, quis nostrum exercitationem ullam corporis suscipit laboriosam, nisi ut aliquid ex ea commodi consequatur. Quis autem vel eum iure reprehenderit, qui in ea voluptate velit esse, quam nihil molestiae consequatur.", "date": "2013-09-18", "gallery": null}}, {"pk": 4, "model": "ideas.article", "fields": {"title": "\u041d\u043e\u0432\u044b\u0435 \u0442\u0435\u043d\u0434\u0435\u043d\u0446\u0438\u0438 2013 \u0432 \u0441\u0432\u0430\u0434\u0435\u0431\u043d\u044b\u0445 \u0431\u0443\u043a\u0435\u0442\u0430\u0445", "content_more": "<p><span style=\"color: rgb(123, 79, 57); font-family: Calibri, sans-serif; font-size: 14px; line-height: 16px;\">asi architecto beatae vitae dicta sunt, explicabo. Nemo enim ipsam voluptatem, quia voluptas sit, aspernatur aut odit aut fugit, sed quia consequuntur magni dolores eos, qui ratione voluptatem sequi nesciunt, neque porro quisquam est, qui dolorem ipsum, quia dolor sit, amet, consectetur, adipisci velit, sed quia non numquam eius modi tempora incidunt, ut labore et dolore magnam aliquam quaerat voluptatem. Ut enim ad minima veniam, quis nostrum exercitationem ullam corporis suscipit laboriosam, nisi ut aliquid ex ea commodi consequatur. Quis autem vel eum iure reprehenderit, qui in ea voluptate velit esse, quam nihil molestiae consequatur.</span></p>\r\n", "image": "uploads/ideas/idea-4.jpg", "slug": "novyie-tendentsii-2013-v-svadebnyih-buketah", "content": "asi architecto beatae vitae dicta sunt, explicabo. Nemo enim ipsam voluptatem, quia voluptas sit, aspernatur aut odit aut fugit, sed quia consequuntur magni dolores eos, qui ratione voluptatem sequi nesciunt, neque porro quisquam est, qui dolorem ipsum, quia dolor sit, amet, consectetur, adipisci velit, sed quia non numquam eius modi tempora incidunt, ut labore et dolore magnam aliquam quaerat voluptatem. Ut enim ad minima veniam, quis nostrum exercitationem ullam corporis suscipit laboriosam, nisi ut aliquid ex ea commodi consequatur. Quis autem vel eum iure reprehenderit, qui in ea voluptate velit esse, quam nihil molestiae consequatur.", "date": "2013-09-18", "gallery": null}}, {"pk": 2, "model": "news.article", "fields": {"title": "\u041e\u0440\u0433\u0430\u043d\u0438\u0437\u043e\u0432\u044b\u0432\u0430\u0435\u043c \u0434\u0435\u0432\u0438\u0447\u043d\u0438\u043a \u043f\u043e \u0432\u0441\u0435\u043c \u043f\u0440\u0430\u0432\u0438\u043b\u0430\u043c", "content_more": "<p><span style=\"color: rgb(123, 79, 57); font-family: Calibri, 'Helvetica Neue', Helvetica, sans-serif; font-size: 14px; line-height: 18px;\">Accusantium doloremque laudantium, totam rem aperiam eaque ipsa, quae ab illo inventore veritatis et quasi architecto beatae vitae dicta sunt, explicabo. Nemo enim ipsam voluptatem, quia voluptas sit, aspernatur aut odit aut fugit, sed quia consequuntur magni dolores eos, qui ratione voluptatem sequi nesciunt, neque porro quisquam est, qui dolorem ipsum, quia dolor sit, amet, consectetur, adipisci velit, sed quia non numquam eius modi tempora incidunt, ut labore et dolore magnam aliquam quaerat voluptatem. Ut enim ad minima veniam, quis nostrum exercitationem ullam corporis suscipit laboriosam, nisi ut aliquid ex ea commodi</span></p>\r\n", "image": "uploads/news/idea-4.jpg", "content": "Accusantium doloremque laudantium, totam rem aperiam eaque ipsa, quae ab illo inventore veritatis et quasi architecto beatae vitae dicta sunt, explicabo. Nemo enim ipsam voluptatem, quia voluptas sit, aspernatur aut odit aut fugit, sed quia ", "date": "2013-09-18", "slug": "organizovyivaem-devichnik-po-vsem-pravilam"}}, {"pk": 1, "model": "news.article", "fields": {"title": "\u0421\u0432\u0430\u0434\u0435\u0431\u043d\u043e\u0435 \u043f\u0443\u0442\u0435\u0448\u0435\u0441\u0442\u0432\u0438\u0435 \u0432 \u0422\u0443\u0440\u0446\u0438\u044e", "content_more": "<p style=\"background-image: none; border: 0px; font-size: 14px; margin: 0px 0px 12px; outline: 0px; padding: 0px; color: rgb(123, 79, 57); font-family: Calibri, sans-serif; line-height: 18px;\">Natus error sit voluptatem accusantium doloremque laudantium, totam rem aperiam eaque ipsa, quae ab illo inventore veritatis et quasi architecto beatae vitae dicta sunt, explicabo. Nemo enim ipsam voluptatem, quia voluptas sit, aspernatur aut odit aut fugit, sed quia consequuntur magni dolores eos, qui ratione voluptatem sequi nesciunt, neque porro quisquam est, qui dolorem ipsum, quia dolor sit, amet, consectetur, adipisci velit, sed quia non numquam eius modi tempora incidunt, ut labore et dolore magnam aliquam quaerat voluptatem. Ut enim ad minima veniam, quis nostrum exercitationem ullam corporis suscipit laboriosam, nisi ut aliquid ex ea commodi consequatur. Quis autem vel eum iure reprehenderit, qui in ea voluptate velit esse, quam nihil molestiae consequatur.</p>\r\n\r\n<p style=\"background-image: none; border: 0px; font-size: 14px; margin: 0px 0px 12px; outline: 0px; padding: 0px; color: rgb(123, 79, 57); font-family: Calibri, sans-serif; line-height: 18px;\">Qvcui dolorem eum fugiat, quo voluptas nulla pariatur? At vero eos et accusamus et iusto odio dignissimos ducimus, qui blanditiis praesentium voluptatum deleniti atque corrupti, quos dolores et quas molestias excepturi sint, obcaecati cupiditate non provident, similique sunt in culpa, qui officia deserunt mollitia animi, id est laborum et dolorum fuga. Et harum quidem rerum facilis est et expedita distinctio.</p>\r\n", "image": "uploads/news/idea-2.jpg", "content": "\r\nQvcui dolorem eum fugiat, quo voluptas nulla pariatur? At vero eos et accusamus et iusto odio dignissimos ducimus, qui blanditiis ", "date": "2013-09-01", "slug": "svadebnoe-puteshestvie-v-turtsiyu"}}, {"pk": 1, "model": "order.orderservices", "fields": {"name": "\u0424\u043e\u0442\u043e\u0433\u0440\u0430\u0444"}}, {"pk": 2, "model": "order.orderservices", "fields": {"name": "\u041e\u043f\u0435\u0440\u0430\u0442\u043e\u0440"}}, {"pk": 3, "model": "order.orderservices", "fields": {"name": "\u0426\u0432\u0435\u0442\u043e\u0447\u043d\u043e\u0435 \u043e\u0444\u043e\u0440\u043c\u043b\u0435\u043d\u0438\u0435"}}, {"pk": 4, "model": "order.orderservices", "fields": {"name": "\u0421\u0442\u0438\u043b\u0438\u0441\u0442"}}, {"pk": 5, "model": "order.orderservices", "fields": {"name": "\u0411\u0443\u043a\u0435\u0442 / \u0431\u0443\u0442\u043e\u043d\u044c\u0435\u0440\u043a\u0430"}}, {"pk": 6, "model": "order.orderservices", "fields": {"name": "\u0422\u0440\u0430\u043d\u0441\u043f\u043e\u0440\u0442 \u0434\u043b\u044f \u043c\u043e\u043b\u043e\u0434\u043e\u0436\u0435\u043d\u043e\u0432"}}, {"pk": 7, "model": "order.orderservices", "fields": {"name": "\u0422\u0440\u0430\u043d\u0441\u043f\u043e\u0440\u0442 \u0434\u043b\u044f \u0433\u043e\u0441\u0442\u0435\u0439"}}, {"pk": 8, "model": "order.orderservices", "fields": {"name": "\u0422\u043e\u0440\u0442"}}, {"pk": 9, "model": "order.orderservices", "fields": {"name": "\u0423\u0436\u0438\u043d"}}, {"pk": 10, "model": "order.orderservices", "fields": {"name": "\u0428\u043e\u0443-\u043f\u0440\u043e\u0433\u0440\u0430\u043c\u043c\u0430"}}, {"pk": 36, "model": "order.order", "fields": {"date": "2013-10-20T23:18:02", "services": [8, 9, 10], "field_8": "", "field_6": "\u0441\u043b\u0441", "field_7": "\u0441\u043b\u044b\u0432\u0441", "field_4": "\u0427\u0435\u0445\u0438\u044f", "field_5": "4", "field_2": "\u0441\u043b\u044b\u0432\u0441\u043e", "field_3": "", "field_1": "\u0441\u043e\u0441\u044b"}}, {"pk": 35, "model": "order.order", "fields": {"date": "2013-10-17T19:56:59", "services": [3, 4], "field_8": "", "field_6": "5", "field_7": "6", "field_4": "\u0427\u0435\u0445\u0438\u044f", "field_5": "4", "field_2": "4", "field_3": "3", "field_1": "3"}}, {"pk": 34, "model": "order.order", "fields": {"date": "2013-10-17T19:55:39", "services": [3, 4], "field_8": "", "field_6": "5", "field_7": "6", "field_4": "\u0427\u0435\u0445\u0438\u044f", "field_5": "4", "field_2": "4", "field_3": "3", "field_1": "3"}}, {"pk": 33, "model": "order.order", "fields": {"date": "2013-10-17T19:53:15", "services": [3, 4], "field_8": "", "field_6": "5", "field_7": "6", "field_4": "\u0427\u0435\u0445\u0438\u044f", "field_5": "4", "field_2": "4", "field_3": "3", "field_1": "3"}}, {"pk": 32, "model": "order.order", "fields": {"date": "2013-10-17T19:53:00", "services": [3, 4], "field_8": "", "field_6": "5", "field_7": "6", "field_4": "\u0427\u0435\u0445\u0438\u044f", "field_5": "4", "field_2": "4", "field_3": "3", "field_1": "3"}}, {"pk": 31, "model": "order.order", "fields": {"date": "2013-10-17T19:52:45", "services": [3, 4], "field_8": "", "field_6": "5", "field_7": "6", "field_4": "\u0427\u0435\u0445\u0438\u044f", "field_5": "4", "field_2": "4", "field_3": "3", "field_1": "3"}}, {"pk": 30, "model": "order.order", "fields": {"date": "2013-10-17T19:52:41", "services": [3, 4], "field_8": "", "field_6": "5", "field_7": "6", "field_4": "\u0427\u0435\u0445\u0438\u044f", "field_5": "4", "field_2": "4", "field_3": "3", "field_1": "3"}}, {"pk": 29, "model": "order.order", "fields": {"date": "2013-10-17T19:52:29", "services": [3, 4], "field_8": "", "field_6": "5", "field_7": "6", "field_4": "\u0427\u0435\u0445\u0438\u044f", "field_5": "4", "field_2": "4", "field_3": "3", "field_1": "3"}}, {"pk": 28, "model": "order.order", "fields": {"date": "2013-10-17T19:51:46", "services": [3, 4], "field_8": "", "field_6": "5", "field_7": "6", "field_4": "\u0427\u0435\u0445\u0438\u044f", "field_5": "4", "field_2": "4", "field_3": "3", "field_1": "3"}}, {"pk": 27, "model": "order.order", "fields": {"date": "2013-10-17T19:51:27", "services": [3, 4], "field_8": "", "field_6": "5", "field_7": "6", "field_4": "\u0427\u0435\u0445\u0438\u044f", "field_5": "4", "field_2": "4", "field_3": "3", "field_1": "3"}}, {"pk": 26, "model": "order.order", "fields": {"date": "2013-10-17T19:51:15", "services": [3, 4], "field_8": "", "field_6": "5", "field_7": "6", "field_4": "\u0427\u0435\u0445\u0438\u044f", "field_5": "4", "field_2": "4", "field_3": "3", "field_1": "3"}}, {"pk": 25, "model": "order.order", "fields": {"date": "2013-10-17T19:50:54", "services": [3, 4], "field_8": "", "field_6": "5", "field_7": "6", "field_4": "\u0427\u0435\u0445\u0438\u044f", "field_5": "4", "field_2": "4", "field_3": "3", "field_1": "3"}}, {"pk": 24, "model": "order.order", "fields": {"date": "2013-10-17T19:50:47", "services": [3, 4], "field_8": "", "field_6": "5", "field_7": "6", "field_4": "\u0427\u0435\u0445\u0438\u044f", "field_5": "4", "field_2": "4", "field_3": "3", "field_1": "3"}}, {"pk": 23, "model": "order.order", "fields": {"date": "2013-10-17T19:50:19", "services": [3, 4], "field_8": "", "field_6": "5", "field_7": "6", "field_4": "\u0427\u0435\u0445\u0438\u044f", "field_5": "4", "field_2": "4", "field_3": "3", "field_1": "3"}}, {"pk": 22, "model": "order.order", "fields": {"date": "2013-10-17T19:50:05", "services": [3, 4], "field_8": "", "field_6": "5", "field_7": "6", "field_4": "\u0427\u0435\u0445\u0438\u044f", "field_5": "4", "field_2": "4", "field_3": "3", "field_1": "3"}}, {"pk": 21, "model": "order.order", "fields": {"date": "2013-10-17T19:49:20", "services": [3, 4], "field_8": "", "field_6": "5", "field_7": "6", "field_4": "\u0427\u0435\u0445\u0438\u044f", "field_5": "4", "field_2": "4", "field_3": "3", "field_1": "3"}}, {"pk": 20, "model": "order.order", "fields": {"date": "2013-10-17T19:45:46", "services": [3, 4], "field_8": "", "field_6": "5", "field_7": "6", "field_4": "\u0427\u0435\u0445\u0438\u044f", "field_5": "4", "field_2": "4", "field_3": "3", "field_1": "3"}}, {"pk": 19, "model": "order.order", "fields": {"date": "2013-10-17T19:45:36", "services": [3, 4], "field_8": "", "field_6": "5", "field_7": "6", "field_4": "\u0427\u0435\u0445\u0438\u044f", "field_5": "4", "field_2": "4", "field_3": "3", "field_1": "3"}}, {"pk": 18, "model": "order.order", "fields": {"date": "2013-10-17T19:44:38", "services": [3, 4], "field_8": "", "field_6": "5", "field_7": "6", "field_4": "\u0427\u0435\u0445\u0438\u044f", "field_5": "4", "field_2": "4", "field_3": "3", "field_1": "3"}}, {"pk": 17, "model": "order.order", "fields": {"date": "2013-10-17T19:44:17", "services": [3, 4], "field_8": "", "field_6": "5", "field_7": "6", "field_4": "\u0427\u0435\u0445\u0438\u044f", "field_5": "4", "field_2": "4", "field_3": "3", "field_1": "3"}}, {"pk": 16, "model": "order.order", "fields": {"date": "2013-10-17T19:44:05", "services": [3, 4], "field_8": "", "field_6": "5", "field_7": "6", "field_4": "\u0427\u0435\u0445\u0438\u044f", "field_5": "4", "field_2": "4", "field_3": "3", "field_1": "3"}}, {"pk": 15, "model": "order.order", "fields": {"date": "2013-10-17T19:43:21", "services": [3, 4], "field_8": "", "field_6": "5", "field_7": "6", "field_4": "\u0427\u0435\u0445\u0438\u044f", "field_5": "4", "field_2": "4", "field_3": "3", "field_1": "3"}}, {"pk": 14, "model": "order.order", "fields": {"date": "2013-10-17T19:43:04", "services": [3, 4], "field_8": "", "field_6": "5", "field_7": "6", "field_4": "\u0427\u0435\u0445\u0438\u044f", "field_5": "4", "field_2": "4", "field_3": "3", "field_1": "3"}}, {"pk": 13, "model": "order.order", "fields": {"date": "2013-10-17T19:42:17", "services": [3, 4], "field_8": "", "field_6": "5", "field_7": "6", "field_4": "\u0427\u0435\u0445\u0438\u044f", "field_5": "4", "field_2": "4", "field_3": "3", "field_1": "3"}}, {"pk": 12, "model": "order.order", "fields": {"date": "2013-10-17T19:41:08", "services": [3, 4], "field_8": "", "field_6": "5", "field_7": "6", "field_4": "\u0427\u0435\u0445\u0438\u044f", "field_5": "4", "field_2": "4", "field_3": "3", "field_1": "3"}}, {"pk": 11, "model": "order.order", "fields": {"date": "2013-10-17T19:40:38", "services": [3, 4], "field_8": "", "field_6": "5", "field_7": "6", "field_4": "\u0427\u0435\u0445\u0438\u044f", "field_5": "4", "field_2": "4", "field_3": "3", "field_1": "3"}}, {"pk": 10, "model": "order.order", "fields": {"date": "2013-10-17T19:39:50", "services": [3, 4], "field_8": "", "field_6": "5", "field_7": "6", "field_4": "\u0427\u0435\u0445\u0438\u044f", "field_5": "4", "field_2": "4", "field_3": "3", "field_1": "3"}}, {"pk": 9, "model": "order.order", "fields": {"date": "2013-10-17T19:39:08", "services": [3, 4], "field_8": "", "field_6": "5", "field_7": "6", "field_4": "\u0427\u0435\u0445\u0438\u044f", "field_5": "4", "field_2": "4", "field_3": "3", "field_1": "3"}}, {"pk": 8, "model": "order.order", "fields": {"date": "2013-10-17T19:38:29", "services": [3, 4], "field_8": "", "field_6": "5", "field_7": "6", "field_4": "\u0427\u0435\u0445\u0438\u044f", "field_5": "4", "field_2": "4", "field_3": "3", "field_1": "3"}}, {"pk": 7, "model": "order.order", "fields": {"date": "2013-10-17T19:37:31", "services": [3, 4], "field_8": "", "field_6": "5", "field_7": "6", "field_4": "\u0427\u0435\u0445\u0438\u044f", "field_5": "4", "field_2": "4", "field_3": "3", "field_1": "3"}}, {"pk": 6, "model": "order.order", "fields": {"date": "2013-10-17T19:37:06", "services": [3, 4], "field_8": "", "field_6": "5", "field_7": "6", "field_4": "\u0427\u0435\u0445\u0438\u044f", "field_5": "4", "field_2": "4", "field_3": "3", "field_1": "3"}}, {"pk": 5, "model": "order.order", "fields": {"date": "2013-10-17T19:35:30", "services": [3, 4], "field_8": "", "field_6": "5", "field_7": "6", "field_4": "\u0427\u0435\u0445\u0438\u044f", "field_5": "4", "field_2": "4", "field_3": "3", "field_1": "3"}}, {"pk": 4, "model": "order.order", "fields": {"date": "2013-10-17T19:35:07", "services": [3, 4], "field_8": "", "field_6": "5", "field_7": "6", "field_4": "\u0427\u0435\u0445\u0438\u044f", "field_5": "4", "field_2": "4", "field_3": "3", "field_1": "3"}}, {"pk": 3, "model": "order.order", "fields": {"date": "2013-10-17T19:33:15", "services": [3, 4], "field_8": "", "field_6": "5", "field_7": "6", "field_4": "\u0427\u0435\u0445\u0438\u044f", "field_5": "4", "field_2": "4", "field_3": "3", "field_1": "3"}}, {"pk": 2, "model": "order.order", "fields": {"date": "2013-10-17T19:31:10", "services": [3, 4], "field_8": "", "field_6": "5", "field_7": "6", "field_4": "\u0427\u0435\u0445\u0438\u044f", "field_5": "4", "field_2": "4", "field_3": "3", "field_1": "3"}}, {"pk": 1, "model": "order.order", "fields": {"date": "2013-10-17T19:30:17", "services": [1, 2], "field_8": "", "field_6": "4", "field_7": "5", "field_4": "\u0427\u0435\u0445\u0438\u044f", "field_5": "3", "field_2": "2", "field_3": "", "field_1": "1"}}, {"pk": 1, "model": "pages.page", "fields": {"content": "<p>&nbsp;</p>\r\n\r\n<p>\u041e\u0431\u044a\u0435\u0434\u0438\u043d\u0435\u043d\u043d\u044b\u0435 \u0441\u0442\u0440\u0435\u043c\u043b\u0435\u043d\u0438\u0435\u043c \u043a \u043a\u0440\u0430\u0441\u043e\u0442\u0435 \u0438 \u043f\u0440\u0438\u0437\u043d\u0430\u043d\u0438\u0435\u043c \u043b\u044e\u0431\u0432\u0438 \u043a\u0430\u043a \u0430\u0431\u0441\u043e\u043b\u044e\u0442\u043d\u043e\u0439 \u0446\u0435\u043d\u043d\u043e\u0441\u0442\u0438, \u043c\u044b \u043f\u043e\u0447\u0443\u0432\u0441\u0442\u0432\u043e\u0432\u0430\u043b\u0438 \u0432 \u0441\u0435\u0431\u0435 \u0441\u0438\u043b\u044b \u0441\u0434\u0435\u043b\u0430\u0442\u044c \u043d\u0430\u0441\u0442\u043e\u044f\u0449\u0438\u0439 \u043f\u0440\u043e\u0435\u043a\u0442 \u043f\u043e \u0441\u043e\u0437\u0434\u0430\u043d\u0438\u044e \u0441\u043e\u0432\u0440\u0435\u043c\u0435\u043d\u043d\u044b\u0445 \u0441\u0432\u0430\u0434\u0435\u0431. \u041d\u0430\u0441\u0442\u043e\u044f\u0449\u0438\u043c \u0432\u044b\u0437\u043e\u0432\u043e\u043c \u0434\u043b\u044f \u043d\u0430\u0441 \u0441\u0442\u0430\u043b\u0430 \u043d\u0435\u043e\u0431\u0445\u043e\u0434\u0438\u043c\u043e\u0441\u0442\u044c \u0441\u043e\u0432\u043c\u0435\u0441\u0442\u0438\u0442\u044c \u0442\u0435\u0445\u043d\u043e\u043b\u043e\u0433\u0438\u0438 \u0438 \u0432\u043e\u0437\u043c\u043e\u0436\u043d\u043e\u0441\u0442\u0438 \u0431\u0443\u0434\u0443\u0449\u0435\u0433\u043e \u0441 \u0442\u0440\u0430\u0434\u0438\u0446\u0438\u044f\u043c\u0438 \u0438 \u0446\u0435\u043d\u043d\u043e\u0441\u0442\u044f\u043c\u0438 \u0434\u0430\u043b\u0451\u043a\u043e\u0433\u043e \u043f\u0440\u043e\u0448\u043b\u043e\u0433\u043e. \u041c\u044b \u0445\u043e\u0442\u0438\u043c, \u0447\u0442\u043e\u0431\u044b \u0441\u0432\u0430\u0434\u044c\u0431\u0430 \u0438 \u0432\u0441\u0435 \u0441\u043e\u0431\u044b\u0442\u0438\u044f, \u043e\u0442\u043d\u043e\u0441\u044f\u0449\u0438\u0435\u0441\u044f \u043a \u043d\u0435\u0439, \u0441\u0442\u0430\u043b\u0438 \u0443\u043d\u0438\u043a\u0430\u043b\u044c\u043d\u044b\u043c \u0432\u043e\u043f\u043b\u043e\u0449\u0435\u043d\u0438\u0435\u043c \u0438\u043c\u0435\u043d\u043d\u043e \u0432\u0430\u0448\u0435\u0439 \u0438\u0441\u0442\u043e\u0440\u0438\u0438 \u0438 \u0432\u0430\u0448\u0438\u0445 \u0436\u0435\u043b\u0430\u043d\u0438\u0439. \u041e\u0441\u043d\u043e\u0432\u043d\u044b\u043c \u043d\u0430\u043f\u0440\u0430\u0432\u043b\u0435\u043d\u0438\u0435\u043c \u043d\u0430\u0448\u0435\u0439 \u0434\u0435\u044f\u0442\u0435\u043b\u044c\u043d\u043e\u0441\u0442\u0438 \u044f\u0432\u043b\u044f\u0435\u0442\u0441\u044f \u043e\u0440\u0433\u0430\u043d\u0438\u0437\u0430\u0446\u0438\u044f \u0441\u0432\u0430\u0434\u0435\u0431 \u0437\u0430 \u0433\u0440\u0430\u043d\u0438\u0446\u0435\u0439. \u041f\u0440\u043e\u0432\u0435\u0434\u0435\u043d\u0438\u0435 \u0442\u043e\u0440\u0436\u0435\u0441\u0442\u0432\u0430 \u0432 \u043b\u044e\u0431\u043e\u043c \u0443\u0433\u043e\u043b\u043a\u0435 \u043c\u0438\u0440\u0430 \u0441 \u043a\u0430\u0447\u0435\u0441\u0442\u0432\u0435\u043d\u043d\u044b\u043c \u0441\u0435\u0440\u0432\u0438\u0441\u043e\u043c \u0441\u0442\u0430\u043b\u043e \u0432\u043e\u0437\u043c\u043e\u0436\u043d\u044b\u043c \u0431\u043b\u0430\u0433\u043e\u0434\u0430\u0440\u044f \u0443\u0432\u043b\u0435\u0447\u0435\u043d\u043d\u043e\u0439 \u0438 \u043e\u0434\u0435\u0440\u0436\u0438\u043c\u043e\u0439 \u0438\u0434\u0435\u044f\u043c\u0438 \u043c\u0435\u0436\u0434\u0443\u043d\u0430\u0440\u043e\u0434\u043d\u043e\u0439 \u043a\u043e\u043c\u0430\u043d\u0434\u043e\u0439 \u043f\u0440\u043e\u0444\u0435\u0441\u0441\u0438\u043e\u043d\u0430\u043b\u043e\u0432.</p>\r\n\r\n<div class=\"page-phil__heading\"><span>\u041d\u0430\u0448\u0438 \u043f\u0440\u0438\u043d\u0446\u0438\u043f\u044b </span></div>\r\n\r\n<ul class=\"page-phil__list\">\r\n\t<li class=\"page-phil__i\">\u041b\u044e\u0431\u043e\u0432\u044c &mdash; \u044d\u0442\u043e \u0432\u0435\u043b\u0438\u0447\u0430\u0439\u0448\u0438\u0439 \u0434\u0430\u0440, \u0434\u0430\u043d\u043d\u044b\u0439 \u0447\u0435\u043b\u043e\u0432\u0435\u043a\u0443. \u0412\u0441\u0451, \u0447\u0442\u043e \u0441\u043e\u0437\u0434\u0430\u0451\u0442\u0441\u044f \u0434\u043e\u043b\u0436\u043d\u043e \u043f\u0440\u043e\u0438\u0441\u0445\u043e\u0434\u0438\u0442\u044c \u0438\u0437 \u043b\u044e\u0431\u0432\u0438 \u0438 \u0432\u043e \u0438\u043c\u044f \u043b\u044e\u0431\u0432\u0438.&nbsp;</li>\r\n\t<li class=\"page-phil__i\">\u0421\u0432\u0430\u0434\u044c\u0431\u0430 \u0434\u043b\u044f \u0434\u0432\u043e\u0438\u0445 \u0438\u043b\u0438 \u0441\u043e\u0431\u044b\u0442\u0438\u0435 \u0434\u043b\u044f \u0441\u043e\u0442\u0435\u043d \u0433\u043e\u0441\u0442\u0435\u0439 \u043e\u0434\u0438\u043d\u0430\u043a\u043e\u0432\u043e \u0438\u043d\u0442\u0435\u0440\u0435\u0441\u043d\u044b \u0434\u043b\u044f \u043d\u0430\u0448\u0435\u0433\u043e \u0430\u0433\u0435\u043d\u0441\u0442\u0432\u0430. \u042d\u0442\u043e \u0432\u0441\u0435\u0433\u0434\u0430 \u0432\u043e\u0437\u043c\u043e\u0436\u043d\u043e\u0441\u0442\u044c \u043f\u0440\u0438\u043a\u043e\u0441\u043d\u0443\u0442\u044c\u0441\u044f \u043a \u0432\u0430\u0448\u0435\u043c\u0443 \u0441\u0447\u0430\u0441\u0442\u044c\u044e, \u0441\u0434\u0435\u043b\u0430\u0442\u044c \u0435\u0433\u043e \u0437\u0430\u043c\u0435\u0442\u043d\u0435\u0435 \u0438 \u043f\u0440\u0438\u0434\u0430\u0442\u044c \u0435\u043c\u0443 \u043d\u0443\u0436\u043d\u0443\u044e \u0444\u043e\u0440\u043c\u0443.</li>\r\n\t<li class=\"page-phil__i\">\u041c\u044b \u0443\u0431\u0435\u0436\u0434\u0435\u043d\u044b, \u0447\u0442\u043e \u043b\u044e\u0431\u043e\u0432\u044c \u0441 \u043f\u0435\u0440\u0432\u043e\u0433\u043e \u0432\u0437\u0433\u043b\u044f\u0434\u0430 \u0441\u0443\u0449\u0435\u0441\u0442\u0432\u0443\u0435\u0442. \u041d\u043e \u044d\u0442\u043e \u0434\u0430\u043b\u0435\u043a\u043e \u043d\u0435 \u0435\u0434\u0438\u043d\u0441\u0442\u0432\u0435\u043d\u043d\u0430\u044f \u0435\u0435 \u0444\u043e\u0440\u043c\u0430.</li>\r\n</ul>\r\n\r\n<ul class=\"page-phil__list\">\r\n\t<li class=\"page-phil__i\">\u0412\u043b\u044e\u0431\u0438\u0442\u044c\u0441\u044f, \u0436\u0435\u043d\u0438\u0442\u044c\u0441\u044f, \u043f\u0440\u043e\u0436\u0438\u0442\u044c \u0434\u043e\u043b\u0433\u043e \u0438 \u0441\u0447\u0430\u0441\u0442\u043b\u0438\u0432\u043e, \u0433\u043b\u044f\u0434\u044f \u043d\u0430 \u0434\u043e\u043c \u043f\u043e\u043b\u043d\u044b\u0439 \u0434\u0435\u0442\u0435\u0439 \u0438 \u0432\u043d\u0443\u043a\u043e\u0432 &mdash; \u044d\u0442\u043e \u043f\u0440\u0435\u043a\u0440\u0430\u0441\u043d\u044b\u0439 \u0441\u0446\u0435\u043d\u0430\u0440\u0438\u0439! \u041d\u043e \u0436\u0438\u0437\u043d\u044c \u043a\u0443\u0434\u0430 \u0431\u043e\u043b\u0435\u0435 \u0438\u043d\u0442\u0435\u0440\u0435\u0441\u043d\u0430\u044f \u0438 \u0437\u0430\u0445\u0432\u0430\u0442\u044b\u0432\u0430\u044e\u0449\u0430\u044f... \u041f\u043e\u044d\u0442\u043e\u043c\u0443 \u043c\u044b \u0433\u043e\u0442\u043e\u0432\u044b \u043e\u0440\u0433\u0430\u043d\u0438\u0437\u043e\u0432\u0430\u0442\u044c \u0435\u0449\u0451 \u0438 \u0432\u0430\u0448\u0443 \u0432\u0442\u043e\u0440\u0443\u044e, \u0430 \u0442\u0430\u043a\u0436\u0435 \u0432\u0441\u0435 \u043f\u043e\u0441\u043b\u0435\u0434\u0443\u044e\u0449\u0438\u0435 \u0441\u0432\u0430\u0434\u044c\u0431\u044b. \u0414\u0430, \u0432\u043b\u044e\u0431\u043b\u044f\u0442\u044c\u0441\u044f \u043c\u043e\u0436\u043d\u043e \u0441\u043d\u043e\u0432\u0430 \u0438 \u0441\u043d\u043e\u0432\u0430.</li>\r\n\t<li class=\"page-phil__i\">\u041c\u0438\u0440 \u0443 \u0432\u0430\u0448\u0438\u0445 \u043d\u043e\u0433, \u0441\u0432\u0430\u0434\u044c\u0431\u0443 \u043c\u043e\u0436\u043d\u043e \u043e\u0440\u0433\u0430\u043d\u0438\u0437\u043e\u0432\u0430\u0442\u044c \u0432 \u043b\u044e\u0431\u043e\u0439 \u0442\u043e\u0447\u043a\u0435 \u043c\u0438\u0440\u0430. \u041f\u043e\u0432\u0435\u0440\u044c\u0442\u0435, \u044d\u0442\u043e \u0440\u0435\u0430\u043b\u044c\u043d\u0435\u0435, \u0447\u0435\u043c \u0432\u0430\u043c \u043a\u0430\u0436\u0435\u0442\u0441\u044f.</li>\r\n\t<li class=\"page-phil__i\">\u0414\u0435\u0432\u0438\u0447\u043d\u0438\u043a\u0438, \u043c\u0430\u043b\u044c\u0447\u0438\u0448\u043d\u0438\u043a\u0438, \u0441\u0432\u0430\u0434\u0435\u0431\u043d\u044b\u0435 \u043f\u0443\u0442\u0435\u0448\u0435\u0441\u0442\u0432\u0438\u044f, \u043a\u043e\u043a\u0442\u0435\u0439\u043b\u044c\u043d\u044b\u0435 \u0432\u0435\u0447\u0435\u0440\u0430 \u043f\u043e \u0432\u043e\u0437\u0432\u0440\u0430\u0449\u0435\u043d\u0438\u044e \u0438\u0437 \u043c\u0435\u0434\u043e\u0432\u043e\u0433\u043e \u043c\u0435\u0441\u044f\u0446\u0430 \u043d\u0435 \u043c\u0435\u043d\u0435\u0435 \u0432\u0430\u0436\u043d\u044b. \u041c\u044b \u0433\u043e\u0442\u043e\u0432\u044b \u043f\u0440\u0438\u043d\u044f\u0442\u044c \u0443\u0447\u0430\u0441\u0442\u0438\u0435 \u0432 \u043e\u0440\u0433\u0430\u043d\u0438\u0437\u0430\u0446\u0438\u0438 \u044d\u0442\u0438\u0445 \u0441\u043e\u0431\u044b\u0442\u0438\u0439.</li>\r\n</ul>\r\n\r\n<p>&nbsp;</p>\r\n", "slug": "philosophy", "title": "\u0424\u0438\u043b\u043e\u0441\u043e\u0444\u0438\u044f \u043a\u043e\u043c\u043f\u0430\u043d\u0438\u0438"}}, {"pk": 2, "model": "pages.page", "fields": {"content": "<p>\u041e\u0431\u044a\u0435\u0434\u0438\u043d\u0435\u043d\u043d\u044b\u0435 \u0441\u0442\u0440\u0435\u043c\u043b\u0435\u043d\u0438\u0435\u043c \u043a \u043a\u0440\u0430\u0441\u043e\u0442\u0435 \u0438 \u043f\u0440\u0438\u0437\u043d\u0430\u043d\u0438\u0435\u043c \u043b\u044e\u0431\u0432\u0438 \u043a\u0430\u043a \u0430\u0431\u0441\u043e\u043b\u044e\u0442\u043d\u043e\u0439 \u0446\u0435\u043d\u043d\u043e\u0441\u0442\u0438, \u043c\u044b \u043f\u043e\u0447\u0443\u0432\u0441\u0442\u0432\u043e\u0432\u0430\u043b\u0438 \u0432 \u0441\u0435\u0431\u0435 \u0441\u0438\u043b\u044b \u0441\u0434\u0435\u043b\u0430\u0442\u044c \u043f\u0440\u043e\u0435\u043a\u0442 \u043f\u043e \u0441\u043e\u0437\u0434\u0430\u043d\u0438\u044e \u0441\u043e\u0432\u0440\u0435\u043c\u0435\u043d\u043d\u044b\u0445 \u0441\u0432\u0430\u0434\u0435\u0431. \u041d\u0430\u0441\u0442\u043e\u044f\u0449\u0438\u043c \u0432\u044b\u0437\u043e\u0432\u043e\u043c \u0434\u043b\u044f \u043d\u0430\u0441 \u0441\u0442\u0430\u043b\u0430 \u043d\u0435\u043e\u0431\u0445\u043e\u0434\u0438\u043c\u043e\u0441\u0442\u044c \u0441\u043e\u0432\u043c\u0435\u0441\u0442\u0438\u0442\u044c \u0442\u0435\u0445\u043d\u043e\u043b\u043e\u0433\u0438\u0438 \u0438 \u0432\u043e\u0437\u043c\u043e\u0436\u043d\u043e\u0441\u0442\u0438 \u0431\u0443\u0434\u0443\u0449\u0435\u0433\u043e \u0441 \u0442\u0440\u0430\u0434\u0438\u0446\u0438\u044f\u043c\u0438 \u0438 \u0446\u0435\u043d\u043d\u043e\u0441\u0442\u044f\u043c\u0438 \u0434\u0430\u043b\u0451\u043a\u043e\u0433\u043e \u043f\u0440\u043e\u0448\u043b\u043e\u0433\u043e. \u041c\u044b \u0445\u043e\u0442\u0438\u043c, \u0447\u0442\u043e\u0431\u044b \u0441\u0432\u0430\u0434\u044c\u0431\u0430 \u0438 \u0432\u0441\u0435 \u0441\u043e\u0431\u044b\u0442\u0438\u044f, \u043e\u0442\u043d\u043e\u0441\u044f\u0449\u0438\u0435\u0441\u044f \u043a \u043d\u0435\u0439, \u0441\u0442\u0430\u043b\u0438 \u0443\u043d\u0438\u043a\u0430\u043b\u044c\u043d\u044b\u043c \u0432\u043e\u043f\u043b\u043e\u0449\u0435\u043d\u0438\u0435\u043c \u0438\u043c\u0435\u043d\u043d\u043e \u0432\u0430\u0448\u0435\u0439 \u0438\u0441\u0442\u043e\u0440\u0438\u0438 \u0438 \u0432\u0430\u0448\u0438\u0445 \u0436\u0435\u043b\u0430\u043d\u0438\u0439. \u041e\u0441\u043d\u043e\u0432\u043d\u044b\u043c \u043d\u0430\u043f\u0440\u0430\u0432\u043b\u0435\u043d\u0438\u0435\u043c \u043d\u0430\u0448\u0435\u0439 \u0434\u0435\u044f\u0442\u0435\u043b\u044c\u043d\u043e\u0441\u0442\u0438 \u044f\u0432\u043b\u044f\u0435\u0442\u0441\u044f \u043e\u0440\u0433\u0430\u043d\u0438\u0437\u0430\u0446\u0438\u044f \u0441\u0432\u0430\u0434\u0435\u0431 \u0437\u0430 \u0433\u0440\u0430\u043d\u0438\u0446\u0435\u0439. \u041f\u0440\u043e\u0432\u0435\u0434\u0435\u043d\u0438\u0435 \u0442\u043e\u0440\u0436\u0435\u0441\u0442\u0432\u0430 \u0432 \u043b\u044e\u0431\u043e\u043c \u0443\u0433\u043e\u043b\u043a\u0435 \u043c\u0438\u0440\u0430 \u0441 \u043a\u0430\u0447\u0435\u0441\u0442\u0432\u0435\u043d\u043d\u044b\u043c \u0441\u0435\u0440\u0432\u0438\u0441\u043e\u043c \u0441\u0442\u0430\u043b\u043e \u0432\u043e\u0437\u043c\u043e\u0436\u043d\u044b\u043c \u0431\u043b\u0430\u0433\u043e\u0434\u0430\u0440\u044f \u0443\u0432\u043b\u0435\u0447\u0435\u043d\u043d\u043e\u0439 \u0438 \u043e\u0434\u0435\u0440\u0436\u0438\u043c\u043e\u0439 \u0438\u0434\u0435\u044f\u043c\u0438 \u043c\u0435\u0436\u0434\u0443\u043d\u0430\u0440\u043e\u0434\u043d\u043e\u0439 \u043a\u043e\u043c\u0430\u043d\u0434\u043e\u0439 \u043f\u0440\u043e\u0444\u0435\u0441\u0441\u0438\u043e\u043d\u0430\u043b\u043e\u0432.</p>\r\n", "slug": "filosofiya-kompanii-na-glavnoj", "title": "\u0424\u0438\u043b\u043e\u0441\u043e\u0444\u0438\u044f \u043a\u043e\u043c\u043f\u0430\u043d\u0438\u0438 \u043d\u0430 \u0433\u043b\u0430\u0432\u043d\u043e\u0439"}}, {"pk": 5, "model": "review.review", "fields": {"text": "\u0414\u0435\u0432\u043e\u0447\u043a\u0438, \u0435\u0449\u0435 \u0440\u0430\u0437 \u043e\u0433\u0440\u043e\u043c\u043d\u043e\u0435 \u0441\u043f\u0430\u0441\u0438\u0431\u043e", "place": 17, "name": "\u0410\u043b\u0435\u043a\u0441\u0430\u043d\u0434\u0440\u0430 \u0438 \u0418\u0432\u0430\u043d", "request_date": "2013-11-03T16:22:51", "photo": "uploads/reviews/f6_1.jpg"}}, {"pk": 3, "model": "review.review", "fields": {"text": "\u0421\u0432\u0430\u0434\u044c\u0431\u0430 \u043f\u043e\u043b\u0443\u0447\u0438\u043b\u0430\u0441\u044c \u043d\u0435\u0437\u0430\u0431\u044b\u0432\u0430\u0435\u043c\u043e\u0439! \u041e\u0441\u043e\u0431\u0435\u043d\u043d\u043e \u0442\u0440\u043e\u0433\u0430\u0442\u0435\u043b\u044c\u043d\u043e\u0439 \u0431\u044b\u043b\u0430 \u0440\u0435\u0433\u0438\u0441\u0442\u0440\u0430\u0446\u0438\u044f, \u0433\u0434\u0435 \u043b\u0438\u0447\u043d\u043e \u0443 \u043c\u0435\u043d\u044f \u0441 \u043f\u0435\u0440\u0432\u044b\u0445 \u043c\u0438\u043d\u0443\u0442 \u043e\u0442 \u043f\u0435\u0440\u0435\u043f\u043e\u043b\u043d\u044f\u0435\u043c\u044b\u0445 \u044d\u043c\u043e\u0446\u0438\u0439 \u0437\u0430\u0431\u043b\u0435\u0441\u0442\u0435\u043b\u0438 \u0433\u043b\u0430\u0437\u0430.\r\n\u041d\u043e \u0432\u0441\u0435 \u043f\u043e \u043f\u043e\u0440\u044f\u0434\u043a\u0443... \u0420\u0430\u0431\u043e\u0442\u0430\u0442\u044c \u0441 \u041a\u0430\u0442\u044e\u0448\u0435\u0439 \u0438 \u0412\u0438\u043a\u043e\u0439 \u0432\u043e \u0432\u0440\u0435\u043c\u044f \u043f\u043e\u0434\u0433\u043e\u0442\u043e\u0432\u043a\u0438 \u0441\u0432\u0430\u0434\u044c\u0431\u044b \u0431\u044b\u043b\u043e \u043e\u0434\u043d\u043e \u0443\u0434\u043e\u0432\u043e\u043b\u044c\u0441\u0442\u0432\u0438\u0435. \u0414\u0435\u0432\u043e\u0447\u043a\u0438 \u0432\u0441\u0435\u0433\u0434\u0430 \u0431\u044b\u043b\u0438 \u0445\u043e\u0440\u043e\u0448\u043e \u043f\u043e\u0434\u0433\u043e\u0442\u043e\u0432\u043b\u0435\u043d\u044b \u0438 \u043a\u0430\u0437\u0430\u043b\u043e\u0441\u044c, \u0437\u0430\u043d\u0438\u043c\u0430\u044e\u0442\u0441\u044f \u044d\u0442\u0438\u043c \u0432\u0441\u044e \u0436\u0438\u0437\u043d\u044c. \u0421 \u043d\u0430\u0447\u0430\u043b\u0430 \u043c\u044b \u0434\u0443\u043c\u0430\u043b\u0438 \u0441\u0434\u0435\u043b\u0430\u0442\u044c \u0440\u0435\u0433\u0438\u0441\u0442\u0440\u0430\u0446\u0438\u044e \u0432 \u0418\u0442\u0430\u043b\u0438\u0438 \u0438\u043b\u0438 \u0413\u0440\u0435\u0446\u0438\u0438, \u043f\u043e\u0442\u043e\u043c \u0432 \u041b\u0430\u0441-\u0412\u0435\u0433\u0430\u0441\u0435... \u0438 \u043a\u0430\u0436\u0434\u044b\u0439 \u0440\u0430\u0437 \u043e\u043d\u0438 \u043d\u0430\u0445\u043e\u0434\u0438\u043b\u0438 \u0434\u043b\u044f \u043d\u0430\u0441 \u043a\u0443\u0447\u0443 \u0432\u0430\u0440\u0438\u0430\u043d\u0442\u043e\u0432 \u0438 \u043a\u043e\u043e\u0440\u0434\u0438\u043d\u0430\u0442\u043e\u0440\u043e\u0432 \u043d\u0430 \u043c\u0435\u0441\u0442\u0430\u0445. \u0412 \u043e\u0431\u0449\u0435\u043c \u043e\u0442\u0432\u0435\u0442\u0441\u0442\u0432\u0435\u043d\u043d\u043e\u0441\u0442\u0438 \u0438 \u043f\u0440\u043e\u0444\u0435\u0441\u0441\u0438\u043e\u043d\u0430\u043b\u0438\u0437\u043c\u0430 \u0438\u043c \u043d\u0435 \u0437\u0430\u043d\u0438\u043c\u0430\u0442\u044c! \r\n\u0427\u0442\u043e \u043a\u0430\u0441\u0430\u0435\u0442\u0441\u044f \u0442\u043e\u0433\u043e \u0441\u0430\u043c\u043e\u0433\u043e \u0434\u043e\u043b\u0433\u043e\u0436\u0434\u0430\u043d\u043d\u043e\u0433\u043e \u0434\u043d\u044f, \u0442\u043e \u043e\u0447\u0435\u043d\u044c \u043f\u043e\u043d\u0440\u0430\u0432\u0438\u043b\u0438\u0441\u044c \u043a\u043e\u043c\u0430\u043d\u0434\u0430, \u0434\u0435\u043b\u0430\u044e\u0449\u0430\u044f \u043c\u0435\u0439\u043a, \u0432\u043e\u043b\u043e\u0441\u044b \u0438 \u0444\u043e\u0442\u043a\u0438. \u0420\u0435\u0431\u044f\u0442\u0430 \u043e\u0447\u0435\u043d\u044c \u043f\u043e\u0437\u0438\u0442\u0438\u0432\u043d\u044b\u0435 \u0438 \u044f \u043e\u0441\u0442\u0430\u043b\u043e\u0441\u044c \u043c\u0430\u043a\u0441\u0438\u043c\u0430\u043b\u044c\u043d\u043e \u0434\u043e\u0432\u043e\u043b\u044c\u043d\u0430 \u0440\u0435\u0437\u0443\u043b\u044c\u0442\u0430\u0442\u043e\u043c. \u0424\u043e\u0442\u043a\u0438 \u043c\u043e\u0436\u0435\u0442\u0435 \u043e\u0446\u0435\u043d\u0438\u0442\u044c \u0441\u0430\u043c\u0438, \u0442\u043e\u043b\u044c\u043a\u043e \u043e\u0442\u043c\u0435\u0447\u0443, \u0447\u0442\u043e \u043e\u043d\u0438 \u0434\u0435\u043b\u0430\u043b\u0438\u0441\u044c \u0441 \u0442\u0440\u0435\u0445 \u043a\u0430\u043c\u0435\u0440.\r\n\u0412 \u043e\u0431\u0449\u0435\u043c \u0435\u0441\u043b\u0438 \u0432\u044b \u0445\u043e\u0442\u0438\u0442\u0435 \u0441\u0434\u0435\u043b\u0430\u0442\u044c \u0438\u043c\u0435\u043d\u043d\u043e \u043d\u0435\u0437\u0430\u0431\u044b\u0432\u0430\u0435\u043c\u044b\u0439 \u043f\u0440\u0430\u0437\u0434\u043d\u0438\u043a, \u043d\u0435\u0432\u0430\u0436\u043d\u043e \u0441\u0432\u0430\u0434\u044c\u0431\u0430 \u044d\u0442\u043e \u0438\u043b\u0438 \u044e\u0431\u0438\u043b\u0435\u0439, \u0442\u043e \u0434\u0435\u0432\u043e\u0447\u043a\u0438 \u0438\u0437 Heart 2 Heart \u043c\u043e\u0433\u0443\u0442 \u0432\u043e\u043f\u043b\u043e\u0442\u0438\u0442\u044c \u043b\u044e\u0431\u044b\u0435 \u0432\u0430\u0448\u0438 \u043c\u0435\u0447\u0442\u044b!!!\r\n", "place": 15, "name": "\u041a\u0441\u0435\u043d\u0438\u044f \u0438 \u0410\u043b\u0435\u043a\u0441\u0430\u043d\u0434\u0440", "request_date": "2013-10-31T09:17:39", "photo": "uploads/reviews/IMG_9639.JPG"}}, {"pk": 1, "model": "slideshow.slider", "fields": {"image": "uploads/slider/banner1_1.jpg", "sort_parameter": 1}}, {"pk": 2, "model": "slideshow.slider", "fields": {"image": "uploads/slider/banner2_1.jpg", "sort_parameter": 2}}, {"pk": 1, "model": "team.team", "fields": {"name": "\u0415\u043a\u0430\u0442\u0435\u0440\u0438\u043d\u0430 \u0426\u0435\u043f\u043b\u044f\u0435\u0432\u0430", "quote": "\u0418\u0434\u0435\u044f \u0437\u0430\u043d\u0438\u043c\u0430\u0442\u044c\u0441\u044f \u0441\u0432\u0430\u0434\u044c\u0431\u0430\u043c\u0438 \u043f\u0440\u0438\u0448\u043b\u0430 \u0441\u043e\u0432\u0441\u0435\u043c \u043d\u0435\u043e\u0436\u0438\u0434\u0430\u043d\u043d\u043e.  \u042f \u0433\u0443\u043b\u044f\u043b\u0430 \u043f\u043e \u041f\u0440\u0430\u0433\u0435 \u0438  \u0443\u0432\u0438\u0434\u0435\u043b\u0430, \u043a\u0430\u043a \u043d\u0435\u0432\u0435\u0441\u0442\u0430 \u043a\u0438\u0434\u0430\u0435\u0442 \u0431\u0443\u043a\u0435\u0442 \u0432 \u0433\u0438\u0433\u0430\u043d\u0442\u0441\u043a\u0443\u044e \u0442\u043e\u043b\u043f\u0443 \u0442\u0443\u0440\u0438\u0441\u0442\u043e\u0432 \u043d\u0430 \u0421\u0442\u0430\u0440\u043e\u043c\u0435\u0441\u0442\u043a\u043e\u0439 \u043f\u043b\u043e\u0449\u0430\u0434\u0438. \u041d\u0435\u0432\u0435\u0440\u043e\u044f\u0442\u043d\u043e, \u043d\u043e \u0432\u0441\u0435 \u0434\u0435\u0432\u0443\u0448\u043a\u0438, \u0430 \u0438\u0445 \u0431\u044b\u043b\u043e \u0431\u043e\u043b\u044c\u0448\u0435 \u043f\u044f\u0442\u0438\u0434\u0435\u0441\u044f\u0442\u0438, \u043d\u0430\u0447\u0430\u043b\u0438 \u043f\u0440\u043e\u0442\u044f\u0433\u0438\u0432\u0430\u0442\u044c \u0440\u0443\u043a\u0438 \u0437\u0430 \u0431\u0443\u043a\u0435\u0442\u043e\u043c. \u041f\u043e\u0447\u0435\u043c\u0443 \u0431\u044b \u043d\u0435 \u0441\u0434\u0435\u043b\u0430\u0442\u044c \u0434\u0435\u043d\u044c \u0441\u0432\u0430\u0434\u044c\u0431\u044b \u043d\u0435\u043e\u0431\u044b\u0447\u043d\u044b\u043c \u0434\u043b\u044f \u0432\u0441\u0435\u0445 \u043a\u0440\u0430\u0441\u0430\u0432\u0438\u0446 \u0420\u043e\u0441\u0441\u0438\u0438? \u0422\u0430\u043a \u0440\u043e\u0434\u0438\u043b\u0441\u044f \u043f\u0440\u043e\u0435\u043a\u0442 Heart2Heart", "image": "uploads/team/T8Qdh2yhyKM.jpg", "text": "\u0420\u0430\u0431\u043e\u0442\u0430 \u0432 \u0440\u0435\u043a\u043b\u0430\u043c\u0435 \u043f\u043e\u043c\u043e\u0433\u043b\u0430 \u043f\u043e\u0447\u0443\u0432\u0441\u0442\u0432\u043e\u0432\u0430\u0442\u044c \u043d\u0430\u0441\u0442\u043e\u044f\u0449\u0443\u044e \u0441\u0442\u0440\u0430\u0441\u0442\u044c \u043a \u043e\u0440\u0433\u0430\u043d\u0438\u0437\u0430\u0446\u0438\u0438 \u043c\u0435\u0440\u043e\u043f\u0440\u0438\u044f\u0442\u0438\u0439.  \u041f\u0443\u0442\u044c \u043e\u0442 \u0438\u0434\u0435\u0438 \u0434\u043e \u0432\u043e\u043f\u043b\u043e\u0449\u0435\u043d\u0438\u044f \u0432 \u043a\u0430\u0436\u0434\u043e\u0439 \u0434\u0435\u0442\u0430\u043b\u0438 \u0441\u043e\u0431\u044b\u0442\u0438\u044f \u0437\u0430\u0432\u043e\u0440\u0430\u0436\u0438\u0432\u0430\u0435\u0442 \u041a\u0430\u0442\u0435\u0440\u0438\u043d\u0443 \u0443\u0436\u0435 \u043d\u0435\u0441\u043a\u043e\u043b\u044c\u043a\u043e \u043b\u0435\u0442. \u041b\u044e\u0431\u043e\u0432\u044c \u043a \u043f\u0443\u0442\u0435\u0448\u0435\u0441\u0442\u0432\u0438\u044f\u043c, \u0437\u043d\u0430\u043a\u043e\u043c\u0441\u0442\u0432\u0443 \u0441 \u043d\u043e\u0432\u044b\u043c\u0438 \u0442\u0440\u0430\u0434\u0438\u0446\u0438\u044f\u043c\u0438, \u043d\u0440\u0430\u0432\u0430\u043c\u0438 \u0438 \u0437\u043d\u0430\u043d\u0438\u044f \u043d\u0435\u0441\u043a\u043e\u043b\u044c\u043a\u0438\u0445 \u0438\u043d\u043e\u0441\u0442\u0440\u0430\u043d\u043d\u044b\u0445 \u044f\u0437\u044b\u043a\u043e\u0432 \u043f\u043e\u0437\u0432\u043e\u043b\u0438\u043b\u0438 \u0441\u0442\u0430\u0442\u044c \u043c\u0435\u0436\u0434\u0443\u043d\u0430\u0440\u043e\u0434\u043d\u044b\u043c \u0441\u043f\u0435\u0446\u0438\u0430\u043b\u0438\u0441\u0442\u043e\u043c. \u0421\u043e\u0437\u0434\u0430\u0432\u0430\u044f start up \u043f\u0440\u043e\u0435\u043a\u0442\u044b \u0437\u0430 \u0440\u0443\u0431\u0435\u0436\u043e\u043c, \u043e\u043d\u0430 \u043f\u043e\u0437\u043d\u0430\u043a\u043e\u043c\u0438\u043b\u0430\u0441\u044c \u0441 \u043c\u043d\u043e\u0433\u0438\u043c\u0438 \u0444\u043e\u0442\u043e\u0433\u0440\u0430\u0444\u0430\u043c\u0438, \u0441\u0442\u0438\u043b\u0438\u0441\u0442\u0430\u043c\u0438, \u0440\u0435\u0441\u0442\u043e\u0440\u0430\u0442\u043e\u0440\u0430\u043c\u0438... \u042d\u0442\u0438 \u043b\u044e\u0434\u0438, \u0441\u043e\u0437\u0434\u0430\u044e\u0449\u0438\u0435 \u0432\u043f\u0435\u0447\u0430\u0442\u043b\u0435\u043d\u0438\u044f \u0438 \u0432\u0434\u043e\u0445\u043d\u043e\u0432\u0438\u043b\u0438 \u043d\u0430 \u0433\u043b\u043e\u0431\u0430\u043b\u044c\u043d\u044b\u0439 \u0438 \u043a\u0440\u0430\u0441\u0438\u0432\u044b\u0439 \u043f\u0440\u043e\u0435\u043a\u0442", "position": "\u0418\u0441\u043f\u043e\u043b\u043d\u0438\u0442\u0435\u043b\u044c\u043d\u044b\u0439 \u0434\u0438\u0440\u0435\u043a\u0442\u043e\u0440, \u0443\u043f\u0440\u0430\u0432\u043b\u044f\u044e\u0449\u0438\u0439 \u043f\u0430\u0440\u0442\u043d\u0435\u0440", "sort_parameter": 1}}, {"pk": 2, "model": "team.team", "fields": {"name": "\u0414\u0430\u0440\u044c\u044f \u041c\u043e\u0433\u0438\u043b\u044c\u043d\u0438\u043a\u043e\u0432\u0430", "quote": "\u0427\u0442\u043e \u043c\u043e\u0436\u0435\u0442 \u0431\u044b\u0442\u044c \u043b\u0443\u0447\u0448\u0435, \u0447\u0435\u043c \u0434\u0435\u043b\u0438\u0442\u044c \u0441\u0430\u043c\u044b\u0435 \u0441\u0447\u0430\u0441\u0442\u043b\u0438\u0432\u044b\u0435 \u043c\u0433\u043d\u043e\u0432\u0435\u043d\u0438\u044f \u0436\u0438\u0437\u043d\u0438 \u043b\u044e\u0434\u0435\u0439, \u0434\u0430\u0436\u0435 \u0435\u0441\u043b\u0438 \u0432\u044b \u0435\u0434\u0432\u0430 \u0438\u0445 \u0437\u043d\u0430\u0435\u0442\u0435? \u042d\u0442\u043e \u043f\u0440\u043e\u0435\u043a\u0442, \u043d\u0430\u043f\u043e\u043b\u043d\u0435\u043d\u043d\u044b\u0439 \u043b\u044e\u0431\u043e\u0432\u044c\u044e, \u0441\u0432\u0435\u0442\u043e\u043c, \u043e\u043d \u0441\u043e\u0437\u0434\u0430\u043d \u0434\u043b\u044f \u0432\u043e\u043f\u043b\u043e\u0449\u0435\u043d\u0438\u044f \u043c\u0435\u0447\u0442\u044b, \u0434\u043b\u044f \u0442\u043e\u0440\u0436\u0435\u0441\u0442\u0432\u0430 \u0432\u043e\u0437\u043c\u043e\u0436\u043d\u043e\u0441\u0442\u0435\u0439... \u0414\u043b\u044f \u043c\u0435\u043d\u044f \u0438\u0434\u0435\u0430\u043b\u044c\u043d\u0430\u044f \u0441\u0432\u0430\u0434\u044c\u0431\u0430 \u2014 \u044d\u0442\u043e \u043f\u0440\u0438\u043a\u043b\u044e\u0447\u0435\u043d\u0438\u0435 \u0434\u043b\u044f \u0434\u0432\u043e\u0438\u0445 \u0432 \u0437\u0438\u043c\u043d\u0435\u0439 \u0418\u0441\u043b\u0430\u043d\u0434\u0438\u0438. \u0412\u0440\u044f\u0434 \u043b\u0438 \u043c\u043d\u0435 \u043f\u0440\u0438\u0448\u043b\u0430 \u044d\u0442\u0430 \u0438\u0434\u0435\u044f \u0431\u0435\u0437 Heart 2 Heart! ", "image": "uploads/team/111_1.JPG", "text": "\u041c\u0430\u0440\u043a\u0435\u0442\u0438\u043d\u0433, \u0431\u0440\u0435\u043d\u0434\u0438\u043d\u0433, PR, digital, \u043f\u0440\u0435\u043f\u043e\u0434\u0430\u0432\u0430\u0442\u0435\u043b\u044c\u0441\u043a\u0430\u044f \u0434\u0435\u044f\u0442\u0435\u043b\u044c\u043d\u043e\u0441\u0442\u044c, \u0436\u0443\u0440\u043d\u0430\u043b\u0438\u0441\u0442\u0438\u043a\u0430, \u0441\u043e\u0437\u0434\u0430\u043d\u0438\u0435 \u043f\u0440\u043e\u0435\u043a\u0442\u043e\u0432, \u0443\u0447\u0430\u0441\u0442\u0438\u0435 \u0432 \u043a\u0430\u0447\u0435\u0441\u0442\u0432\u0435 \u043f\u0430\u0440\u0442\u043d\u0451\u0440\u0430 \u0432 \u043d\u0435\u0441\u043a\u043e\u043b\u044c\u043a\u0438\u0445 \u0431\u0438\u0437\u043d\u0435\u0441-\u043f\u0440\u043e\u0435\u043a\u0442\u0430\u0445 \u2014 \u043d\u0435 \u043f\u043e\u043b\u043d\u044b\u0439 \u0441\u043f\u0438\u0441\u043e\u043a \u0442\u043e\u0433\u043e, \u0447\u0442\u043e \u0434\u0435\u043b\u0430\u0435\u0442 \u0414\u0430\u0440\u044c\u044f \u043f\u043e\u0441\u043b\u0435\u0434\u043d\u0438\u0435 \u043d\u0435\u0441\u043a\u043e\u043b\u044c\u043a\u043e \u043b\u0435\u0442. \u041e\u0441\u043e\u0431\u043e\u0435 \u043c\u0435\u0441\u0442\u043e \u043c\u0435\u0441\u0442\u043e \u0432 \u0435\u0451 \u0436\u0438\u0437\u043d\u0438 \u0437\u0430\u043d\u0438\u043c\u0430\u0435\u0442 \u0441\u0442\u0440\u0430\u0442\u0435\u0433\u0438\u044f \u0438 \u043b\u044e\u0431\u043e\u0432\u044c \u043a \u0431\u0440\u0435\u043d\u0434-\u043c\u0430\u0440\u043a\u0435\u0442\u0438\u043d\u0433\u0443. \u0421\u0432\u0430\u0434\u044c\u0431\u044b \u043d\u0438\u043a\u043e\u0433\u0434\u0430 \u043e\u0441\u043e\u0431\u0435\u043d\u043d\u043e \u043d\u0435 \u0438\u043d\u0442\u0435\u0440\u0435\u0441\u043e\u0432\u0430\u043b\u0438 \u0432 \u0438\u0445 \u043e\u0431\u044b\u043a\u043d\u043e\u0432\u0435\u043d\u043d\u043e\u043c \u0432\u043e\u043f\u043b\u043e\u0449\u0435\u043d\u0438\u0438, \u043d\u043e \u043a\u043e\u0433\u0434\u0430 \u0412\u0438\u043a\u0442\u043e\u0440\u0438\u044f \u0438 \u041a\u0430\u0442\u0435\u0440\u0438\u043d\u0430 \u0440\u0430\u0441\u0441\u043a\u0430\u0437\u0430\u043b\u0438 \u043e \u0441\u0432\u043e\u0435\u0439 \u0438\u0434\u0435\u0438, \u0414\u0430\u0440\u044c\u044f \u043d\u0435\u0437\u0430\u043c\u0435\u0434\u043b\u0438\u0442\u0435\u043b\u044c\u043d\u043e \u043f\u0440\u0435\u0434\u043b\u043e\u0436\u0438\u043b\u0430 \u043f\u0430\u0440\u0442\u043d\u0451\u0440\u0441\u0442\u0432\u043e.  ", "position": "PR-\u0434\u0438\u0440\u0435\u043a\u0442\u043e\u0440, \u0443\u043f\u0440\u0430\u0432\u043b\u044f\u044e\u0449\u0438\u0439 \u043f\u0430\u0440\u0442\u043d\u0435\u0440", "sort_parameter": 2}}, {"pk": 3, "model": "team.team", "fields": {"name": "\u0412\u0438\u043a\u0442\u043e\u0440\u0438\u044f \u042e\u0448\u043a\u043e\u0432\u0430", "quote": "\u041a\u0430\u043a-\u0442\u043e \u0440\u0430\u0437 \u043d\u0430 \u041a\u0438\u043f\u0440\u0435, \u044f \u043d\u0430\u0431\u043b\u044e\u0434\u0430\u043b\u0430 \u0437\u0430 \u043c\u043e\u043b\u043e\u0434\u043e\u0436\u0435\u043d\u0430\u043c\u0438 \u043d\u0430 \u0431\u0435\u0440\u0435\u0433\u0443 \u0421\u0440\u0435\u0434\u0438\u0437\u0435\u043c\u043d\u043e\u0433\u043e \u043c\u043e\u0440\u044f. \u0422\u0430\u043a\u0438\u0435 \u0432\u043b\u044e\u0431\u043b\u0435\u043d\u043d\u044b\u0435 \u0438 \u0441\u0447\u0430\u0441\u0442\u043b\u0438\u0432\u044b\u0435, \u0448\u0430\u0433\u0430\u044e\u0449\u0438\u0435 \u043f\u043e \u043f\u0435\u0441\u043a\u0443\u2026 \u041f\u043e \u0442\u043e\u043c\u0443, \u043f\u043e \u043a\u043e\u0442\u043e\u0440\u043e\u043c\u0443 \u0445\u043e\u0434\u0438\u043b\u0430 \u043a\u043e\u0433\u0434\u0430-\u0442\u043e \u0410\u0444\u0440\u043e\u0434\u0438\u0442\u0430\u2026\u0441\u0430\u043c\u0430 \u0431\u043e\u0433\u0438\u043d\u044f \u043b\u044e\u0431\u0432\u0438. \u0422\u0430\u043a \u0438 \u0432\u043e\u0437\u043d\u0438\u043a\u043b\u0430 \u0438\u0434\u0435\u044f \u0441\u0432\u0430\u0434\u0435\u0431 \u0437\u0430 \u0433\u0440\u0430\u043d\u0438\u0446\u0435\u0439, \u0442\u0430\u043a \u043f\u043e\u044f\u0432\u0438\u043b\u043e\u0441\u044c Heart 2 Heart", "image": "uploads/team/4qwLK1jSq5E_2.jpg", "text": "\u041a\u043e\u0433\u0434\u0430 \u0412\u0438\u043a\u0442\u043e\u0440\u0438\u044f \u0431\u044b\u043b\u0430 \u043c\u0430\u043b\u0435\u043d\u044c\u043a\u043e\u0439 \u0434\u0435\u0432\u043e\u0447\u043a\u043e\u0439, \u043e\u043d\u0430 \u043f\u0440\u0435\u0434\u0441\u0442\u0430\u0432\u043b\u044f\u043b\u0430, \u043a\u0430\u043a \u0432\u044b\u0440\u0430\u0441\u0442\u0435\u0442 \u0438 \u0432\u044b\u0439\u0434\u0435\u0442 \u0437\u0430\u043c\u0443\u0436. \u0422\u0430\u043a \u0434\u0435\u043b\u0430\u044e\u0442 \u043f\u043e\u0447\u0442\u0438 \u0432\u0441\u0435 \u0434\u0435\u0432\u043e\u0447\u043a\u0438: \u043e\u043d\u0438 \u0444\u0430\u043d\u0442\u0430\u0437\u0438\u0440\u0443\u044e\u0442, \u0432\u043e\u043e\u0431\u0440\u0430\u0436\u0430\u044e\u0442, \u043f\u0440\u0438\u0434\u0443\u043c\u044b\u0432\u0430\u044e\u0442... \u041d\u0435\u0432\u0435\u0441\u0442\u0430 \u0442\u0430\u043a \u043f\u043e\u0445\u043e\u0436\u0430 \u043d\u0430 \u043f\u0440\u0438\u043d\u0446\u0435\u0441\u0441\u0443, \u043a\u043e\u0440\u043e\u043b\u0435\u0432\u0443, \u0430 \u0441\u0432\u0430\u0434\u044c\u0431\u0430 \u2014 \u044d\u0442\u043e \u043a\u0430\u043a\u043e\u0435-\u0442\u043e \u0432\u043e\u043b\u0448\u0435\u0431\u0441\u0442\u0432\u043e, \u043c\u0430\u0433\u0438\u044f. \u0423\u0436\u0435 \u0431\u043e\u043b\u0435\u0435 7 \u043b\u0435\u0442 \u043d\u0430\u0448 \u0430\u0440\u0442-\u0434\u0438\u0440\u0435\u043a\u0442\u043e\u0440 \u0437\u0430\u043d\u0438\u043c\u0430\u0435\u0442\u0441\u044f \u043e\u0440\u0433\u0430\u043d\u0438\u0437\u0430\u0446\u0438\u0435\u0439 \u043c\u0435\u0440\u043e\u043f\u0440\u0438\u044f\u0442\u0438\u0439 \u0441\u0430\u043c\u043e\u0433\u043e \u0440\u0430\u0437\u043d\u043e\u0433\u043e \u0444\u043e\u0440\u043c\u0430\u0442\u0430, \u043d\u043e \u0441\u0430\u043c\u044b\u0435 \u043b\u044e\u0431\u0438\u043c\u044b\u0435, \u043a\u043e\u043d\u0435\u0447\u043d\u043e, \u0441\u0432\u0430\u0434\u044c\u0431\u044b! \u041e\u043d\u0430 \u0441 \u0440\u0430\u0434\u043e\u0441\u0442\u044c\u044e \u0434\u0435\u043b\u0438\u0442\u0441\u044f \u0441 \u043d\u0435\u0432\u0435\u0441\u0442\u0430\u043c\u0438 \u0441\u0430\u043c\u044b\u043c\u0438 \u0441\u0432\u0435\u0436\u0438\u043c\u0438 \u0442\u0435\u043d\u0434\u0435\u043d\u0446\u0438\u044f\u043c\u0438 \u0441\u0432\u0430\u0434\u0435\u0431\u043d\u043e\u0439 \u043c\u043e\u0434\u044b, \u0441\u0432\u043e\u0438\u043c \u0441\u043c\u0435\u043b\u044b\u043c\u0438 \u0438\u0434\u0435\u044f\u043c\u0438 \u0438 \u0440\u0435\u0448\u0435\u043d\u0438\u044f\u043c\u0438. \u041a\u0430\u0436\u0435\u0442\u0441\u044f, \u0412\u0438\u043a\u0442\u043e\u0440\u0438\u044f \u043e\u0447\u0435\u043d\u044c \u0441\u0447\u0430\u0441\u0442\u043b\u0438\u0432\u0430, \u0432\u0435\u0434\u044c \u043e\u043d\u0430 \u043f\u043e\u043c\u043e\u0433\u0430\u0435\u0442 \u0440\u0435\u0430\u043b\u0438\u0437\u043e\u0432\u0430\u0442\u044c \u0442\u0435 \u0441\u0430\u043c\u044b\u0435 \u0437\u0430\u0432\u0435\u0442\u043d\u044b\u0435 \u043c\u0435\u0447\u0442\u044b \u043d\u0430\u0448\u0438\u0445 \u043a\u043b\u0438\u0435\u043d\u0442\u043e\u043a. \u0410 \u0432\u0435\u0434\u044c \u0443 \u043a\u0430\u0436\u0434\u043e\u0439 \u043d\u0435\u0432\u0435\u0441\u0442\u044b \u0441\u0432\u043e\u044f \u0441\u043a\u0430\u0437\u043a\u0430: \u0443 \u043e\u0434\u043d\u043e\u0439 \u0440\u043e\u043c\u0430\u043d\u0442\u0438\u0447\u0435\u0441\u043a\u0430\u044f, \u0443 \u0434\u0440\u0443\u0433\u043e\u0439 \u0441\u0443\u043c\u0430\u0441\u0448\u0435\u0434\u0448\u0430\u044f \u0438 \u0434\u0430\u0436\u0435 \u043e\u043f\u0430\u0441\u043d\u0430\u044f, \u0430 \u0443 \u0442\u0440\u0435\u0442\u044c\u0435\u0439 \u044d\u0442\u043e \u043a\u0430\u0434\u0440\u044b \u0435\u0451 \u043a\u0438\u043d\u043e\u043b\u0435\u043d\u0442\u044b.", "position": "\u041a\u0440\u0435\u0430\u0442\u0438\u0432\u043d\u044b\u0439 \u0434\u0438\u0440\u0435\u043a\u0442\u043e\u0440, \u0443\u043f\u0440\u0430\u0432\u043b\u044f\u044e\u0449\u0438\u0439 \u043f\u0430\u0440\u0442\u043d\u0435\u0440", "sort_parameter": 3}}, {"pk": 5, "model": "wedding.country", "fields": {"map": "uploads/wedding/country/EU-Austria_1.jpg", "title": "\u0410\u0432\u0441\u0442\u0440\u0438\u044f", "text": "<p>\u0420\u043e\u0434\u0438\u043d\u0430 \u0411\u0430\u0445\u0430, \u041c\u043e\u0446\u0430\u0440\u0442\u0430, \u0413\u0430\u0439\u0434\u043d\u0430, \u043c\u0435\u043a\u043a\u0430 \u043b\u044e\u0431\u0438\u0442\u0435\u043b\u0435\u0439 \u0433\u043e\u0440\u043d\u043e\u043b\u044b\u0436\u043d\u043e\u0433\u043e \u0441\u043f\u043e\u0440\u0442\u0430, \u0441\u0442\u0440\u0430\u043d\u0430, \u043f\u043e\u0434\u0430\u0440\u0438\u0432\u0448\u0430\u044f \u043c\u0438\u0440\u0443 \u0437\u043d\u0430\u043c\u0435\u043d\u0438\u0442\u044b\u0439 \u0412\u0435\u043d\u0441\u043a\u0438\u0439 \u0432\u0430\u043b\u044c\u0441, \u0433\u043e\u0441\u0443\u0434\u0430\u0440\u0441\u0442\u0432\u043e \u0441 \u0431\u043e\u0433\u0430\u0442\u0435\u0439\u0448\u0438\u043c \u0438\u0441\u0442\u043e\u0440\u0438\u043a\u043e-\u043a\u0443\u043b\u044c\u0442\u0443\u0440\u043d\u044b\u043c \u043d\u0430\u0441\u043b\u0435\u0434\u0438\u0435\u043c &ndash; \u044d\u0442\u043e \u0432\u0441\u0435 \u0410\u0432\u0441\u0442\u0440\u0438\u044f. \u0412 \u0410\u0432\u0441\u0442\u0440\u0438\u0438 \u0435\u0441\u0442\u044c, \u043d\u0430 \u0447\u0442\u043e \u043f\u043e\u0441\u043c\u043e\u0442\u0440\u0435\u0442\u044c \u0438 \u0442\u0435\u043c, \u043a\u0442\u043e \u043b\u044e\u0431\u0438\u0442 \u043b\u044e\u0431\u043e\u0432\u0430\u0442\u044c\u0441\u044f \u043f\u0430\u043c\u044f\u0442\u043d\u0438\u043a\u0430\u043c\u0438 \u0430\u0440\u0445\u0438\u0442\u0435\u043a\u0442\u0443\u0440\u044b, \u0438 \u0442\u0435\u043c, \u0447\u044c\u0435 \u0441\u0435\u0440\u0434\u0446\u0435 \u0431\u0435\u0441\u043a\u043e\u043d\u0435\u0447\u043d\u043e \u0432\u043b\u044e\u0431\u043b\u0435\u043d\u043e \u0432 \u0443\u043c\u0438\u0440\u043e\u0442\u0432\u043e\u0440\u044f\u044e\u0449\u0438\u0435 \u043f\u0440\u0438\u0440\u043e\u0434\u043d\u044b\u0435 \u043f\u0435\u0439\u0437\u0430\u0436\u0438. \u0412\u0435\u043d\u0441\u043a\u0438\u0439 \u043b\u0435\u0441, \u0411\u043e\u0434\u0435\u043d\u0441\u043a\u043e\u0435 \u043e\u0437\u0435\u0440\u043e, \u043d\u0430\u0446\u0438\u043e\u043d\u0430\u043b\u044c\u043d\u044b\u0439 \u043f\u0430\u0440\u043a \u041d\u043e\u0439\u0437\u0438\u0434\u043b\u0435\u0440, \u0433\u043e\u0440\u043e\u0434\u0430 \u0441 \u043c\u043d\u043e\u0433\u043e\u0447\u0438\u0441\u043b\u0435\u043d\u043d\u044b\u043c\u0438 \u043c\u0443\u0437\u0435\u044f\u043c\u0438 \u0438 \u0440\u043e\u0441\u043a\u043e\u0448\u043d\u044b\u043c\u0438 \u0434\u0432\u043e\u0440\u0446\u0430\u043c\u0438, \u043d\u0430 \u043a\u043e\u0442\u043e\u0440\u044b\u0445 \u043b\u0435\u0436\u0438\u0442 \u043d\u0435\u0437\u044b\u0431\u043b\u0435\u043c\u044b\u0439 \u0441\u043b\u0435\u0434 \u043f\u0440\u043e\u0448\u0435\u0434\u0448\u0438\u0445 \u044d\u043f\u043e\u0445, - \u0432\u0441\u0435 \u044d\u0442\u043e \u0441\u0442\u043e\u0438\u0442 \u0443\u0432\u0438\u0434\u0435\u0442\u044c \u0445\u043e\u0442\u044f \u0431\u044b \u043e\u0434\u043d\u0430\u0436\u0434\u044b!</p>\r\n", "image": "uploads/wedding/country/shutterstock_88217947_1.jpg", "wt_1": true, "wt_2": false, "wt_3": false, "slug": "avstriya"}}, {"pk": 8, "model": "wedding.country", "fields": {"map": "uploads/wedding/country/country-map.jpg", "title": "\u0411\u0430\u043b\u0438", "text": "", "image": "uploads/wedding/country/shutterstock_123571912_1.jpg", "wt_1": false, "wt_2": true, "wt_3": false, "slug": "bali"}}, {"pk": 3, "model": "wedding.country", "fields": {"map": "uploads/wedding/country/EU-Greece_1.jpg", "title": "\u0413\u0440\u0435\u0446\u0438\u044f", "text": "<p>&ldquo;\u042d\u043b\u043b\u0430\u0434\u0430&rdquo; &ndash; \u0438\u043c\u0435\u043d\u043d\u043e \u044d\u0442\u043e \u043d\u0430\u0437\u0432\u0430\u043d\u0438\u0435 \u043d\u043e\u0441\u0438\u043b\u0430 \u0413\u0440\u0435\u0446\u0438\u044f, \u043f\u043e \u043f\u0440\u0430\u0432\u0443 \u0441\u0447\u0438\u0442\u0430\u0435\u0442\u0441\u044f \u043a\u043e\u043b\u044b\u0431\u0435\u043b\u044c\u044e \u0437\u0430\u043f\u0430\u0434\u043d\u043e\u0439 \u0446\u0438\u0432\u0438\u043b\u0438\u0437\u0430\u0446\u0438\u0438. \u042d\u0442\u0430 \u0441\u0442\u0440\u0430\u043d\u0430 \u0441 \u0431\u043e\u0433\u0430\u0442\u044b\u043c \u043d\u0430\u0441\u043b\u0435\u0434\u0438\u0435\u043c:&nbsp; \u0437\u0434\u0435\u0441\u044c \u0438 \u043c\u0430\u043b\u044b\u0435, \u0438 \u0431\u043e\u043b\u044c\u0448\u0438\u0435 \u0433\u043e\u0440\u043e\u0434\u0430 \u0445\u0440\u0430\u043d\u044f\u0442 \u0442\u0430\u0439\u043d\u044b \u043f\u0440\u0435\u0434\u043a\u043e\u0432. \u0413\u043b\u0430\u0432\u043d\u043e\u0439 \u0445\u0440\u0430\u043d\u0438\u0442\u0435\u043b\u044c\u043d\u0438\u0446\u0435\u0439 \u0433\u0440\u0435\u0447\u0435\u0441\u043a\u043e\u0439 \u0438\u0441\u0442\u043e\u0440\u0438\u0438 \u044f\u0432\u043b\u044f\u0435\u0442\u0441\u044f \u0441\u0442\u043e\u043b\u0438\u0446\u0430 \u0413\u0440\u0435\u0446\u0438\u0438 &ndash; \u0410\u0444\u0438\u043d\u044b. \u0417\u0434\u0435\u0441\u044c \u043d\u0430\u0445\u043e\u0434\u0438\u0442\u0441\u044f \u0437\u043d\u0430\u043c\u0435\u043d\u0438\u0442\u044b\u0439 \u0410\u043a\u0440\u043e\u043f\u043e\u043b\u044c, \u0445\u0440\u0430\u043c \u041f\u043e\u0441\u0435\u0439\u0434\u043e\u043d\u0430, \u043c\u043d\u043e\u0433\u043e\u0447\u0438\u0441\u043b\u0435\u043d\u043d\u044b\u0435 \u043c\u0443\u0437\u0435\u0438 \u0438 \u0441\u0442\u0430\u0440\u0438\u043d\u043d\u044b\u0439 \u043a\u0432\u0430\u0440\u0442\u0430\u043b \u041f\u043b\u0430\u043a\u0430, \u0441\u043e\u0445\u0440\u0430\u043d\u0438\u0432\u0448\u0438\u0439\u0441\u044f \u0434\u043e \u043d\u0430\u0448\u0438\u0445 \u0434\u043d\u0435\u0439. \u041e\u0441\u0442\u0430\u0432\u043b\u044f\u044f \u043c\u0430\u0442\u0435\u0440\u0438\u043a\u043e\u0432\u0443\u044e \u0413\u0440\u0435\u0446\u0438\u044e, \u0441\u0442\u043e\u0438\u0442 \u043e\u0442\u043f\u0440\u0430\u0432\u0438\u0442\u044c\u0441\u044f \u0432 \u043f\u0443\u0442\u0435\u0448\u0435\u0441\u0442\u0432\u0438\u0435 \u043f\u043e \u0435\u0435 \u043e\u0441\u0442\u0440\u043e\u0432\u0430\u043c. \u041a\u0440\u0443\u043f\u043d\u0435\u0439\u0448\u0438\u043c \u043e\u0441\u0442\u0440\u043e\u0432\u043e\u043c \u0413\u0440\u0435\u0446\u0438\u0438 \u044f\u0432\u043b\u044f\u0435\u0442\u0441\u044f \u0420\u043e\u0434\u043e\u0441. \u042d\u0442\u043e\u0442 \u0447\u0443\u0434\u0435\u0441\u043d\u044b\u0439 \u043a\u0443\u0440\u043e\u0440\u0442, \u0443\u0442\u043e\u043f\u0430\u044e\u0449\u0438\u0439 \u0432 \u0446\u0432\u0435\u0442\u0430\u0445, \u0437\u043d\u0430\u043c\u0435\u043d\u0438\u0442 \u0442\u0435\u043c, \u0447\u0442\u043e \u044f\u0432\u043b\u044f\u0435\u0442\u0441\u044f \u0446\u0435\u043d\u0442\u0440\u043e\u043c \u0440\u044b\u0446\u0430\u0440\u0441\u043a\u043e\u0439 \u043a\u0443\u043b\u044c\u0442\u0443\u0440\u044b. \u042d\u043a\u0441\u043a\u0443\u0440\u0441 \u043f\u043e \u041a\u0440\u0438\u0442\u0443 \u043e\u0441\u0442\u0430\u0432\u0438\u0442 \u043d\u0435\u0438\u0437\u0433\u043b\u0430\u0434\u0438\u043c\u044b\u0435 \u0432\u043f\u0435\u0447\u0430\u0442\u043b\u0435\u043d\u0438\u044f \u043e\u0442 \u043f\u043e\u0441\u0435\u0449\u0435\u043d\u0438\u044f \u041a\u043d\u043e\u0441\u0441\u043a\u043e\u0433\u043e \u0434\u0432\u043e\u0440\u0446\u0430, \u043c\u043e\u043d\u0430\u0441\u0442\u044b\u0440\u044f \u041f\u0440\u0435\u0432\u0435\u043b\u0438 \u0438 \u0445\u0440\u0430\u043c\u0430 \u0410\u043f\u043f\u043e\u043b\u043e\u043d\u0430. \u041f\u043e\u043f\u0430\u0432 \u043d\u0430 \u043e\u0441\u0442\u0440\u043e\u0432 \u042d\u043b\u0430\u0444\u043e\u0441\u0441\u0438\u043d\u0438, \u0447\u0443\u0432\u0441\u0442\u0432\u0443\u0435\u0448\u044c, \u0447\u0442\u043e \u043d\u0430\u0445\u043e\u0434\u0438\u0448\u044c\u0441\u044f \u0432 \u0441\u043a\u0430\u0437\u043a\u0435. \u041d\u0435\u043e\u0431\u044b\u0447\u0430\u0439\u043d\u043e \u0436\u0438\u0432\u043e\u043f\u0438\u0441\u043d\u044b\u0435 \u043f\u0435\u0439\u0437\u0430\u0436\u0438 \u043e\u0441\u0442\u0440\u043e\u0432\u0430 \u043f\u0440\u0438\u0432\u043b\u0435\u043a\u0430\u044e\u0442 \u043f\u0435\u0441\u0447\u0430\u043d\u044b\u043c\u0438 \u043f\u043b\u044f\u0436\u0430\u043c\u0438 \u0446\u0432\u0435\u0442\u0430 \u043a\u043b\u0443\u0431\u043d\u0438\u0447\u043d\u043e\u0433\u043e \u0441\u0443\u0444\u043b\u0435. \u0413\u0440\u0435\u0446\u0438\u044f &ndash; \u044d\u0442\u043e \u043a\u0443\u043b\u044c\u0442\u0443\u0440\u0430, \u0438\u0441\u0442\u043e\u0440\u0438\u044f, \u043f\u0440\u0435\u043a\u0440\u0430\u0441\u043d\u044b\u0439 \u043e\u0442\u0434\u044b\u0445, \u0438 \u0432\u043a\u0443\u0441\u043d\u0435\u0439\u0448\u0430\u044f \u043a\u0443\u0445\u043d\u044f. \u0417\u0434\u0435\u0441\u044c \u0435\u0441\u0442\u044c \u0432\u0441\u0435, \u0438 \u0432 \u044d\u0442\u043e\u043c \u0441\u0442\u043e\u0438\u0442 \u0443\u0431\u0435\u0434\u0438\u0442\u044c\u0441\u044f \u0432\u043e\u043e\u0447\u0438\u044e!</p>\r\n", "image": "uploads/wedding/country/Greece.jpg", "wt_1": true, "wt_2": true, "wt_3": true, "slug": "gretsiya"}}, {"pk": 15, "model": "wedding.country", "fields": {"map": "", "title": "\u0414\u043e\u043c\u0438\u043d\u0438\u043a\u0430\u043d\u0430", "text": "", "image": "uploads/wedding/country/wedding_dominicana_1.jpg", "wt_1": false, "wt_2": true, "wt_3": false, "slug": "dominikana"}}, {"pk": 11, "model": "wedding.country", "fields": {"map": "uploads/wedding/country/Island_.jpg", "title": "\u0418\u0441\u043b\u0430\u043d\u0434\u0438\u044f", "text": "<p>\u041e\u0441\u0442\u0440\u043e\u0432, \u0437\u0430\u0442\u0435\u0440\u044f\u043d\u043d\u044b\u0439 \u0432 \u0410\u0442\u043b\u0430\u043d\u0442\u0438\u0447\u0435\u0441\u043a\u043e\u043c \u043e\u043a\u0435\u0430\u043d\u0435 \u0432 \u043e\u043a\u0440\u0443\u0436\u0435\u043d\u0438\u0438 \u043b\u0435\u0434\u043d\u0438\u043a\u043e\u0432 \u0438 \u0444\u044c\u043e\u0440\u0434\u043e\u0432 &ndash; \u044d\u0442\u043e \u0418\u0441\u043b\u0430\u043d\u0434\u0438\u044f. \u0418\u0441\u043b\u0430\u043d\u0434\u0438\u044f \u0431\u043e\u0433\u0430\u0442\u0430 \u043d\u0430 \u043f\u0440\u0438\u0440\u043e\u0434\u043d\u044b\u0435 \u043a\u0440\u0430\u0441\u043e\u0442\u044b. \u042d\u0442\u0430 \u0441\u0435\u0432\u0435\u0440\u043d\u0430\u044f \u043a\u0440\u0430\u0441\u0430\u0432\u0438\u0446\u0430 \u0441\u043b\u0430\u0432\u0438\u0442\u0441\u044f \u0441\u0432\u043e\u0438\u043c\u0438 \u0433\u043e\u0440\u0430\u043c\u0438, \u0432\u043e\u0434\u043e\u043f\u0430\u0434\u0430\u043c\u0438, \u0433\u0435\u0439\u0437\u0435\u0440\u0430\u043c\u0438, \u043b\u0430\u0433\u0443\u043d\u0430\u043c\u0438, \u043a\u0430\u043d\u044c\u043e\u043d\u0430\u043c\u0438, \u043b\u0435\u0434\u044f\u043d\u044b\u043c\u0438 \u043f\u0435\u0449\u0435\u0440\u0430\u043c\u0438 \u0421\u043a\u0430\u0444\u0442\u0430\u0444\u0435\u043b\u043b \u0438 \u043e\u0441\u0442\u0440\u043e\u0432\u0430\u043c\u0438 \u0412\u0435\u0441\u0442\u043c\u0430\u043d\u0430. \u041d\u0435\u0441\u043c\u043e\u0442\u0440\u044f \u043d\u0430 \u043b\u0435\u0434\u044f\u043d\u043e\u0435 \u043a\u043e\u043b\u044c\u0446\u043e, \u0441\u043a\u043e\u0432\u0430\u0432\u0448\u0435\u0435 \u043e\u0441\u0442\u0440\u043e\u0432\u043d\u043e\u0435 \u0433\u043e\u0441\u0443\u0434\u0430\u0440\u0441\u0442\u0432\u043e \u0438 \u0431\u043b\u0438\u0437\u043e\u0441\u0442\u044c \u0410\u0440\u043a\u0442\u0438\u043a\u0438, \u043a\u043b\u0438\u043c\u0430\u0442 \u0432 \u0418\u0441\u043b\u0430\u043d\u0434\u0438\u0438 \u0443\u043c\u0435\u0440\u0435\u043d\u043d\u043e-\u043f\u0440\u043e\u0445\u043b\u0430\u0434\u043d\u044b\u0439 \u0431\u043b\u0430\u0433\u043e\u0434\u0430\u0440\u044f \u0442\u0435\u043f\u043b\u043e\u043c\u0443 \u0442\u0435\u0447\u0435\u043d\u0438\u044e. \u0417\u0434\u0435\u0441\u044c \u0432 \u0441\u0442\u0440\u0430\u043d\u0435 \u0441\u043a\u0430\u0437\u043e\u043a, \u0441\u0430\u0433 \u0438 \u0431\u044b\u043b\u0438\u043d \u043d\u0435\u0440\u0435\u0434\u043a\u043e \u0441\u0432\u044f\u0437\u044b\u0432\u0430\u044e\u0442 \u0441\u0435\u0431\u044f \u0443\u0437\u0430\u043c\u0438 \u0432\u043b\u044e\u0431\u043b\u0435\u043d\u043d\u044b\u0435. \u042d\u0442\u043e \u043c\u043e\u0436\u0435\u0442 \u0431\u044b\u0442\u044c \u0441\u0432\u0430\u0434\u044c\u0431\u0430 \u0432 \u0434\u0443\u0445\u0435 \u0432\u0438\u043a\u0438\u043d\u0433\u043e\u0432 \u0438\u043b\u0438 \u043a\u043b\u0430\u0441\u0441\u0438\u0447\u0435\u0441\u043a\u043e\u0435 \u0442\u043e\u0440\u0436\u0435\u0441\u0442\u0432\u043e \u0432 \u0435\u0432\u0440\u043e\u043f\u0435\u0439\u0441\u043a\u043e\u043c \u0441\u0442\u0438\u043b\u0435. \u0414\u0435\u043a\u043e\u0440\u0430\u0446\u0438\u044f\u043c\u0438 \u0434\u043b\u044f \u0441\u0432\u0430\u0434\u0435\u0431\u043d\u043e\u0439 \u0444\u043e\u0442\u043e\u0441\u0435\u0441\u0441\u0438\u0438 \u0431\u0443\u0434\u0443\u0442 \u0441\u0430\u043c\u044b\u0435 \u043f\u0440\u0435\u043a\u0440\u0430\u0441\u043d\u044b\u0435 \u043b\u0430\u043d\u0434\u0448\u0430\u0444\u0442\u044b. \u0418\u0434\u0435\u0430\u043b\u044c\u043d\u043e\u0435 \u043c\u0435\u0441\u0442\u043e, \u0447\u0442\u043e\u0431\u044b \u043f\u043e\u0447\u0443\u0432\u0441\u0442\u0432\u043e\u0432\u0430\u0442\u044c \u0441\u0435\u0431\u044f \u0441\u043d\u0435\u0436\u043d\u043e\u0439 \u043a\u043e\u0440\u043e\u043b\u0435\u0432\u043e\u0439 \u043d\u0430 \u0433\u043b\u0430\u0432\u043d\u043e\u043c \u043f\u0440\u0430\u0437\u0434\u043d\u0438\u043a\u0435 \u0436\u0438\u0437\u043d\u0438, \u043d\u0435 \u043f\u0440\u0430\u0432\u0434\u0430 \u043b\u0438?!</p>\r\n", "image": "uploads/wedding/country/shutterstock_93321463_2.jpg", "wt_1": false, "wt_2": true, "wt_3": false, "slug": "islandiya"}}, {"pk": 13, "model": "wedding.country", "fields": {"map": "", "title": "\u0418\u0441\u043f\u0430\u043d\u0438\u044f", "text": "", "image": "uploads/wedding/country/wedding_spain_1.jpg", "wt_1": false, "wt_2": true, "wt_3": false, "slug": "ispaniya"}}, {"pk": 2, "model": "wedding.country", "fields": {"map": "uploads/wedding/country/italy.jpg", "title": "\u0418\u0442\u0430\u043b\u0438\u044f", "text": "<p>\u0420\u0438\u043c \u0441 \u0435\u0433\u043e \u0437\u043d\u0430\u043c\u0435\u043d\u0438\u0442\u044b\u043c \u0438\u0441\u0442\u043e\u0440\u0438\u0447\u0435\u0441\u043a\u0438\u043c \u043f\u0440\u043e\u0448\u043b\u044b\u043c, \u0422\u0443\u0440\u0438\u043d, \u043e\u0441\u0442\u0430\u0432\u0438\u0432\u0448\u0438\u0439 \u0441\u043b\u0435\u0434 \u0432 \u043e\u043b\u0438\u043c\u043f\u0438\u0439\u0441\u043a\u043e\u0439 \u0438\u0441\u0442\u043e\u0440\u0438\u0438, \u043a\u0440\u0430\u0441\u0438\u0432\u0435\u0439\u0448\u0438\u0439 \u041d\u0435\u0430\u043f\u043e\u043b\u044c, \u0440\u0430\u0441\u043f\u043e\u043b\u043e\u0436\u0438\u0432\u0448\u0438\u0439\u0441\u044f \u0443 \u043f\u043e\u0434\u043d\u043e\u0436\u0438\u044f \u0443\u0441\u043d\u0443\u0432\u0448\u0435\u0433\u043e \u0412\u0435\u0437\u0443\u0432\u0438\u044f, \u043d\u0435\u043f\u043e\u0432\u0442\u043e\u0440\u0438\u043c\u0430\u044f \u0412\u0435\u043d\u0435\u0446\u0438\u044f \u0438 \u043f\u0430\u0444\u043e\u0441\u043d\u044b\u0439 \u041c\u0438\u043b\u0430\u043d &ndash; \u043c\u0435\u043a\u043a\u0430 \u0448\u043e\u043f\u043f\u0438\u043d\u0433\u0430 \u0432\u043e \u0432\u0441\u0435\u043c \u043c\u0438\u0440\u0435, - \u0432\u0441\u0435 \u044d\u0442\u043e \u0418\u0442\u0430\u043b\u0438\u044f! \u042d\u0442\u043e\u0442 &ldquo;\u0441\u0430\u043f\u043e\u0436\u043e\u043a&rdquo; \u043d\u0430 \u043a\u0430\u0440\u0442\u0435 \u043c\u0438\u0440\u0430 \u043c\u043e\u0436\u0435\u0442 \u043f\u0440\u0435\u0434\u043b\u043e\u0436\u0438\u0442\u044c \u0442\u0443\u0440\u0438\u0441\u0442\u0443 \u0438 \u0441\u0432\u043e\u0438 \u0448\u0443\u043c\u043d\u044b\u0435, \u0431\u043e\u0433\u0430\u0442\u044b\u0435 \u043d\u0430 \u0438\u0441\u0442\u043e\u0440\u0438\u043a\u043e-\u043a\u0443\u043b\u044c\u0442\u0443\u0440\u043d\u044b\u0435 \u0446\u0435\u043d\u043d\u043e\u0441\u0442\u0438 \u0433\u043e\u0440\u043e\u0434\u0430, \u0438 \u0441\u0432\u043e\u0438 \u043f\u0440\u0435\u043a\u0440\u0430\u0441\u043d\u044b\u0435 \u043e\u0441\u0442\u0440\u043e\u0432\u0430, \u0438 \u0447\u0430\u0440\u0443\u044e\u0449\u0438\u0435 \u043f\u0435\u0439\u0437\u0430\u0436\u0438 \u0442\u0440\u0435\u0445 \u043c\u043e\u0440\u0435\u0439, \u0438 \u0430\u043f\u043f\u0435\u0442\u0438\u0442\u043d\u0435\u0439\u0448\u0443\u044e \u043a\u0443\u0445\u043d\u044e, \u0438 \u043b\u0443\u0447\u0448\u0435\u0435 \u0432\u0438\u043d\u043e\u0433\u0440\u0430\u0434\u043d\u043e\u0435 \u0432\u0438\u043d\u043e. \u0418\u0442\u0430\u043b\u0438\u044f &ndash; \u0432\u0435\u0447\u043d\u044b\u0439 \u043f\u0440\u0430\u0437\u0434\u043d\u0438\u043a, \u0438\u0437 \u043a\u043e\u0442\u043e\u0440\u043e\u0433\u043e \u043d\u0435 \u0445\u043e\u0447\u0435\u0442\u0441\u044f \u0443\u0435\u0437\u0436\u0430\u0442\u044c!</p>\r\n", "image": "uploads/wedding/country/1Venice_4_4.jpg", "wt_1": true, "wt_2": true, "wt_3": true, "slug": "italiya"}}, {"pk": 4, "model": "wedding.country", "fields": {"map": "uploads/wedding/country/country-map.jpg", "title": "\u041a\u0438\u043f\u0440", "text": "<p>\u041a\u0438\u043f\u0440 &ndash; \u044d\u0442\u043e \u0442\u0435\u043f\u043b\u043e\u0435 \u0441\u043e\u043b\u043d\u0446\u0435, \u043f\u0440\u043e\u0437\u0440\u0430\u0447\u043d\u043e\u0435 \u043c\u043e\u0440\u0435 \u0438 \u0447\u0438\u0441\u0442\u0435\u0439\u0448\u0438\u0435 \u043f\u043b\u044f\u0436\u0438. \u0417\u0434\u0435\u0441\u044c \u043a\u0430\u0436\u0434\u0430\u044f \u043f\u0440\u043e\u0432\u0438\u043d\u0446\u0438\u044f, \u043a\u0430\u0436\u0434\u044b\u0439 \u0433\u043e\u0440\u043e\u0434 \u043d\u0435\u0441\u0443\u0442 \u0432 \u0441\u0435\u0431\u0435 \u043e\u0442\u043f\u0435\u0447\u0430\u0442\u043e\u043a \u0440\u0430\u0441\u0442\u0432\u043e\u0440\u0438\u0432\u0448\u0438\u0445\u0441\u044f \u0432 \u043f\u0435\u0441\u043a\u0430\u0445 \u0442\u044b\u0441\u044f\u0447\u0435\u043b\u0435\u0442\u0438\u0439. \u041a\u0440\u0443\u0433\u043b\u044b\u0439 \u0433\u043e\u0434 \u043d\u0430 \u041a\u0438\u043f\u0440\u0435 \u043c\u043e\u0436\u043d\u043e \u043b\u044e\u0431\u043e\u0432\u0430\u0442\u044c\u0441\u044f \u0446\u0432\u0435\u0442\u0443\u0449\u0438\u043c\u0438 \u0441\u0430\u0434\u0430\u043c\u0438 \u0438 \u0437\u0430\u0440\u044f\u0436\u0430\u0442\u044c\u0441\u044f \u044d\u043c\u043e\u0446\u0438\u044f\u043c\u0438 \u043d\u0430 \u043d\u0435\u043f\u0440\u0435\u043a\u0440\u0430\u0449\u0430\u044e\u0449\u0435\u043c\u0441\u044f \u043f\u0440\u0430\u0437\u0434\u043d\u0438\u043a\u0435 \u0436\u0438\u0437\u043d\u0438. \u041f\u043b\u044f\u0436\u043d\u044b\u0435 \u0434\u0435\u043a\u043e\u0440\u0430\u0446\u0438\u0438 \u0437\u0434\u0435\u0441\u044c \u043f\u0435\u0440\u0435\u043c\u0435\u0436\u0430\u044e\u0442\u0441\u044f \u0441 \u043f\u0440\u0438\u0440\u043e\u0434\u043d\u044b\u043c \u0438 \u0438\u0441\u0442\u043e\u0440\u0438\u043a\u043e-\u043a\u0443\u043b\u044c\u0442\u0443\u0440\u043d\u044b\u043c \u043d\u0430\u0441\u043b\u0435\u0434\u0438\u0435\u043c. \u041a\u0438\u043f\u0440 \u0437\u043d\u0430\u043c\u0435\u043d\u0438\u0442 \u0441\u0432\u043e\u0438\u043c\u0438 \u043c\u043e\u0440\u0441\u043a\u0438\u043c\u0438 \u043f\u0435\u0439\u0437\u0430\u0436\u0430\u043c\u0438 (\u043a\u0443\u043f\u0430\u043b\u044c\u043d\u044f \u0410\u0434\u043e\u043d\u0438\u0441 \u0438 \u0441\u043a\u0430\u043b\u044b \u0410\u0444\u0440\u043e\u0434\u0438\u0442\u044b \u0432 \u041f\u0430\u0444\u043e\u0441\u0435, \u043c\u044b\u0441 \u0410\u043f\u043e\u0441\u0442\u043e\u043b\u0430 \u0410\u043d\u0434\u0440\u0435\u044f, \u043f-\u043e\u0432 \u0410\u043a\u0430\u043c\u0430\u0441), \u0434\u0440\u0435\u0432\u043d\u0438\u043c\u0438 \u0433\u043e\u0440\u043e\u0434\u0430\u043c\u0438, \u0437\u0430\u043c\u043a\u0430\u043c\u0438, \u043c\u0435\u0447\u0435\u0442\u044f\u043c\u0438 \u0438 \u0445\u0440\u0430\u043c\u0430\u043c\u0438. \u041a\u0438\u043f\u0440 \u0431\u043e\u0433\u0430\u0442 \u043d\u0430 \u0434\u043e\u0441\u0442\u043e\u043f\u0440\u0438\u043c\u0435\u0447\u0430\u0442\u0435\u043b\u044c\u043d\u043e\u0441\u0442\u0438, \u043a\u043e\u0442\u043e\u0440\u044b\u0435 \u0437\u0434\u0435\u0441\u044c, \u0431\u0443\u043a\u0432\u0430\u043b\u044c\u043d\u043e, \u043f\u043e\u0432\u0441\u044e\u0434\u0443. \u0421\u044e\u0434\u0430 \u0435\u0434\u0443\u0442 \u0437\u0430 \u0432\u043f\u0435\u0447\u0430\u0442\u043b\u0435\u043d\u0438\u044f\u043c\u0438 \u0438 \u043f\u043e\u043b\u043d\u043e\u0446\u0435\u043d\u043d\u044b\u043c \u0440\u0435\u043b\u0430\u043a\u0441\u043e\u043c. \u0417\u0438\u043c\u043e\u0439 \u0432\u0435\u0441\u043d\u0430 \u0436\u0438\u0432\u0435\u0442 \u043d\u0430 \u041a\u0438\u043f\u0440\u0435!</p>\r\n", "image": "uploads/wedding/country/ciprus1.jpg", "wt_1": true, "wt_2": true, "wt_3": false, "slug": "kipr"}}, {"pk": 9, "model": "wedding.country", "fields": {"map": "uploads/wedding/country/country-map.jpg", "title": "\u041c\u0430\u043b\u044c\u0434\u0438\u0432\u044b", "text": "", "image": "uploads/wedding/country/shutterstock_53172901_1.jpg", "wt_1": false, "wt_2": true, "wt_3": false, "slug": "maldivyi"}}, {"pk": 12, "model": "wedding.country", "fields": {"map": "", "title": "\u0420\u043e\u0441\u0441\u0438\u044f", "text": "", "image": "uploads/wedding/country/wedding_russia.jpg", "wt_1": true, "wt_2": true, "wt_3": true, "slug": "rossiya"}}, {"pk": 7, "model": "wedding.country", "fields": {"map": "uploads/wedding/country/United_States.jpg", "title": "\u0421\u0428\u0410", "text": "<p>\u0414\u0432\u0430 \u043e\u043a\u0435\u0430\u043d\u0430, \u0441\u043e\u0442\u043d\u0438 \u043a\u0438\u043b\u043e\u043c\u0435\u0442\u0440\u043e\u0432 \u043f\u043b\u044f\u0436\u0435\u0439, \u0432\u044b\u0441\u043e\u043a\u0438\u0435 \u0433\u043e\u0440\u044b, \u0433\u043b\u0443\u0431\u043e\u043a\u0438\u0435 \u043a\u0430\u0440\u044c\u0435\u0440\u044b, \u0436\u0438\u0432\u043e\u043f\u0438\u0441\u043d\u044b\u0435 \u043b\u0435\u0441\u0430 \u0438 \u0431\u043e\u043b\u044c\u0448\u0438\u0435 \u043e\u0437\u0435\u0440\u0430 &ndash; \u0432\u0441\u0435 \u044d\u0442\u043e \u0410\u043c\u0435\u0440\u0438\u043a\u0430, \u0440\u0430\u0441\u0442\u044f\u043d\u0443\u0432\u0448\u0430\u044f\u0441\u044f \u043e\u0442 \u0424\u043b\u043e\u0440\u0438\u0434\u044b \u0434\u043e \u0410\u043b\u044f\u0441\u043a\u0438, \u043e\u0445\u0432\u0430\u0442\u0438\u0432\u0448\u0430\u044f 50 \u0448\u0442\u0430\u0442\u043e\u0432 \u0438 1 \u0444\u0435\u0434\u0435\u0440\u0430\u043b\u044c\u043d\u044b\u0439 \u043e\u043a\u0440\u0443\u0433. \u0412 \u0421\u0428\u0410 \u0442\u0430\u043a \u043c\u043d\u043e\u0433\u043e \u043c\u0435\u0441\u0442, \u043a\u043e\u0442\u043e\u0440\u044b\u0435 \u0441\u0442\u043e\u0438\u0442 \u0443\u0432\u0438\u0434\u0435\u0442\u044c: \u0413\u0440\u0430\u043d\u0434 \u041a\u0430\u043d\u044c\u043e\u043d, \u0421\u0442\u0430\u0442\u0443\u044f&nbsp; \u0421\u0432\u043e\u0431\u043e\u0434\u044b, \u041a\u0440\u0430\u0442\u0435\u0440 \u041b\u044d\u0439\u043a \u0432 \u041e\u0440\u0435\u0433\u043e\u043d\u0435, \u042d\u043c\u043f\u0430\u0439\u0440 \u0421\u0442\u0435\u0439\u0442 \u0411\u0438\u043b\u0434\u0438\u043d\u0433, \u0433\u043e\u0440\u0430 \u0420\u0430\u043c\u0448\u043e\u0440, \u041c\u043e\u0441\u0442 \u0417\u043e\u043b\u043e\u0442\u044b\u0435 \u0412\u043e\u0440\u043e\u0442\u0430 \u0438 \u041f\u043e\u0431\u0435\u0440\u0435\u0436\u044c\u0435 \u041f\u0430\u043b\u0438 \u043d\u0430 \u0413\u0430\u0432\u0430\u0439\u044f\u0445. \u0412\u0441\u0435\u0433\u043e \u043d\u0435 \u043f\u0435\u0440\u0435\u0447\u0438\u0441\u043b\u0438\u0442\u044c! \u0414\u0443\u0445 \u0441\u0432\u043e\u0431\u043e\u0434\u044b \u0437\u0434\u0435\u0441\u044c \u0447\u0443\u0432\u0441\u0442\u0432\u0443\u0435\u0442\u0441\u044f \u043d\u0430 \u043a\u0430\u0436\u0434\u043e\u043c \u0448\u0430\u0433\u0443! \u0412 \u043c\u0435\u0433\u0430\u043f\u043e\u043b\u0438\u0441\u0430\u0445 \u043a\u0438\u043f\u0438\u0442 \u043d\u043e\u0447\u043d\u0430\u044f \u0436\u0438\u0437\u043d\u044c, \u0432 \u0434\u043e\u043b\u0438\u043d\u0435 \u0421\u043c\u0435\u0440\u0442\u0438 \u0446\u0430\u0440\u0438\u0442 \u0441\u043f\u043e\u043a\u043e\u0439\u0441\u0442\u0432\u0438\u0435, \u043f\u043e\u0431\u0435\u0440\u0435\u0436\u044c\u044f \u043c\u0430\u043d\u044f\u0442 \u0431\u043b\u0430\u0433\u043e\u0443\u0441\u0442\u0440\u043e\u0435\u043d\u043d\u044b\u043c\u0438 \u043f\u043b\u044f\u0436\u0430\u043c\u0438 \u0438 \u0436\u0438\u0432\u043e\u043f\u0438\u0441\u043d\u044b\u043c\u0438 \u0443\u0442\u0435\u0441\u0430\u043c\u0438, \u0430, \u0443\u0435\u0437\u0436\u0430\u044f \u0432\u0433\u043b\u0443\u0431\u044c \u043c\u0430\u0442\u0435\u0440\u0438\u043a\u0430, \u043c\u043e\u0436\u043d\u043e \u043d\u0430\u0441\u043b\u0430\u0434\u0438\u0442\u044c\u0441\u044f \u043d\u0435\u0442\u0440\u043e\u043d\u0443\u0442\u043e\u0439 \u043a\u0440\u0430\u0441\u043e\u0442\u043e\u0439 \u0433\u043e\u0440 \u0438 \u0432\u0435\u043b\u0438\u0447\u0438\u0435\u043c \u0432\u043e\u0434\u043e\u043f\u0430\u0434\u043e\u0432. \u041a\u0430\u0436\u0434\u044b\u0439 \u043c\u043e\u0436\u0435\u0442 \u043d\u0430\u0439\u0442\u0438 \u0441\u0432\u043e\u044e \u0410\u043c\u0435\u0440\u0438\u043a\u0443, \u043a\u043e\u0442\u043e\u0440\u0443\u044e \u043f\u043e\u043b\u044e\u0431\u0438\u0442 \u0432\u0441\u0435\u043c \u0441\u0435\u0440\u0434\u0446\u0435\u043c!</p>\r\n", "image": "uploads/wedding/country/shutterstock_135947357_1.jpg", "wt_1": true, "wt_2": true, "wt_3": false, "slug": "ssha"}}, {"pk": 6, "model": "wedding.country", "fields": {"map": "uploads/wedding/country/Location_Thailand.jpg", "title": "\u0422\u0430\u0439\u043b\u0430\u043d\u0434", "text": "<p>\u0416\u0438\u0437\u043d\u044c, \u0431\u0443\u0440\u043b\u044f\u0449\u0430\u044f, \u043a\u0430\u043a \u043d\u0430\u0433\u0440\u0435\u0442\u043e\u0435 \u043c\u0430\u0441\u043b\u043e, \u0448\u0443\u043c\u043d\u044b\u0435 \u0433\u043e\u0440\u043e\u0434\u0430, \u0431\u0443\u0440\u043d\u044b\u0435 \u0440\u0430\u0437\u0432\u043b\u0435\u0447\u0435\u043d\u0438\u044f \u043d\u043e\u043d-\u0441\u0442\u043e\u043f \u0438 \u043f\u0440\u0435\u043a\u0440\u0430\u0441\u043d\u0430\u044f \u043f\u0440\u0438\u0440\u043e\u0434\u0430 &ndash; \u044d\u0442\u043e \u0422\u0430\u0439\u043b\u0430\u043d\u0434. \u0412 \u044d\u0442\u043e\u0439 \u0441\u0442\u0440\u0430\u043d\u0435 \u0432\u0435\u0447\u043d\u043e\u0433\u043e \u043b\u0435\u0442\u0430 \u0435\u0441\u0442\u044c \u0438 \u043a\u0440\u0430\u0441\u0438\u0432\u044b\u0435 \u043f\u043b\u044f\u0436\u0438, \u0438 \u0437\u0430\u0432\u043e\u0440\u0430\u0436\u0438\u0432\u0430\u044e\u0449\u0430\u044f \u044d\u043a\u0437\u043e\u0442\u0438\u043a\u0430, \u0438\u043d\u0442\u0435\u0440\u0435\u0441\u043d\u044b\u0435 \u0442\u0443\u0440\u0438\u0441\u0442\u0438\u0447\u0435\u0441\u043a\u0438\u0435 \u043c\u0430\u0440\u0448\u0440\u0443\u0442\u044b. \u0414\u0440\u0435\u0432\u043d\u044f\u044f \u0441\u0442\u043e\u043b\u0438\u0446\u0430 \u0410\u044e\u0442\u0442\u0445\u0430\u044f \u0443\u0434\u0438\u0432\u0438\u0442 \u043f\u0443\u0442\u0435\u0448\u0435\u0441\u0442\u0432\u0435\u043d\u043d\u0438\u043a\u043e\u0432 \u0441\u0432\u043e\u0435\u0439 \u0430\u0440\u0445\u0438\u0442\u0435\u043a\u0442\u0443\u0440\u043e\u0439, &nbsp;\u043e\u0441\u0442\u0440\u043e\u0432\u043e\u043a \u0425\u043e \u0422\u0430\u043e \u043e\u0442\u043a\u0440\u043e\u0435\u0442 \u0434\u0430\u0439\u0432\u0435\u0440\u0430\u043c \u0442\u0430\u0439\u043d\u044b \u043c\u043e\u0440\u0441\u043a\u0438\u0445 \u0433\u043b\u0443\u0431\u0438\u043d, \u0421\u0438\u043c\u0438\u043b\u0430\u043d\u0441\u043a\u0438\u0435 \u043e\u0441\u0442\u0440\u043e\u0432\u0430 \u043f\u043e\u043c\u043e\u0433\u0443\u0442 \u043e\u0442\u043e\u0440\u0432\u0430\u0442\u044c\u0441\u044f \u043e\u0442 \u0440\u0435\u0430\u043b\u044c\u043d\u043e\u0441\u0442\u0438, \u043d\u0430\u0446\u0438\u043e\u043d\u0430\u043b\u044c\u043d\u044b\u0435 \u043f\u0430\u0440\u043a\u0438 \u043f\u043e\u0434\u0430\u0440\u044f\u0442 \u043d\u0430\u0441\u0442\u0440\u043e\u0435\u043d\u0438\u0435 \u043e\u0442 \u043d\u0430\u0431\u043b\u044e\u0434\u0435\u043d\u0438\u044f \u0437\u0430 \u043c\u0435\u0441\u0442\u043d\u043e\u0439 \u0444\u0430\u0443\u043d\u043e\u0439 \u0438 \u0444\u043b\u043e\u0440\u043e\u0439, \u0430&nbsp; \u0411\u0430\u043d\u0433\u043a\u043e\u043a \u0443\u0432\u043b\u0435\u0447\u0435\u0442 \u0432 \u043c\u0438\u0440 \u0432\u0435\u0447\u043d\u043e\u0439 \u044d\u043d\u0435\u0440\u0433\u0438\u0438. \u0422\u0430\u0439\u043b\u0430\u043d\u0434 &ndash; \u044d\u0442\u043e \u0434\u0430\u043b\u0435\u043a\u0430\u044f \u0441\u043a\u0430\u0437\u043a\u0430 \u0441 \u043a\u0440\u0430\u0441\u0438\u0432\u044b\u043c\u0438 \u0438\u043b\u043b\u044e\u0441\u0442\u0440\u0430\u0446\u0438\u044f\u043c\u0438. \u041a\u0430\u043a\u0438\u0435 \u0434\u0435\u043a\u043e\u0440\u0430\u0446\u0438\u0438 \u0432\u044b\u0431\u0440\u0430\u0442\u044c \u0434\u043b\u044f \u0441\u0432\u043e\u0435\u0439 \u0441\u0432\u0430\u0434\u044c\u0431\u044b \u0432 \u0422\u0430\u0439\u043b\u0430\u043d\u0434\u0435, \u0440\u0435\u0448\u0430\u0435\u0442\u0435 \u0442\u043e\u043b\u044c\u043a\u043e \u0432\u044b!</p>\r\n", "image": "uploads/wedding/country/shutterstock_114736597.jpg", "wt_1": false, "wt_2": true, "wt_3": false, "slug": "tajland"}}, {"pk": 14, "model": "wedding.country", "fields": {"map": "", "title": "\u0423\u043a\u0440\u0430\u0438\u043d\u0430", "text": "", "image": "uploads/wedding/country/wedding_ukraine.jpg", "wt_1": false, "wt_2": true, "wt_3": true, "slug": "ukraina"}}, {"pk": 10, "model": "wedding.country", "fields": {"map": "uploads/wedding/country/france.jpg", "title": "\u0424\u0440\u0430\u043d\u0446\u0438\u044f", "text": "<p>\u041b\u044e\u0431\u043e\u0432\u044c \u0438 \u0440\u043e\u043c\u0430\u043d\u0442\u0438\u043a\u0430, \u0440\u043e\u043c\u0430\u043d\u0442\u0438\u043a\u0430 \u0438 \u043b\u044e\u0431\u043e\u0432\u044c &ndash; \u0432\u0435\u0447\u043d\u0430\u044f \u043c\u0443\u0437\u044b\u043a\u0430 \u0424\u0440\u0430\u043d\u0446\u0438\u0438! \u0413\u0434\u0435 \u043a\u0430\u043a \u043d\u0435 \u0437\u0434\u0435\u0441\u044c \u043c\u043e\u0436\u043d\u043e \u0441 \u0443\u043f\u043e\u0435\u043d\u0438\u0435\u043c \u0441\u043b\u0443\u0448\u0430\u0442\u044c \u043f\u0435\u0441\u043d\u0438 \u0414\u0436\u043e \u0414\u0430\u0441\u0441\u0435\u043d\u0430, \u042d\u0434\u0438\u0442 \u041f\u0438\u0430\u0444, \u041c\u0438\u0440\u0435\u0439 \u041c\u0430\u0442\u044c\u0435, \u043f\u0440\u043e\u0433\u0443\u043b\u0438\u0432\u0430\u0442\u044c\u0441\u044f \u043f\u043e \u041c\u043e\u043d\u043c\u0430\u0440\u0442\u0440\u0443 \u0438 \u043d\u0430\u0441\u043b\u0430\u0436\u0434\u0430\u0442\u044c\u0441\u044f \u0432\u043a\u0443\u0441\u043d\u0435\u0439\u0448\u0438\u043c\u0438 \u043a\u0440\u0443\u0430\u0441\u0441\u0430\u043d\u0430\u043c\u0438 \u0438 \u0430\u0440\u043e\u043c\u0430\u0442\u043d\u044b\u043c \u043a\u043e\u0444\u0435. \u0422\u043e\u043b\u044c\u043a\u043e \u0432 \u041f\u0430\u0440\u0438\u0436\u0435 \u043c\u043e\u0436\u043d\u043e \u0441 \u0432\u044b\u0441\u043e\u0442\u044b \u042d\u0439\u0444\u0435\u043b\u0435\u0432\u043e\u0439 \u0431\u0430\u0448\u043d\u0438 \u043d\u0430\u0431\u043b\u044e\u0434\u0430\u0442\u044c \u043f\u0430\u043d\u043e\u0440\u0430\u043c\u0443 \u0433\u043e\u0440\u043e\u0434\u0430, \u043f\u0440\u043e\u043d\u0438\u043a\u0430\u0442\u044c\u0441\u044f \u043a\u0443\u043b\u044c\u0442\u0443\u0440\u043e\u0439 \u0438 \u0438\u0441\u043a\u0443\u0441\u0441\u0442\u0432\u043e\u043c \u0432\u0435\u043b\u0438\u043a\u0438\u0445 \u0436\u0438\u0432\u043e\u043f\u0438\u0441\u0446\u0435\u0432 \u0432 \u041b\u0443\u0432\u0440\u0435, \u0441\u043e\u0432\u0435\u0440\u0448\u0430\u0442\u044c \u043f\u043e\u043a\u0443\u043f\u043a\u0438 \u043d\u0430 \u0415\u043b\u0438\u0441\u0435\u0439\u0441\u043a\u0438\u0445 \u043f\u043e\u043b\u044f\u0445. \u0424\u0440\u0430\u043d\u0446\u0438\u044f &ndash; \u0437\u0430\u043a\u043e\u043d\u043e\u0434\u0430\u0442\u0435\u043b\u044c\u043d\u0438\u0446\u0430 \u043c\u043e\u0434, \u0440\u043e\u0434\u0438\u043d\u0430 \u0448\u0430\u043c\u043f\u0430\u043d\u0441\u043a\u043e\u0433\u043e \u0438 \u043a\u0440\u0430\u0441\u0438\u0432\u0435\u0439\u0448\u0435\u0439 \u0438\u0437 \u043c\u0435\u043b\u043e\u0434\u0438\u0439 &ndash; \u041c\u0430\u0440\u0441\u0435\u043b\u044c\u0435\u0437\u044b, \u043e\u0431\u0435\u0442\u043e\u0432\u0430\u043d\u043d\u0430\u044f \u0437\u0435\u043c\u043b\u044f \u0434\u043b\u044f \u0432\u0435\u043b\u0438\u043a\u0438\u0445 \u0445\u0443\u0434\u043e\u0436\u043d\u0438\u043a\u043e\u0432, \u043c\u0443\u0437\u044b\u043a\u0430\u043d\u0442\u043e\u0432, \u043f\u0438\u0441\u0430\u0442\u0435\u043b\u0435\u0439. \u041e\u043d\u0430 \u043f\u043b\u0435\u043d\u044f\u0435\u0442 \u0440\u0430\u0437 \u0438 \u043d\u0430\u0432\u0441\u0435\u0433\u0434\u0430 \u0441\u0432\u043e\u0438\u043c\u0438 \u0430\u0440\u043e\u043c\u0430\u0442\u0430\u043c\u0438, \u0441\u0432\u043e\u0435\u0439 \u043c\u0443\u0437\u044b\u043a\u043e\u0439, \u0441\u0432\u043e\u0435\u0439 \u0430\u0442\u043c\u043e\u0441\u0444\u0435\u0440\u043e\u0439!</p>\r\n", "image": "uploads/wedding/country/France.jpg", "wt_1": false, "wt_2": true, "wt_3": false, "slug": "france"}}, {"pk": 1, "model": "wedding.country", "fields": {"map": "uploads/wedding/country/country-map.jpg", "title": "\u0427\u0435\u0445\u0438\u044f", "text": "<p>\u0427\u0435\u0445\u0438\u044f &ndash; \u0433\u043e\u0441\u0443\u0434\u0430\u0440\u0441\u0442\u0432\u043e \u0432 \u0426\u0435\u043d\u0442\u0440\u0430\u043b\u044c\u043d\u043e\u0439 \u0415\u0432\u0440\u043e\u043f\u0435, \u0441\u043e\u0441\u0435\u0434\u0441\u0442\u0432\u0443\u044e\u0449\u0435\u0435 \u0441 \u0410\u0432\u0441\u0442\u0440\u0438\u0435\u0439, \u041f\u043e\u043b\u044c\u0448\u0435\u0439, \u0421\u043b\u043e\u0432\u0430\u043a\u0438\u0435\u0439 \u0438 \u0413\u0435\u0440\u043c\u0430\u043d\u0438\u0435\u0439. \u0421\u0435\u0440\u0434\u0446\u0435 \u0427\u0435\u0445\u0438\u0438 &ndash; \u043a\u0440\u0430\u0441\u0430\u0432\u0438\u0446\u0430 \u041f\u0440\u0430\u0433\u0430 \u0441 \u0435\u0435 \u0443\u043d\u0438\u043a\u0430\u043b\u044c\u043d\u044b\u043c \u0430\u0440\u0445\u0438\u0442\u0435\u043a\u0442\u0443\u0440\u043d\u044b\u043c \u0438 \u043a\u0443\u043b\u044c\u0442\u0443\u0440\u043d\u044b\u043c \u043d\u0430\u0441\u043b\u0435\u0434\u0438\u0435\u043c. \u0417\u0434\u0435\u0441\u044c \u043d\u0430 \u043a\u0430\u0436\u0434\u043e\u043c \u0448\u0430\u0433\u0443 \u0441\u043b\u044b\u0448\u043d\u044b \u043e\u0442\u0433\u043e\u043b\u043e\u0441\u043a\u0438 \u043f\u0440\u043e\u0448\u0435\u0434\u0448\u0438\u0445 \u044d\u043f\u043e\u0445. \u041d\u0430 \u0442\u0435\u0440\u0440\u0438\u0442\u043e\u0440\u0438\u0438 \u0441\u0442\u0440\u0430\u043d\u044b \u0440\u0430\u0441\u043f\u043e\u043b\u043e\u0436\u0438\u043b\u0430\u0441\u044c \u0411\u043e\u0433\u0435\u043c\u0438\u044f \u0441 \u0435\u0435 \u0436\u0438\u0432\u043e\u043f\u0438\u0441\u043d\u044b\u043c\u0438 \u0432\u043e\u0434\u043d\u044b\u043c\u0438 \u043b\u0430\u043d\u0434\u0448\u0430\u0444\u0442\u0430\u043c\u0438, \u043f\u0440\u0435\u0434\u0441\u0442\u0430\u0432\u043b\u0435\u043d\u043d\u044b\u043c\u0438 \u0431\u0430\u0441\u0441\u0435\u0439\u043d\u0430\u043c\u0438 \u0440\u0435\u043a \u0412\u043b\u0442\u0430\u0432\u044b \u0438 \u041b\u0430\u0431\u044b, \u0430 \u0442\u0430\u043a\u0436\u0435 \u041c\u043e\u0440\u0430\u0432\u0438\u044f &ndash; \u0432\u043e\u0441\u0442\u043e\u0447\u043d\u0430\u044f \u0447\u0430\u0441\u0442\u044c \u0441 \u0435\u0435 \u0445\u043e\u043b\u043c\u0438\u0441\u0442\u044b\u043c \u0440\u0435\u043b\u044c\u0435\u0444\u043e\u043c. \u0427\u0435\u0445\u0438\u044f &ndash; \u0436\u0435\u043c\u0447\u0443\u0436\u0438\u043d\u0430 \u0415\u0432\u0440\u043e\u043f\u044b, \u0438\u0441\u0442\u043e\u0440\u0438\u0447\u0435\u0441\u043a\u0438\u0439 \u0440\u0430\u0440\u0438\u0442\u0435\u0442 \u0438 \u0433\u0430\u0441\u0442\u0440\u043e\u043d\u043e\u043c\u0438\u0447\u0435\u0441\u043a\u0438\u0439 \u0446\u0435\u043d\u0442\u0440, \u043a\u043e\u0442\u043e\u0440\u044b\u0439 \u043f\u0440\u0438\u0432\u043b\u0435\u043a\u0430\u0435\u0442 \u043b\u044e\u0431\u0438\u0442\u0435\u043b\u0435\u0439 \u0438\u0441\u0442\u043e\u0440\u0438\u0447\u0435\u0441\u043a\u0438\u0445 \u044d\u043a\u0441\u043a\u0443\u0440\u0441\u043e\u0432, \u0444\u043e\u0442\u043e\u0433\u0440\u0430\u0444\u043e\u0432 \u0438 \u043c\u043e\u043b\u043e\u0434\u043e\u0436\u0435\u043d\u043e\u0432, \u0430 \u0442\u0430\u043a\u0436\u0435 \u0433\u0443\u0440\u043c\u0430\u043d\u043e\u0432 \u0441\u043e \u0432\u0441\u0435\u0445 \u0443\u0433\u043e\u043b\u043a\u043e\u0432 \u043c\u0438\u0440\u0430.</p>\r\n", "image": "uploads/wedding/country/shutterstock_132621617_2.jpg", "wt_1": true, "wt_2": true, "wt_3": true, "slug": "chehiya"}}, {"pk": 1, "model": "wedding.placeeventtype", "fields": {"name": "\u041e\u0444\u0438\u0446\u0438\u0430\u043b\u044c\u043d\u0430\u044f \u0446\u0435\u0440\u0435\u043c\u043e\u043d\u0438\u044f"}}, {"pk": 2, "model": "wedding.placeeventtype", "fields": {"name": "\u0421\u0438\u043c\u0432\u043e\u043b\u0438\u0447\u0435\u0441\u043a\u0430\u044f \u0446\u0435\u0440\u0435\u043c\u043e\u043d\u0438\u044f"}}, {"pk": 3, "model": "wedding.placeeventtype", "fields": {"name": "\u0412\u0435\u043d\u0447\u0430\u043d\u0438\u0435"}}, {"pk": 4, "model": "wedding.placeeventtype", "fields": {"name": "\u0420\u043e\u043c\u0430\u043d\u0442\u0438\u0447\u0435\u0441\u043a\u043e\u0435 \u043f\u0443\u0442\u0435\u0448\u0435\u0441\u0442\u0432\u0438\u0435"}}, {"pk": 5, "model": "wedding.placeeventtype", "fields": {"name": "\u0414\u0435\u0432\u0438\u0447\u043d\u0438\u043a"}}, {"pk": 6, "model": "wedding.placeeventtype", "fields": {"name": "\u041c\u0430\u043b\u044c\u0447\u0438\u0448\u043d\u0438\u043a"}}, {"pk": 1, "model": "wedding.placetype", "fields": {"name": "\u0441\u0442\u0430\u0440\u0438\u043d\u043d\u044b\u0439 \u0437\u0430\u043c\u043e\u043a"}}, {"pk": 2, "model": "wedding.placetype", "fields": {"name": "\u043f\u043b\u044f\u0436"}}, {"pk": 3, "model": "wedding.placetype", "fields": {"name": "5* \u043e\u0442\u0435\u043b\u044c"}}, {"pk": 4, "model": "wedding.placetype", "fields": {"name": "\u0432\u0435\u0440\u0448\u0438\u043d\u044b \u0441\u043d\u0435\u0436\u043d\u044b\u0445 \u0433\u043e\u0440"}}, {"pk": 5, "model": "wedding.placetype", "fields": {"name": "\u043a\u043e\u0440\u0430\u0431\u043b\u044c"}}, {"pk": 6, "model": "wedding.placetype", "fields": {"name": "\u0437\u0430\u0433\u043e\u0440\u043e\u0434\u043d\u044b\u0439 \u0434\u043e\u043c"}}, {"pk": 7, "model": "wedding.placetype", "fields": {"name": "\u0442\u0430\u0438\u043d\u0441\u0442\u0432\u0435\u043d\u043d\u044b\u0439 \u043b\u0435\u0441"}}, {"pk": 8, "model": "wedding.placetype", "fields": {"name": "\u0446\u0432\u0435\u0442\u0443\u0449\u0438\u0439 \u0441\u0430\u0434"}}, {"pk": 1, "model": "wedding.placeseason", "fields": {"name": "\u0437\u0438\u043c\u0430"}}, {"pk": 2, "model": "wedding.placeseason", "fields": {"name": "\u0432\u0435\u0441\u043d\u0430"}}, {"pk": 3, "model": "wedding.placeseason", "fields": {"name": "\u043b\u0435\u0442\u043e"}}, {"pk": 4, "model": "wedding.placeseason", "fields": {"name": "\u043e\u0441\u0435\u043d\u044c"}}, {"pk": 1, "model": "wedding.place", "fields": {"season": [2, 3, 4], "name": "\u0417\u0430\u043c\u043e\u043a \u0413\u043b\u0443\u0431\u043e\u043a\u0430 \u043d\u0430\u0434 \u0412\u043b\u0442\u0430\u0432\u043e\u0439", "service": "\u041f\u043e\u0434\u0440\u043e\u0431\u043d\u043e\u0441\u0442\u0438 \u043f\u043e \u0441\u0442\u043e\u0438\u043c\u043e\u0441\u0442\u0438 \u0446\u0435\u0440\u0435\u043c\u043e\u043d\u0438\u0438 \u0443\u0442\u043e\u0447\u043d\u044f\u0439\u0442\u0435 \u0443 \u0441\u0432\u0430\u0434\u0435\u0431\u043d\u043e\u0433\u043e \u043a\u043e\u043e\u0440\u0434\u0438\u043d\u0430\u0442\u043e\u0440\u0430. \u041a\u0430\u0436\u0434\u0430\u044f \u0441\u0432\u0430\u0434\u044c\u0431\u0430 \u0440\u0430\u0441\u0441\u0447\u0438\u0442\u044b\u0432\u0430\u0435\u0442\u0441\u044f \u0438\u043d\u0434\u0438\u0432\u0438\u0434\u0443\u0430\u043b\u044c\u043d\u043e", "coords_y": 15.872497558599999, "file_promo": "", "country": 1, "price": "\u0426\u0435\u0440\u0435\u043c\u043e\u043d\u0438\u044f \u043e\u0442 2600 \u0435\u0432\u0440\u043e", "coords_x": 49.553725513499998, "place_type": [1], "slug": "hlubok-nad-vltavou", "file_service": "", "file_price": "", "text": "<p>\u0417\u0430\u043c\u043e\u043a \u0413\u043b\u0443\u0431\u043e\u043a\u0430 \u0431\u044b\u043b \u043f\u043e\u0441\u0442\u0440\u043e\u0435\u043d \u0432 13 \u0432\u0435\u043a\u0435 \u0434\u0432\u043e\u0440\u044f\u043d\u0438\u043d\u043e\u043c \u0438\u0437 \u0411\u0443\u0434\u0435\u0451\u0432\u0435\u0446 \u0438 \u0438\u0437\u043d\u0430\u0447\u0430\u043b\u044c\u043d\u043e \u0437\u0430\u0434\u0443\u043c\u044b\u0432\u0430\u043b\u0441\u044f \u043a\u0430\u043a \u0441\u0442\u043e\u0440\u043e\u0436\u0435\u0432\u0430\u044f \u043a\u0440\u0435\u043f\u043e\u0441\u0442\u044c. \u041f\u0435\u0441\u043a\u0438 \u0432\u0440\u0435\u043c\u0435\u043d\u0438 \u043d\u0430\u043b\u043e\u0436\u0438\u043b\u0438 \u043d\u0430 \u0430\u0440\u0445\u0438\u0442\u0435\u043a\u0442\u0443\u0440\u0443 \u0437\u0430\u043c\u043a\u0430 \u0441\u0432\u043e\u0439 \u043e\u0442\u043f\u0435\u0447\u0430\u0442\u043e\u043a, \u043d\u0430\u0434\u0435\u043b\u0438\u0432 \u0435\u0433\u043e \u0447\u0435\u0440\u0442\u0430\u043c\u0438 \u0440\u0435\u043d\u0435\u0441\u0441\u0430\u043d\u0441\u0430, \u0431\u0430\u0440\u043e\u043a\u043a\u043e, \u043d\u0435\u043e\u0433\u043e\u0442\u0438\u043a\u0438. \u041f\u043e\u0437\u0434\u043d\u0435\u0435 \u0430\u0440\u0445\u0438\u0442\u0435\u043a\u0442\u043e\u0440 \u0438\u0437 \u0412\u0435\u043d\u044b \u043f\u0435\u0440\u0435\u0441\u0442\u0440\u043e\u0438\u043b \u0435\u0433\u043e \u043f\u043e \u043e\u0431\u0440\u0430\u0437\u0446\u0443 \u0412\u0438\u043d\u0434\u0437\u043e\u0440\u0441\u043a\u043e\u0433\u043e \u0437\u0430\u043c\u043a\u0430. \u0421\u0430\u043c \u043a\u043e\u043c\u043f\u043b\u0435\u043a\u0441 \u0437\u0430\u043c\u043a\u0430 \u0432\u043a\u043b\u044e\u0447\u0430\u0435\u0442 140 \u043a\u043e\u043c\u043d\u0430\u0442, \u0438\u043d\u0442\u0435\u0440\u044c\u0435\u0440 \u043a\u043e\u0442\u043e\u0440\u044b\u0445 \u0443\u043a\u0440\u0430\u0448\u0435\u043d \u0434\u0435\u0440\u0435\u0432\u044f\u043d\u043d\u044b\u043c\u0438 \u0438\u0437\u0440\u0430\u0437\u0446\u0430\u043c\u0438, 11 \u0431\u0430\u0448\u0435\u043d, \u0434\u0432\u0430 \u0432\u043d\u0443\u0442\u0440\u0435\u043d\u043d\u0438\u0445 \u0434\u0432\u043e\u0440\u0430, \u043a\u043e\u043d\u044e\u0448\u043d\u0438 \u0438 \u043e\u0440\u0430\u043d\u0436\u0435\u0440\u0435\u044e.&nbsp; \u0417\u0430\u043c\u043e\u043a \u043e\u0442\u043a\u0440\u044b\u0442 \u0434\u043b\u044f \u0433\u043e\u0441\u0442\u0435\u0439 \u043a\u0440\u0443\u0433\u043b\u044b\u0439 \u0433\u043e\u0434. \u0418 \u0432\u043d\u0435\u0448\u043d\u0438\u0439 \u043e\u0431\u043b\u0438\u043a \u0444\u0430\u0441\u0430\u0434\u043e\u0432, \u0438 \u043e\u043a\u0440\u0443\u0436\u0430\u044e\u0449\u0438\u0439 \u0437\u0430\u043c\u043e\u043a \u043f\u0435\u0439\u0437\u0430\u0436, \u0438 \u0432\u043d\u0443\u0442\u0440\u0435\u043d\u043d\u0435\u0435 \u0443\u0431\u0440\u0430\u043d\u0441\u0442\u0432\u043e &ndash; \u043f\u0440\u043e\u0441\u0442\u043e \u0432\u0435\u043b\u0438\u043a\u043e\u043b\u0435\u043f\u043d\u044b! \u041d\u0435 \u0443\u0434\u0438\u0432\u0438\u0442\u0435\u043b\u044c\u043d\u043e, \u0447\u0442\u043e \u043c\u043d\u043e\u0433\u043e\u0447\u0438\u0441\u043b\u0435\u043d\u043d\u044b\u0435 \u043f\u0430\u0440\u044b \u0441\u0442\u0440\u0435\u043c\u044f\u0442\u0441\u044f \u043f\u0440\u043e\u0432\u0435\u0441\u0442\u0438 \u0441\u0432\u043e\u044e \u0441\u0432\u0430\u0434\u044c\u0431\u0443 \u0438\u043c\u0435\u043d\u043d\u043e \u0432 \u0437\u0430\u043c\u043a\u0435 \u0413\u043b\u0443\u0431\u043e\u043a\u0430! \u0412 \u043a\u0430\u0447\u0435\u0441\u0442\u0432\u0435 \u0431\u0440\u0430\u0447\u043d\u044b\u0445 \u0443\u0441\u043b\u0443\u0433 \u0437\u0434\u0435\u0441\u044c \u043c\u043e\u0436\u043d\u043e \u0437\u0430\u043a\u0430\u0437\u0430\u0442\u044c \u0431\u0435\u043b\u043e\u0441\u043d\u0435\u0436\u043d\u0443\u044e \u043a\u0430\u0440\u0435\u0442\u0443, \u0442\u043e\u0440\u0436\u0435\u0441\u0442\u0432\u0435\u043d\u043d\u044b\u0435 \u0444\u0430\u043d\u0444\u0430\u0440\u044b, \u043a\u043e\u0441\u0442\u044e\u043c\u0438\u0440\u043e\u0432\u0430\u043d\u043d\u044b\u0435 \u043f\u0440\u0430\u0437\u0434\u043d\u0438\u0447\u043d\u044b\u0435 \u0448\u0435\u0441\u0442\u0432\u0438\u044f \u0438 \u0434\u0430\u0436\u0435 \u043e\u0440\u0433\u0430\u043d\u0438\u0437\u0430\u0446\u0438\u044e \u0440\u044b\u0446\u0430\u0440\u0441\u043a\u0438\u0445 \u043f\u043e\u0435\u0434\u0438\u043d\u043a\u043e\u0432. \u041f\u043e\u0447\u0443\u0432\u0441\u0442\u0432\u0443\u0439\u0442\u0435 \u0441\u0435\u0431\u044f \u0417\u043e\u043b\u0443\u0448\u043a\u043e\u0439 \u0438\u0437 \u0441\u043a\u0430\u0437\u043a\u0438, \u043a\u043e\u0442\u043e\u0440\u0430\u044f \u043d\u0430\u0448\u043b\u0430 \u0441\u0432\u043e\u0435\u0433\u043e \u043f\u0440\u0438\u043d\u0446\u0430 \u0438\u043b\u0438 \u041c\u044d\u0440\u0438\u044f\u043c &ndash; \u043d\u0435\u0432\u0435\u0441\u0442\u043e\u0439 \u0420\u043e\u0431\u0438\u043d \u0413\u0443\u0434\u0430. \u0421\u044e\u0436\u0435\u0442 \u0432\u0430\u0448\u0435\u0439 \u0441\u043a\u0430\u0437\u043a\u0438 \u043c\u044b \u043c\u043e\u0436\u0435\u043c \u043d\u0430\u043f\u0438\u0441\u0430\u0442\u044c \u0432\u043c\u0435\u0441\u0442\u0435! \u0410 \u043b\u0443\u0447\u0448\u0435\u0439 \u043f\u0430\u043c\u044f\u0442\u044c\u044e \u043e \u0441\u0430\u043c\u043e\u043c \u0441\u0447\u0430\u0441\u0442\u043b\u0438\u0432\u043e\u043c \u0434\u043d\u0435 \u0441\u0442\u0430\u043d\u0443\u0442 \u0444\u043e\u0442\u043e\u0433\u0440\u0430\u0444\u0438\u0438, \u043f\u0440\u043e\u043d\u0438\u043a\u043d\u0443\u0442\u044b\u0435 \u0438\u0441\u0442\u043e\u0440\u0438\u0435\u0439 \u0432 \u0441\u043e\u0432\u0440\u0435\u043c\u0435\u043d\u043d\u043e\u0439 \u0438\u043d\u0442\u0435\u0440\u043f\u0440\u0435\u0442\u0430\u0446\u0438\u0438!</p>\r\n", "image": "uploads/wedding/place/Gluboka_nad_Vltavoj_3.jpg", "event_type": [1, 2]}}, {"pk": 2, "model": "wedding.place", "fields": {"season": [2, 3, 4], "name": "\u0414\u043e\u0431\u0440\u0438\u0448", "service": "\u041f\u043e\u0434\u0440\u043e\u0431\u043d\u043e\u0441\u0442\u0438 \u043f\u043e \u0441\u0442\u043e\u0438\u043c\u043e\u0441\u0442\u0438 \u0446\u0435\u0440\u0435\u043c\u043e\u043d\u0438\u0438 \u0443\u0442\u043e\u0447\u043d\u044f\u0439\u0442\u0435 \u0443 \u0441\u0432\u0430\u0434\u0435\u0431\u043d\u043e\u0433\u043e \u043a\u043e\u043e\u0440\u0434\u0438\u043d\u0430\u0442\u043e\u0440\u0430. \u041a\u0430\u0436\u0434\u0430\u044f \u0441\u0432\u0430\u0434\u044c\u0431\u0430 \u0440\u0430\u0441\u0441\u0447\u0438\u0442\u044b\u0432\u0430\u0435\u0442\u0441\u044f \u0438\u043d\u0434\u0438\u0432\u0438\u0434\u0443\u0430\u043b\u044c\u043d\u043e", "coords_y": null, "file_promo": "", "country": 1, "price": "\u0426\u0435\u0440\u0435\u043c\u043e\u043d\u0438\u044f \u043e\u0442 2300 \u0435\u0432\u0440\u043e", "coords_x": null, "place_type": [1], "slug": "dobrish", "file_service": "", "file_price": "", "text": "<p>\u041e\u0434\u043d\u0438\u043c \u0438\u0437 \u0440\u043e\u0441\u043a\u043e\u0448\u043d\u0435\u0439\u0448\u0438\u0445 \u0437\u0430\u043c\u043a\u043e\u0432 \u0432 \u0427\u0435\u0445\u0438\u0438 \u043f\u043e \u043f\u0440\u0430\u0432\u0443 \u0441\u0447\u0438\u0442\u0430\u0435\u0442\u0441\u044f \u0437\u0430\u043c\u043e\u043a \u0414\u043e\u0431\u0440\u0438\u0448. \u041e\u043d \u0440\u0430\u0441\u043f\u043e\u043b\u043e\u0436\u0438\u043b\u0441\u044f \u0432\u0441\u0435\u0433\u043e \u0432 40 \u043a\u043c \u043e\u0442 \u041f\u0440\u0430\u0433\u0438. \u0421\u0432\u043e\u0439 \u0441\u043e\u0432\u0440\u0435\u043c\u0435\u043d\u043d\u044b\u0439 \u0432\u043d\u0435\u0448\u043d\u0438\u0439 \u043e\u0431\u043b\u0438\u043a \u0414\u043e\u0431\u0440\u0438\u0448 \u043f\u0440\u0438\u043e\u0431\u0440\u0435\u043b \u0432 18 \u0432\u0435\u043a\u0435. \u0421\u0435\u0433\u043e\u0434\u043d\u044f \u044d\u0442\u043e \u0441\u043a\u0430\u0437\u043e\u0447\u043d\u043e\u0435 \u043c\u0435\u0441\u0442\u043e \u043f\u0440\u0438\u0432\u043b\u0435\u043a\u0430\u0435\u0442 \u0442\u0443\u0440\u0438\u0441\u0442\u043e\u0432 \u0438 \u043c\u043e\u043b\u043e\u0434\u043e\u0436\u0435\u043d\u043e\u0432 \u0441\u0432\u043e\u0435\u0439 \u0443\u043d\u0438\u043a\u0430\u043b\u044c\u043d\u043e\u0439 \u0430\u0440\u0445\u0438\u0442\u0435\u043a\u0442\u0443\u0440\u043e\u0439, \u0432\u0435\u043b\u0438\u043a\u043e\u043b\u0435\u043f\u043d\u044b\u043c \u0441\u0430\u0434\u043e\u0432\u043e-\u043f\u0430\u0440\u043a\u043e\u0432\u044b\u043c \u0430\u043d\u0441\u0430\u043c\u0431\u043b\u0435\u043c, \u0431\u043e\u0433\u0430\u0442\u044b\u043c \u0443\u0431\u0440\u0430\u043d\u0441\u0442\u0432\u043e\u043c, \u043a\u043e\u0442\u043e\u0440\u043e\u0435 \u0441\u043e\u0445\u0440\u0430\u043d\u0438\u043b\u043e\u0441\u044c \u043f\u043e\u0447\u0442\u0438 \u043d\u0435\u0442\u0440\u043e\u043d\u0443\u0442\u044b\u043c \u0434\u043e \u043d\u0430\u0448\u0438\u0445 \u0434\u043d\u0435\u0439. \u041a\u0430\u0436\u0435\u0442\u0441\u044f, \u0447\u0442\u043e \u0432\u043e\u0442-\u0432\u043e\u0442 \u0437\u0430\u0437\u0432\u0443\u0447\u0438\u0442 \u043c\u0443\u0437\u044b\u043a\u0430, \u0438 \u043f\u0440\u0438\u0434\u0432\u043e\u0440\u043d\u044b\u0435 \u0434\u0430\u043c\u044b \u0441 \u043a\u0430\u0432\u0430\u043b\u0435\u0440\u0430\u043c\u0438 \u0437\u0430\u043a\u0440\u0443\u0436\u0430\u0442\u0441\u044f \u0432 \u0440\u0438\u0442\u043c\u0435 \u0432\u0430\u043b\u044c\u0441\u0430.&nbsp;\u0421\u0432\u0430\u0434\u044c\u0431\u0430 \u0432 \u0437\u0430\u043c\u043a\u0435 \u0414\u043e\u0431\u0440\u0438\u0448 &ndash; \u043a\u0440\u0430\u0441\u0438\u0432\u0430\u044f \u0438 \u0441\u0442\u0430\u0440\u0438\u043d\u043d\u0430\u044f \u0442\u0440\u0430\u0434\u0438\u0446\u0438\u044f. \u0412 \u0417\u0435\u0440\u043a\u0430\u043b\u044c\u043d\u043e\u043c \u0437\u0430\u043b\u0435 \u0437\u0430\u043c\u043a\u0430 \u043a\u043b\u044f\u0442\u0432\u044b \u0432\u0435\u0440\u043d\u043e\u0441\u0442\u0438 \u0434\u0430\u0432\u0430\u043b\u0438 \u0438\u0437\u0432\u0435\u0441\u0442\u043d\u044b\u0435 \u043b\u044e\u0434\u0438, \u0442\u0430\u043a\u0438\u0435 \u043a\u0430\u043a \u0444\u0443\u0442\u0431\u043e\u043b\u0438\u0441\u0442\u044b \u0422\u043e\u043c\u0430\u0448 \u042e\u043d, \u042f\u043d \u041a\u043e\u043b\u0435\u0440, \u0445\u043e\u043a\u043a\u0435\u0438\u0441\u0442 \u0418\u0440\u0436\u0438 \u0424\u0438\u0448\u0435\u0440 \u0438 \u0447\u0435\u0448\u0441\u043a\u0430\u044f \u043f\u0435\u0432\u0438\u0446\u0430 \u041c\u043e\u043d\u0438\u043a\u0430 \u0410\u0431\u0441\u043e\u043b\u043e\u043d\u043e\u0432\u0430. \u041f\u0440\u0438 \u0436\u0435\u043b\u0430\u043d\u0438\u0438 \u0441\u0432\u0430\u0434\u044c\u0431\u0443 \u043c\u043e\u0436\u043d\u043e \u043f\u0440\u043e\u0432\u0435\u0441\u0442\u0438 \u0438 \u043d\u0430 \u043e\u0442\u043a\u0440\u044b\u0442\u043e\u043c \u0432\u043e\u0437\u0434\u0443\u0445\u0435 &ndash; \u0432\u043e \u0444\u0440\u0430\u043d\u0446\u0443\u0437\u0441\u043a\u043e\u043c \u0441\u0430\u0434\u0443. \u0421\u0440\u0435\u0434\u0438 \u043f\u0440\u0438\u0447\u0443\u0434\u043b\u0438\u0432\u044b\u0445 \u0431\u0430\u043b\u043a\u043e\u043d\u043e\u0432, \u0430\u0440\u043a\u0430\u0434 \u0438 \u043b\u0435\u0441\u0442\u043d\u0438\u0446, \u0438\u043d\u0442\u0435\u0440\u043f\u0440\u0435\u0442\u0438\u0440\u043e\u0432\u0430\u043d\u043d\u043e\u0433\u043e \u043b\u0430\u0431\u0438\u0440\u0438\u043d\u0442\u0430, \u043a\u0430\u043c\u0435\u043d\u043d\u044b\u0445 \u0441\u0442\u0430\u0442\u0443\u0439 \u0438 \u043e\u0431\u0440\u0430\u043c\u043b\u0435\u043d\u043d\u043e\u0433\u043e \u0446\u0432\u0435\u0442\u043e\u0447\u043d\u043e\u0439 \u043e\u043f\u0440\u0430\u0432\u043e\u0439 \u0444\u043e\u043d\u0442\u0430\u043d\u0430 \u0442\u0435\u0440\u044f\u0435\u0442\u0441\u044f \u0441\u0447\u0435\u0442 \u0432\u0440\u0435\u043c\u0435\u043d\u0438. \u0427\u0443\u0432\u0441\u0442\u0432\u0430 \u0432\u043e\u0441\u0442\u043e\u0440\u0433\u0430 \u0438 \u0432\u0435\u043b\u0438\u043a\u043e\u043b\u0435\u043f\u043d\u044b\u0435 \u0444\u043e\u0442\u043e\u0433\u0440\u0430\u0444\u0438\u0438 \u043d\u0430\u0432\u0441\u0435\u0433\u0434\u0430 \u043e\u0441\u0442\u0430\u043d\u0443\u0442\u0441\u044f \u043a\u0430\u043a \u043f\u0430\u043c\u044f\u0442\u044c \u043e \u0434\u043d\u0435, \u043a\u043e\u0433\u0434\u0430 \u043e\u0431\u044a\u0435\u0434\u0438\u043d\u0438\u043b\u0438\u0441\u044c \u0432\u0430\u0448\u0438 \u0441\u0435\u0440\u0434\u0446\u0430.&nbsp;\u0421\u0442\u043e\u0438\u0442 \u043f\u0440\u0438\u0431\u0430\u0432\u0438\u0442\u044c \u043a \u044d\u0442\u043e\u043c\u0443 \u0433\u0430\u043b\u0430-\u0443\u0436\u0438\u043d \u043e\u0442 \u043b\u0443\u0447\u0448\u0438\u0445 \u0447\u0435\u0448\u0441\u043a\u0438\u0445 \u043f\u043e\u0432\u0430\u0440\u043e\u0432, \u043f\u0440\u043e\u0444\u0435\u0441\u0441\u0438\u043e\u043d\u0430\u043b\u044c\u043d\u043e\u0435 \u043c\u0443\u0437\u044b\u043a\u0430\u043b\u044c\u043d\u043e\u0435 \u0441\u043e\u043f\u0440\u043e\u0432\u043e\u0436\u0434\u0435\u043d\u0438\u0435 \u0438 \u043a\u043e\u043c\u0444\u043e\u0440\u0442\u0430\u0431\u0435\u043b\u044c\u043d\u044b\u0439 \u043d\u043e\u043c\u0435\u0440 \u0432 \u0430\u043f\u0430\u0440\u0442\u0430\u043c\u0435\u043d\u0442\u0430\u0445 \u0434\u043b\u044f \u043d\u043e\u0432\u043e\u0431\u0440\u0430\u0447\u043d\u044b\u0445, \u0438 \u0441\u0442\u0430\u043d\u043e\u0432\u0438\u0442\u0441\u044f \u043f\u043e\u043d\u044f\u0442\u043d\u043e, \u0447\u0442\u043e \u044d\u0442\u0430 \u0441\u043a\u0430\u0437\u043a\u0430 &ndash; \u0434\u043e\u0441\u0442\u043e\u0439\u043d\u043e\u0435 \u043d\u0430\u0447\u0430\u043b\u043e \u0432\u0430\u0448\u0435\u0439 \u0441\u0447\u0430\u0441\u0442\u043b\u0438\u0432\u043e\u0439 \u0441\u0435\u043c\u0435\u0439\u043d\u043e\u0439 \u0436\u0438\u0437\u043d\u0438.</p>\r\n", "image": "uploads/wedding/place/Dobris_1.jpg", "event_type": [1, 2]}}, {"pk": 3, "model": "wedding.place", "fields": {"season": [2, 3, 4], "name": "\u0415\u043c\u043d\u0438\u0448\u0442\u0435", "service": "\u041f\u043e\u0434\u0440\u043e\u0431\u043d\u043e\u0441\u0442\u0438 \u043f\u043e \u0441\u0442\u043e\u0438\u043c\u043e\u0441\u0442\u0438 \u0446\u0435\u0440\u0435\u043c\u043e\u043d\u0438\u0438 \u0443\u0442\u043e\u0447\u043d\u044f\u0439\u0442\u0435 \u0443 \u0441\u0432\u0430\u0434\u0435\u0431\u043d\u043e\u0433\u043e \u043a\u043e\u043e\u0440\u0434\u0438\u043d\u0430\u0442\u043e\u0440\u0430. \u041a\u0430\u0436\u0434\u0430\u044f \u0441\u0432\u0430\u0434\u044c\u0431\u0430 \u0440\u0430\u0441\u0441\u0447\u0438\u0442\u044b\u0432\u0430\u0435\u0442\u0441\u044f \u0438\u043d\u0434\u0438\u0432\u0438\u0434\u0443\u0430\u043b\u044c\u043d\u043e", "coords_y": null, "file_promo": "", "country": 1, "price": "\u0426\u0435\u0440\u0435\u043c\u043e\u043d\u0438\u044f \u043e\u0442 2000 \u0435\u0432\u0440\u043e", "coords_x": null, "place_type": [1], "slug": "emnishte", "file_service": "", "file_price": "", "text": "<p>\u0417\u0430\u043c\u043e\u043a \u0415\u043c\u043d\u0438\u0448\u0442\u0435 &ndash; \u0446\u0435\u043d\u0442\u0440 \u0441\u0440\u0435\u0434\u043e\u0442\u043e\u0447\u0438\u044f \u0432\u0441\u0435\u0439 \u0447\u0435\u0448\u0441\u043a\u043e\u0439 \u0430\u0440\u0438\u0441\u0442\u043e\u043a\u0440\u0430\u0442\u0438\u0438. \u0414\u0432\u0443\u0445\u044d\u0442\u0430\u0436\u043d\u043e\u0435 \u0437\u0434\u0430\u043d\u0438\u0435, \u0431\u043e\u043b\u044c\u0448\u0435 \u043f\u043e\u0445\u043e\u0436\u0435\u0435 \u043d\u0430 \u0443\u044e\u0442\u043d\u0443\u044e \u0432\u0438\u043b\u043b\u0443, \u043f\u043e\u0441\u0442\u0440\u043e\u0435\u043d\u043e \u0432 \u0441\u0442\u0438\u043b\u0435 \u0440\u043e\u043a\u043e\u043a\u043e. \u0417\u0430\u043c\u043e\u043a \u043e\u043a\u0440\u0443\u0436\u0435\u043d \u043f\u0430\u0440\u043a\u043e\u043c \u0441 \u0435\u0433\u043e \u0443\u0445\u043e\u0436\u0435\u043d\u043d\u044b\u043c\u0438 \u0433\u0430\u0437\u043e\u043d\u0430\u043c\u0438, \u043a\u0440\u0430\u0441\u0438\u0432\u044b\u043c\u0438 \u0446\u0432\u0435\u0442\u043d\u0438\u043a\u0430\u043c\u0438 \u0438 \u043c\u0430\u043b\u044b\u043c\u0438 \u0430\u0440\u0445\u0438\u0442\u0435\u043a\u0442\u0443\u0440\u043d\u044b\u043c\u0438 \u0444\u043e\u0440\u043c\u0430\u043c\u0438. \u042d\u0442\u043e \u0438\u0434\u0435\u0430\u043b\u044c\u043d\u043e\u0435 \u043c\u0435\u0441\u0442\u043e \u0434\u043b\u044f \u0442\u0435\u0445, \u043a\u0442\u043e \u0445\u043e\u0447\u0435\u0442 \u043f\u0440\u043e\u0432\u0435\u0441\u0442\u0438 \u0441\u0432\u043e\u044e \u0441\u0432\u0430\u0434\u044c\u0431\u0443 \u0432 \u0434\u0443\u0445\u0435 \u0435\u0432\u0440\u043e\u043f\u0435\u0439\u0441\u043a\u043e\u0439 \u0437\u043d\u0430\u0442\u0438 18-19 \u0432\u0435\u043a\u0430 \u0438 \u043f\u0440\u0438 \u044d\u0442\u043e\u043c \u0436\u0435\u043b\u0430\u0435\u0442 \u0431\u043e\u043b\u044c\u0448\u0435\u0439 \u043f\u0440\u0438\u0432\u0430\u0442\u043d\u043e\u0441\u0442\u0438. \u0414\u0432\u043e\u0440\u0435\u0446 \u0415\u043c\u043d\u0438\u0448\u0442\u0435 \u043d\u0430\u0445\u043e\u0434\u0438\u0442\u0441\u044f \u0432 50 \u043a\u043c \u043e\u0442 \u041f\u0440\u0430\u0433\u0438, \u043f\u0440\u0438 \u044d\u0442\u043e\u043c \u043e\u043d \u043d\u0435 \u0447\u0430\u0441\u0442\u043e \u0443\u043f\u043e\u043c\u0438\u043d\u0430\u0435\u0442\u0441\u044f \u0432 \u0442\u0443\u0440\u0438\u0441\u0442\u0438\u0447\u0435\u0441\u043a\u0438\u0445 \u043c\u0430\u0440\u0448\u0440\u0443\u0442\u0430\u0445, \u043f\u043e\u044d\u0442\u043e\u043c\u0443 \u0437\u0434\u0435\u0441\u044c \u043c\u043e\u0436\u043d\u043e \u0431\u0443\u0434\u0435\u0442 \u0432 \u043f\u043e\u043b\u043d\u043e\u0439 \u043c\u0435\u0440\u0435 \u043d\u0430\u0441\u043b\u0430\u0434\u0438\u0442\u044c\u0441\u044f \u0443\u0435\u0434\u0438\u043d\u0435\u043d\u043d\u043e\u0441\u0442\u044c\u044e \u043d\u0430 \u0444\u043e\u043d\u0435 \u043a\u0440\u0430\u0441\u0438\u0432\u043e\u0439 \u043f\u0440\u0438\u0440\u043e\u0434\u044b \u0438 \u0440\u043e\u0441\u043a\u043e\u0448\u043d\u043e\u0439 \u0430\u0440\u0445\u0438\u0442\u0435\u043a\u0442\u0443\u0440\u044b.&nbsp; \u0414\u043b\u044f \u043f\u0440\u043e\u0432\u0435\u0434\u0435\u043d\u0438\u044f \u0446\u0435\u0440\u0435\u043c\u043e\u043d\u0438\u0438 \u0431\u0440\u0430\u043a\u043e\u0441\u043e\u0447\u0435\u0442\u0430\u043d\u0438\u044f \u043c\u043e\u0436\u043d\u043e \u0432\u044b\u0431\u0440\u0430\u0442\u044c \u043f\u0430\u0440\u0430\u0434\u043d\u044b\u0439 \u0437\u0430\u043b, \u0447\u0430\u0441\u043e\u0432\u043d\u044e \u0421\u0432\u044f\u0442\u043e\u0433\u043e \u0418\u043e\u0441\u0438\u0444\u0430, \u0440\u043e\u0437\u0430\u0440\u0438\u0439 \u0438\u043b\u0438 \u043f\u0430\u0440\u043a, \u0435\u0441\u043b\u0438 \u043f\u043e\u0437\u0432\u043e\u043b\u0438\u0442 \u043f\u043e\u0433\u043e\u0434\u0430. \u0412 \u043f\u0430\u0440\u043a\u0435 \u043c\u043e\u043b\u043e\u0434\u043e\u0436\u0435\u043d\u044b \u043f\u0440\u0438 \u0436\u0435\u043b\u0430\u043d\u0438\u0438 \u043c\u043e\u0433\u0443\u0442 \u043f\u043e\u0441\u0430\u0434\u0438\u0442\u044c \u0441\u0432\u043e\u0435 \u0434\u0435\u0440\u0435\u0432\u043e, \u043a\u043e\u0442\u043e\u0440\u043e\u0435 \u0431\u0443\u0434\u0435\u0442 \u0441\u0438\u043c\u0432\u043e\u043b\u0438\u0437\u0438\u0440\u043e\u0432\u0430\u0442\u044c \u043d\u0430\u0447\u0430\u043b\u043e \u0438\u0445 \u0441\u043e\u0432\u043c\u0435\u0441\u0442\u043d\u043e\u0439 \u0436\u0438\u0437\u043d\u0438. \u041f\u0440\u0430\u0437\u0434\u043d\u0438\u0447\u043d\u044b\u0439 \u0431\u0430\u043d\u043a\u0435\u0442 \u043c\u043e\u0436\u043d\u043e \u043f\u0440\u043e\u0432\u0435\u0441\u0442\u0438 \u0437\u0434\u0435\u0441\u044c \u0436\u0435 \u0432 \u0440\u043e\u0441\u043a\u043e\u0448\u043d\u043e\u043c \u0440\u0435\u0441\u0442\u043e\u0440\u0430\u043d\u0435, \u0438\u043d\u0442\u0435\u0440\u044c\u0435\u0440 \u043a\u043e\u0442\u043e\u0440\u043e\u0433\u043e \u0434\u043e\u043f\u043e\u043b\u043d\u0435\u043d \u0441\u0442\u0430\u0440\u0438\u043d\u043d\u043e\u0439 \u043c\u0435\u0431\u0435\u043b\u044c\u044e \u0438 \u043a\u0440\u0430\u0441\u043e\u0447\u043d\u044b\u043c\u0438 \u0434\u0435\u043a\u043e\u0440\u0430\u0446\u0438\u044f\u043c\u0438 \u0432 \u0441\u0442\u0438\u043b\u0435 \u043f\u0440\u043e\u0448\u0435\u0434\u0448\u0438\u0445 \u044d\u043f\u043e\u0445. \u0414\u043b\u044f \u043f\u0440\u043e\u0436\u0438\u0432\u0430\u043d\u0438\u044f \u043c\u043e\u043b\u043e\u0434\u043e\u0436\u0435\u043d\u044b \u043c\u043e\u0433\u0443\u0442 \u0432\u044b\u0431\u0440\u0430\u0442\u044c \u0441\u0442\u0430\u0440\u0438\u043d\u043d\u044b\u0435 \u0430\u043f\u0430\u0440\u0442\u0430\u043c\u0435\u043d\u0442\u044b \u0437\u0430\u043c\u043a\u0430 \u0415\u043c\u043d\u0438\u0448\u0442\u0435. \u041b\u0435\u0433\u043a\u0438\u0439 \u043f\u0440\u0430\u0437\u0434\u043d\u0438\u0447\u043d\u044b\u0439 \u0437\u0430\u0432\u0442\u0440\u0430\u043a \u0431\u0443\u0434\u0435\u0442 \u043f\u0440\u0438\u044f\u0442\u043d\u044b\u043c \u043d\u0430\u0447\u0430\u043b\u043e\u043c \u043d\u043e\u0432\u043e\u0433\u043e \u0434\u043d\u044f.</p>\r\n", "image": "uploads/wedding/place/Emniste.jpg", "event_type": [1, 2]}}, {"pk": 4, "model": "wedding.place", "fields": {"season": [1, 2, 3, 4], "name": "\u041a\u043b\u0435\u043c\u0435\u043d\u0442\u0438\u043d\u0443\u043c ", "service": "\u041f\u043e\u0434\u0440\u043e\u0431\u043d\u043e\u0441\u0442\u0438 \u043f\u043e \u0441\u0442\u043e\u0438\u043c\u043e\u0441\u0442\u0438 \u0446\u0435\u0440\u0435\u043c\u043e\u043d\u0438\u0438 \u0443\u0442\u043e\u0447\u043d\u044f\u0439\u0442\u0435 \u0443 \u0441\u0432\u0430\u0434\u0435\u0431\u043d\u043e\u0433\u043e \u043a\u043e\u043e\u0440\u0434\u0438\u043d\u0430\u0442\u043e\u0440\u0430. \u041a\u0430\u0436\u0434\u0430\u044f \u0441\u0432\u0430\u0434\u044c\u0431\u0430 \u0440\u0430\u0441\u0441\u0447\u0438\u0442\u044b\u0432\u0430\u0435\u0442\u0441\u044f \u0438\u043d\u0434\u0438\u0432\u0438\u0434\u0443\u0430\u043b\u044c\u043d\u043e", "coords_y": null, "file_promo": "", "country": 1, "price": "\u0426\u0435\u0440\u0435\u043c\u043e\u043d\u0438\u044f \u043e\u0442 2100 \u0435\u0432\u0440\u043e", "coords_x": null, "place_type": [1], "slug": "klementinum-", "file_service": "", "file_price": "", "text": "<p>\u0412\u0430\u0448\u0430 \u0441\u0432\u0430\u0434\u044c\u0431\u0430 &ndash; \u0441\u043e\u0431\u044b\u0442\u0438\u0435 \u0432\u0435\u043a\u0430?! \u0422\u043e\u0433\u0434\u0430 \u0432\u0430\u0448 \u0432\u044b\u0431\u043e\u0440 &ndash; \u0433\u0440\u0430\u043d\u0434\u0438\u043e\u0437\u043d\u044b\u0439 \u0438\u0441\u0442\u043e\u0440\u0438\u043a\u043e-\u0430\u0440\u0445\u0438\u0442\u0435\u043a\u0442\u0443\u0440\u043d\u044b\u0439 \u043a\u043e\u043c\u043f\u043b\u0435\u043a\u0441 \u041a\u043b\u0435\u043c\u0435\u043d\u0442\u0438\u043d\u0443\u043c. \u041e\u043d \u0440\u0430\u0441\u043f\u043e\u043b\u0430\u0433\u0430\u0435\u0442\u0441\u044f \u0432 \u0441\u0430\u043c\u043e\u043c \u0441\u0435\u0440\u0434\u0446\u0435 \u0447\u0435\u0448\u0441\u043a\u043e\u0439 \u0441\u0442\u043e\u043b\u0438\u0446\u044b \u043d\u0430 \u041c\u0430\u0440\u0438\u0430\u043d\u0441\u043a\u043e\u0439 \u043f\u043b\u043e\u0449\u0430\u0434\u0438 \u0438 \u0437\u0430\u043d\u0438\u043c\u0430\u0435\u0442 \u043e\u0433\u0440\u043e\u043c\u043d\u0443\u044e \u0442\u0435\u0440\u0440\u0438\u0442\u043e\u0440\u0438\u044e.\u041a\u043b\u0435\u043c\u0435\u043d\u0442\u0438\u043d\u0443\u043c \u043c\u0430\u043b\u043e \u0438\u0437\u0432\u0435\u0441\u0442\u0435\u043d \u0441\u0440\u0435\u0434\u0438 \u0440\u043e\u0441\u0441\u0438\u0439\u0441\u043a\u0438\u0445 \u0433\u043e\u0441\u0442\u0435\u0439, \u043f\u0440\u0438 \u044d\u0442\u043e\u043c \u043f\u043e \u043a\u0440\u0430\u0441\u043e\u0442\u0435 \u0441\u0432\u043e\u0438\u0445 \u0430\u0440\u0445\u0438\u0442\u0435\u043a\u0442\u0443\u0440\u043d\u044b\u0445 \u0444\u043e\u0440\u043c \u0438 \u0438\u043d\u0442\u0435\u0440\u044c\u0435\u0440\u043e\u0432 \u043e\u043d \u043d\u0435 \u0443\u0441\u0442\u0443\u043f\u0430\u0435\u0442 \u041f\u0440\u0430\u0436\u0441\u043a\u043e\u043c\u0443 \u0433\u0440\u0430\u0434\u0443! \u042d\u0442\u043e \u0437\u043d\u0430\u0447\u0438\u0442, \u0447\u0442\u043e \u0441\u0432\u0430\u0434\u0435\u0431\u043d\u044b\u0435 \u0444\u043e\u0442\u043e\u0433\u0440\u0430\u0444\u0438\u0438, \u0441\u0434\u0435\u043b\u0430\u043d\u043d\u044b\u0435 \u0437\u0434\u0435\u0441\u044c, \u043d\u0435 \u0431\u0443\u0434\u0443\u0442 \u043f\u043e\u0445\u043e\u0436\u0438 \u043d\u0430 \u0444\u043e\u0442\u043e\u0433\u0440\u0430\u0444\u0438\u0438 \u0432 \u0430\u043b\u044c\u0431\u043e\u043c\u0430\u0445 \u0434\u0440\u0443\u0437\u0435\u0439 \u0438 \u0437\u043d\u0430\u043a\u043e\u043c\u044b\u0445.&nbsp;\u041d\u0435\u043f\u043e\u0441\u0440\u0435\u0434\u0441\u0442\u0432\u0435\u043d\u043d\u043e \u0441\u0432\u0430\u0434\u0435\u0431\u043d\u0430\u044f \u0446\u0435\u0440\u0435\u043c\u043e\u043d\u0438\u044f \u0431\u0443\u0434\u0435\u0442 \u043f\u0440\u043e\u0445\u043e\u0434\u0438\u0442\u044c \u0432 \u0417\u0435\u0440\u043a\u0430\u043b\u044c\u043d\u043e\u0439 \u041a\u0430\u043f\u0435\u043b\u043b\u0435, \u043a\u0443\u043f\u043e\u043b \u043a\u043e\u0442\u043e\u0440\u043e\u0439 \u0443\u043a\u0440\u0430\u0448\u0435\u043d \u0444\u0440\u0435\u0441\u043a\u0430\u043c\u0438 \u0441 \u0438\u0437\u043e\u0431\u0440\u0430\u0436\u0435\u043d\u0438\u0435\u043c \u041f\u0440\u0435\u0441\u0432\u044f\u0442\u043e\u0439 \u0411\u043e\u0433\u043e\u0440\u043e\u0434\u0438\u0446\u044b. \u0420\u043e\u0441\u043f\u0438\u0441\u044c \u0441\u0442\u0435\u043d &ldquo;\u0437\u0432\u0443\u0447\u0438\u0442&rdquo; \u0437\u0434\u0435\u0441\u044c \u0432 \u043c\u043d\u043e\u0433\u043e\u0447\u0438\u0441\u043b\u0435\u043d\u043d\u044b\u0445 \u0437\u0435\u0440\u043a\u0430\u043b\u0430\u0445, \u0443\u043a\u0440\u0430\u0448\u0430\u044e\u0449\u0438\u0445 \u043b\u0435\u043f\u043d\u0438\u043d\u0443. \u042d\u0442\u0430 \u0432\u043e\u0437\u0432\u044b\u0448\u0435\u043d\u043d\u0430\u044f \u043a\u0440\u0430\u0441\u043e\u0442\u0430 \u0442\u043e\u043d\u0435\u0442 \u0432 \u043a\u043b\u0430\u0441\u0441\u0438\u0447\u0435\u0441\u043a\u043e\u0439 \u043c\u0443\u0437\u044b\u043a\u0435, \u0438\u0437\u0432\u043b\u0435\u043a\u0430\u0435\u043c\u043e\u0439 \u0438\u0437 \u043e\u0440\u0433\u0430\u043d\u0430, \u043d\u0430 \u043a\u043e\u0442\u043e\u0440\u043e\u043c \u043f\u043e \u043f\u0440\u0435\u0434\u0430\u043d\u0438\u044e \u0438\u0433\u0440\u0430\u043b \u0441\u0430\u043c \u0412\u043e\u043b\u044c\u0444\u0433\u0430\u043d\u0433 \u0410\u043c\u0430\u0434\u0435\u0439 \u041c\u043e\u0446\u0430\u0440\u0442.&nbsp;\u0422\u043e\u0440\u0436\u0435\u0441\u0442\u0432\u0435\u043d\u043d\u044b\u0435 \u0437\u0430\u043b\u044b \u041a\u043b\u0435\u043c\u0435\u043d\u0442\u0438\u043d\u0443\u043c\u0430, \u043e\u0444\u043e\u0440\u043c\u043b\u0435\u043d\u043d\u044b\u0435 \u0432 \u0441\u0442\u0438\u043b\u0435 \u0431\u0430\u0440\u043e\u043a\u043a\u043e, \u043c\u043e\u0433\u0443\u0442 \u0432\u043c\u0435\u0441\u0442\u0438\u0442\u044c \u0434\u043e 150 \u0433\u043e\u0441\u0442\u0435\u0439.&nbsp;\u0411\u0435\u0441\u0446\u0435\u043d\u043d\u044b\u0435 \u0441\u0432\u0430\u0434\u0435\u0431\u043d\u044b\u0435 \u0444\u043e\u0442\u043e\u0433\u0440\u0430\u0444\u0438\u0438 \u043c\u043e\u0436\u043d\u043e \u0441\u0434\u0435\u043b\u0430\u0442\u044c \u0441 \u0410\u0441\u0442\u0440\u043e\u043d\u043e\u043c\u0438\u0447\u0435\u0441\u043a\u043e\u0439 \u0431\u0430\u0448\u043d\u0438 \u041a\u043b\u0435\u043c\u0435\u043d\u0442\u0438\u043d\u0443\u043c\u0430. \u041e\u0442\u0441\u044e\u0434\u0430 \u043e\u0442\u043a\u0440\u044b\u0432\u0430\u0435\u0442\u0441\u044f \u0436\u0438\u0432\u043e\u043f\u0438\u0441\u043d\u044b\u0439 \u0432\u0438\u0434 \u043d\u0430 \u0438\u0441\u0442\u043e\u0440\u0438\u043a\u043e-\u043a\u0443\u043b\u044c\u0442\u0443\u0440\u043d\u044b\u0439 \u0446\u0435\u043d\u0442\u0440 \u041f\u0440\u0430\u0433\u0438.&nbsp;\u041d\u0435\u043e\u0431\u044b\u0447\u043d\u044b\u0439 \u0430\u043d\u0442\u0443\u0440\u0430\u0436 \u043c\u043e\u043b\u043e\u0434\u043e\u0436\u0435\u043d\u044b \u043d\u0430\u0439\u0434\u0443\u0442 \u0432 \u041a\u043d\u0438\u0436\u043d\u043e\u043c \u0437\u0430\u043b\u0435 \u041a\u043b\u0435\u043c\u0435\u043d\u0442\u0438\u043d\u0443\u043c\u0430. \u0417\u0434\u0435\u0441\u044c \u0445\u0440\u0430\u043d\u044f\u0442\u0441\u044f \u0441\u0430\u043c\u044b\u0435 \u0440\u0435\u0434\u043a\u0438\u0435 \u043a\u043d\u0438\u0433\u0438, \u0430\u0441\u0442\u0440\u043e\u043d\u043e\u043c\u0438\u0447\u0435\u0441\u043a\u0438\u0435 \u0447\u0430\u0441\u044b, \u0433\u043b\u043e\u0431\u0443\u0441\u044b \u0438 \u0441\u0442\u0430\u0440\u0438\u043d\u043d\u044b\u0435 \u0444\u043e\u043b\u0438\u0430\u043d\u0442\u044b, \u043a\u043e\u0442\u043e\u0440\u044b\u043c\u0438 \u043c\u043e\u0436\u043d\u043e \u043b\u044e\u0431\u043e\u0432\u0430\u0442\u044c\u0441\u044f \u0431\u0435\u0441\u043a\u043e\u043d\u0435\u0447\u043d\u043e!</p>\r\n", "image": "uploads/wedding/place/Klimentinum_4.jpg", "event_type": [1]}}, {"pk": 5, "model": "wedding.place", "fields": {"season": [2, 3, 4], "name": "\u0428\u0430\u0442\u043e \u0411\u0430\u0440\u043e\u043a\u043a\u043e", "service": "\u041f\u043e\u0434\u0440\u043e\u0431\u043d\u043e\u0441\u0442\u0438 \u043f\u043e \u0441\u0442\u043e\u0438\u043c\u043e\u0441\u0442\u0438 \u0446\u0435\u0440\u0435\u043c\u043e\u043d\u0438\u0438 \u0443\u0442\u043e\u0447\u043d\u044f\u0439\u0442\u0435 \u0443 \u0441\u0432\u0430\u0434\u0435\u0431\u043d\u043e\u0433\u043e \u043a\u043e\u043e\u0440\u0434\u0438\u043d\u0430\u0442\u043e\u0440\u0430. \u041a\u0430\u0436\u0434\u0430\u044f \u0441\u0432\u0430\u0434\u044c\u0431\u0430 \u0440\u0430\u0441\u0441\u0447\u0438\u0442\u044b\u0432\u0430\u0435\u0442\u0441\u044f \u0438\u043d\u0434\u0438\u0432\u0438\u0434\u0443\u0430\u043b\u044c\u043d\u043e", "coords_y": null, "file_promo": "", "country": 1, "price": "\u0426\u0435\u0440\u0435\u043c\u043e\u043d\u0438\u044f \u043e\u0442 2100 \u0435\u0432\u0440\u043e", "coords_x": null, "place_type": [1], "slug": "shato-barokko", "file_service": "", "file_price": "", "text": "<p>\u0420\u043e\u043c\u0430\u043d\u0442\u0438\u043a\u0438 \u0434\u043b\u044f \u0441\u0432\u043e\u0435\u0439 \u043d\u0435\u043e\u0431\u044b\u043a\u043d\u043e\u0432\u0435\u043d\u043d\u043e\u0439 \u0441\u0432\u0430\u0434\u044c\u0431\u044b \u043c\u043e\u0433\u0443\u0442 \u0432\u044b\u0431\u0440\u0430\u0442\u044c \u0437\u0430\u043c\u043e\u043a \u0428\u0430\u0442\u043e \u0411\u0430\u0440\u043e\u043a\u043a\u043e, \u043a\u043e\u0442\u043e\u0440\u044b\u0439 \u043f\u043e \u043f\u0440\u0430\u0432\u0443 \u0441\u0447\u0438\u0442\u0430\u0435\u0442\u0441\u044f \u0436\u0435\u043c\u0447\u0443\u0436\u0438\u043d\u043e\u0439 \u0441\u0442\u0438\u043b\u044f \u0431\u0430\u0440\u043e\u043a\u043a\u043e \u0441 \u043e\u0431\u0438\u043b\u0438\u0435\u043c \u043b\u0435\u043f\u043d\u0438\u043d\u044b, \u0444\u0430\u043d\u0442\u0430\u0437\u0438\u0439\u043d\u044b\u0445 \u043f\u0438\u043b\u044f\u0441\u0442\u0440, \u0440\u043e\u0441\u043a\u043e\u0448\u043d\u044b\u0445 \u043e\u0440\u043d\u0430\u043c\u0435\u043d\u0442\u043e\u0432 \u0438 \u043a\u0440\u0430\u0441\u0438\u0432\u044b\u0445 \u043f\u043e\u043b\u043e\u0442\u0435\u043d, \u0443\u043a\u0440\u0430\u0448\u0430\u044e\u0449\u0438\u0445 \u0438\u043d\u0442\u0435\u0440\u044c\u0435\u0440\u044b. \u0420\u0430\u0441\u043f\u043e\u043b\u0430\u0433\u0430\u0435\u0442\u0441\u044f \u0437\u0430\u043c\u043e\u043a \u0432 35 \u043a\u043c \u043e\u0442 \u041f\u0440\u0430\u0433\u0438. \u041f\u0435\u0439\u0437\u0430\u0436\u0438 \u0432\u043e\u043a\u0440\u0443\u0433 \u0437\u0430\u043c\u043a\u0430 \u043f\u0440\u0435\u0434\u0441\u0442\u0430\u0432\u043b\u0435\u043d\u044b \u0438\u0434\u0435\u0430\u043b\u044c\u043d\u044b\u043c\u0438 \u0437\u0435\u043b\u0435\u043d\u044b\u043c\u0438 \u0433\u0430\u0437\u043e\u043d\u0430\u043c\u0438, \u043a\u0440\u0430\u0441\u0438\u0432\u044b\u043c\u0438 \u0434\u0435\u0440\u0435\u0432\u044c\u044f\u043c\u0438, \u043a\u043b\u0443\u043c\u0431\u0430\u043c\u0438 \u0438 \u043a\u0443\u0441\u0442\u0430\u0440\u043d\u0438\u043a\u0430\u043c\u0438. \u0411\u043b\u0438\u0437 \u0437\u0430\u043c\u043a\u0430 \u0440\u0430\u0441\u043f\u043e\u043b\u0430\u0433\u0430\u0435\u0442\u0441\u044f \u0444\u0440\u0430\u043d\u0446\u0443\u0437\u0441\u043a\u0438\u0439 \u043f\u0430\u0440\u043a, \u0436\u0438\u0432\u043e\u043f\u0438\u0441\u043d\u0430\u044f \u043f\u0430\u043d\u043e\u0440\u0430\u043c\u0430 \u043a\u043e\u0442\u043e\u0440\u043e\u0433\u043e \u043e\u0442\u043a\u0440\u044b\u0432\u0430\u0435\u0442\u0441\u044f \u0441 \u0442\u0435\u0440\u0440\u0430\u0441\u044b. \u0417\u0434\u0435\u0441\u044c \u0436\u0435 \u0440\u0430\u0441\u043f\u043e\u043b\u0430\u0433\u0430\u0435\u0442\u0441\u044f \u043f\u043e\u043c\u0435\u0441\u0442\u044c\u0435 \u0441 \u0447\u0430\u0441\u043e\u0432\u043d\u0435\u0439 \u0438 \u043c\u0430\u043b\u044b\u043c\u0438 \u0430\u0440\u0445\u0438\u0442\u0435\u043a\u0442\u0443\u0440\u043d\u044b\u043c\u0438 \u0444\u043e\u0440\u043c\u0430\u043c\u0438 &ndash; \u0438\u0434\u0435\u0430\u043b\u044c\u043d\u043e\u0435 \u043c\u0435\u0441\u0442\u043e \u0434\u043b\u044f \u0441\u0432\u0430\u0434\u0435\u0431\u043d\u043e\u0439 \u0444\u043e\u0442\u043e\u0441\u0435\u0441\u0441\u0438\u0438 \u0438 \u0440\u043e\u043c\u0430\u043d\u0442\u0438\u0447\u0435\u0441\u043a\u0438\u0445 \u043f\u0440\u043e\u0433\u0443\u043b\u043e\u043a! \u0421\u0430\u043c\u0430 \u0446\u0435\u0440\u0435\u043c\u043e\u043d\u0438\u044f \u0431\u0440\u0430\u043a\u043e\u0441\u043e\u0447\u0435\u0442\u0430\u043d\u0438\u044f \u043f\u0440\u043e\u0445\u043e\u0434\u0438\u0442 \u0432 \u041c\u0440\u0430\u043c\u043e\u0440\u043d\u043e\u043c \u0437\u0430\u043b\u0435 \u0437\u0430\u043c\u043a\u0430 \u0428\u0430\u0442\u043e \u0411\u0430\u0440\u043e\u043a\u043a\u043e \u0441 \u0435\u0433\u043e \u0431\u043e\u0433\u0430\u0442\u044b\u043c \u0443\u0431\u0440\u0430\u043d\u0441\u0442\u0432\u043e\u043c. \u041f\u043e\u043f\u0430\u0432 \u0441\u044e\u0434\u0430, \u043d\u0435\u0432\u043e\u043b\u044c\u043d\u043e \u0441\u043e\u0437\u0434\u0430\u0435\u0442\u0441\u044f \u0432\u043f\u0435\u0447\u0430\u0442\u043b\u0435\u043d\u0438\u0435, \u0447\u0442\u043e \u043d\u0430\u0441\u0442\u043e\u044f\u0449\u0435\u0435 \u0432\u0440\u0435\u043c\u044f \u0443\u0441\u0442\u0443\u043f\u0438\u043b\u043e \u043c\u0435\u0441\u0442\u043e 18 \u0432\u0435\u043a\u0443, \u0432\u043e\u0442-\u0432\u043e\u0442 \u0440\u0430\u0441\u043f\u0430\u0445\u043d\u0443\u0442\u0441\u044f \u0434\u0432\u0435\u0440\u0438 \u0437\u0430\u043b\u0430, \u0437\u0430\u0437\u0432\u0443\u0447\u0438\u0442 \u043c\u0435\u043d\u0443\u044d\u0442 \u0438 \u043a\u0440\u0430\u0441\u0438\u0432\u043e \u043e\u0434\u0435\u0442\u044b\u0435 \u043f\u0430\u0440\u044b \u043f\u0440\u0435\u0437\u0435\u043d\u0442\u0443\u044e\u0442 \u0441\u0432\u043e\u0439 \u0442\u0430\u043d\u0435\u0446 \u043c\u043e\u043b\u043e\u0434\u043e\u0436\u0435\u043d\u0430\u043c.\u0412 2007 \u0433\u043e\u0434\u0443 \u0437\u0430\u043c\u043e\u043a \u043f\u0440\u0435\u0442\u0435\u0440\u043f\u0435\u043b \u0441\u0435\u0440\u044c\u0435\u0437\u043d\u0443\u044e \u0440\u0435\u043a\u043e\u043d\u0441\u0442\u0440\u0443\u043a\u0446\u0438\u044e, \u043a\u043e\u0442\u043e\u0440\u0430\u044f \u043a\u043e\u0441\u043d\u0443\u043b\u0430\u0441\u044c, \u0432 \u0442\u043e\u043c \u0447\u0438\u0441\u043b\u0435 \u0438 \u0438\u043d\u0442\u0435\u0440\u044c\u0435\u0440\u043e\u0432. \u041a\u043e\u043c\u043d\u0430\u0442\u044b \u043e\u0431\u0441\u0442\u0430\u0432\u0438\u043b\u0438 \u0434\u043e\u0440\u043e\u0433\u043e\u0439 \u0430\u043d\u0442\u0438\u043a\u0432\u0430\u0440\u043d\u043e\u0439 \u043c\u0435\u0431\u0435\u043b\u044c\u044e, \u0441\u043e\u043e\u0442\u0432\u0435\u0442\u0441\u0442\u0432\u0443\u044e\u0449\u0435\u0439 \u0437\u0430\u043f\u0440\u043e\u0441\u0430\u043c \u0434\u0430\u0436\u0435 \u0441\u0430\u043c\u044b\u0445 \u0432\u0437\u044b\u0441\u043a\u0430\u0442\u0435\u043b\u044c\u043d\u044b\u0445 \u043a\u043b\u0438\u0435\u043d\u0442\u043e\u0432.</p>\r\n", "image": "uploads/wedding/place/Sato_Barocco_5.jpg", "event_type": [1, 2]}}, {"pk": 6, "model": "wedding.place", "fields": {"season": [1, 2, 3, 4], "name": "\u0421\u0442\u0430\u0440\u043e\u043c\u0435\u0441\u0442\u0441\u043a\u0430\u044f \u0440\u0430\u0442\u0443\u0448\u0430", "service": "\u041f\u043e\u0434\u0440\u043e\u0431\u043d\u043e\u0441\u0442\u0438 \u043f\u043e \u0441\u0442\u043e\u0438\u043c\u043e\u0441\u0442\u0438 \u0443\u0441\u043b\u0443\u0433 \u0443\u0442\u043e\u0447\u043d\u044f\u0439\u0442\u0435 \u0443 \u0441\u0432\u0430\u0434\u0435\u0431\u043d\u043e\u0433\u043e \u043a\u043e\u043e\u0440\u0434\u0438\u043d\u0430\u0442\u043e\u0440\u0430. \u041a\u0430\u0436\u0434\u0430\u044f \u0441\u0432\u0430\u0434\u044c\u0431\u0430 \u0440\u0430\u0441\u0441\u0447\u0438\u0442\u044b\u0432\u0430\u0435\u0442\u0441\u044f \u0438\u043d\u0434\u0438\u0432\u0438\u0434\u0443\u0430\u043b\u044c\u043d\u043e", "coords_y": null, "file_promo": "", "country": 1, "price": "\u0426\u0435\u0440\u0435\u043c\u043e\u043d\u0438\u044f \u043e\u0442 1000 \u0435\u0432\u0440\u043e", "coords_x": null, "place_type": [1], "slug": "staromestskaya-ratusha", "file_service": "", "file_price": "", "text": "<p>\u0421\u0442\u0430\u0440\u043e\u043c\u0435\u0441\u0442\u0441\u043a\u0430\u044f \u0440\u0430\u0442\u0443\u0448\u0430 \u0440\u0430\u0441\u043f\u043e\u043b\u0430\u0433\u0430\u0435\u0442\u0441\u044f \u043d\u0430 \u043e\u0434\u043d\u043e\u0438\u043c\u0451\u043d\u043d\u043e\u0439 \u043f\u043b\u043e\u0449\u0430\u0434\u0438 \u0432 \u0441\u0430\u043c\u043e\u043c \u0441\u0435\u0440\u0434\u0446\u0435 \u041f\u0440\u0430\u0433\u0438. \u042d\u0442\u043e \u0441\u0430\u043c\u0430\u044f \u043f\u043e\u043f\u0443\u043b\u044f\u0440\u043d\u0430\u044f \u0438 \u0443\u0437\u043d\u0430\u0432\u0430\u0435\u043c\u0430\u044f \u0434\u043e\u0441\u0442\u043e\u043f\u0440\u0438\u043c\u0435\u0447\u0430\u0442\u0435\u043b\u044c\u043d\u043e\u0441\u0442\u044c \u0441\u0442\u043e\u043b\u0438\u0446\u044b \u0427\u0435\u0445\u0438\u0438. \u0420\u0430\u0442\u0443\u0448\u0430 \u0431\u044b\u043b\u0430 \u043f\u043e\u0441\u0442\u0440\u043e\u0435\u043d\u0430 \u0432 \u043d\u0430\u0447\u0430\u043b\u0435 14 \u0432\u0435\u043a\u0430 \u0438 \u0441\u043d\u0430\u0447\u0430\u043b\u0430 \u0441\u043e\u0441\u0442\u043e\u044f\u043b\u0430 \u0438\u0437 \u043d\u0435\u0441\u043a\u043e\u043b\u044c\u043a\u0438\u0445 \u043e\u0431\u044a\u0435\u0434\u0438\u043d\u0435\u043d\u043d\u044b\u0445 \u043c\u0435\u0436\u0434\u0443 \u0441\u043e\u0431\u043e\u0439 \u0434\u043e\u043c\u043e\u0432, \u0441\u043e \u0432\u0440\u0435\u043c\u0435\u043d\u0435\u043c \u0430\u0440\u0445\u0438\u0442\u0435\u043a\u0442\u0443\u0440\u043d\u044b\u0439 \u0430\u043d\u0441\u0430\u043c\u0431\u043b\u044c \u0440\u0430\u0442\u0443\u0448\u0438 \u0431\u044b\u043b \u0434\u043e\u043f\u043e\u043b\u043d\u0435\u043d \u0432\u044b\u0441\u043e\u043a\u043e\u0439 \u0431\u0430\u0448\u043d\u0435\u0439 \u0438 \u0437\u043d\u0430\u043c\u0435\u043d\u0438\u0442\u044b\u043c\u0438 \u0410\u0441\u0442\u0440\u043e\u043d\u043e\u043c\u0438\u0447\u0435\u0441\u043a\u0438\u043c\u0438 \u0447\u0430\u0441\u0430\u043c\u0438, \u043a\u043e\u0442\u043e\u0440\u044b\u0435 \u0441\u0447\u0438\u0442\u0430\u044e\u0442\u0441\u044f \u0441\u0430\u043c\u044b\u043c\u0438 \u0448\u0435\u0434\u0435\u0432\u0440\u0430\u043b\u044c\u043d\u044b\u043c\u0438 \u0447\u0430\u0441\u0430\u043c\u0438 \u0432 \u043c\u0438\u0440\u0435.&nbsp;\u0421\u0442\u0430\u0440\u0430\u044f \u0440\u0430\u0442\u0443\u0448\u0430 &ndash; \u0438\u0434\u0435\u0430\u043b\u044c\u043d\u043e\u0435 \u043c\u0435\u0441\u0442\u043e \u0434\u043b\u044f \u043f\u0440\u043e\u0432\u0435\u0434\u0435\u043d\u0438\u044f \u0441\u0432\u0430\u0434\u0435\u0431\u043d\u044b\u0445 \u0442\u043e\u0440\u0436\u0435\u0441\u0442\u0432! \u0418\u0437 \u043e\u0430\u0437\u0438\u0441\u0430, \u0433\u0434\u0435 \u0432\u0440\u0435\u043c\u044f \u043e\u0441\u0442\u0430\u043d\u043e\u0432\u0438\u043b\u043e\u0441\u044c \u043d\u0435\u0441\u043a\u043e\u043b\u044c\u043a\u043e \u0432\u0435\u043a\u043e\u0432 \u043d\u0430\u0437\u0430\u0434, \u043c\u043e\u0436\u043d\u043e \u043b\u0435\u0433\u043a\u043e \u043f\u0435\u0440\u0435\u0431\u0440\u0430\u0442\u044c\u0441\u044f \u0432 \u0432\u044b\u0431\u0440\u0430\u043d\u043d\u044b\u0439 \u0434\u043b\u044f \u043f\u0440\u043e\u0432\u0435\u0434\u0435\u043d\u0438\u044f \u0442\u043e\u0440\u0436\u0435\u0441\u0442\u0432\u0430 \u0440\u0435\u0441\u0442\u043e\u0440\u0430\u043d. \u0427\u0443\u0434\u0435\u0441\u043d\u044b\u0435 \u0444\u043e\u0442\u043e\u0433\u0440\u0430\u0444\u0438\u0438, \u043f\u0440\u043e\u043d\u0438\u043a\u043d\u0443\u0442\u044b\u0435 \u0434\u0443\u0445\u043e\u043c \u0432\u0440\u0435\u043c\u0435\u043d\u0438, \u043e\u0441\u0442\u0430\u043d\u0443\u0442\u0441\u044f \u043d\u0430 \u043f\u0430\u043c\u044f\u0442\u044c \u043e \u0441\u0430\u043c\u043e\u043c \u0441\u0432\u0435\u0442\u043b\u043e\u043c \u0434\u043d\u0435. \u041f\u0443\u0441\u0442\u044c \u0441 \u043a\u0440\u0430\u0441\u0438\u0432\u043e\u0439 \u0441\u043a\u0430\u0437\u043a\u0438 \u0432 \u0446\u0435\u043d\u0442\u0440\u0435 \u0441\u0442\u0430\u0440\u043e\u0439 \u041f\u0440\u0430\u0433\u0438 \u043d\u0430\u0447\u043d\u0435\u0442\u0441\u044f \u0438\u0441\u0442\u043e\u0440\u0438\u044f \u0432\u0430\u0448\u0435\u0439 \u0441\u0435\u043c\u044c\u0438!</p>\r\n", "image": "uploads/wedding/place/Starogradskaja_ratusa_2.jpg", "event_type": [1, 2]}}, {"pk": 7, "model": "wedding.place", "fields": {"season": [2, 3, 4], "name": "\u0428\u0442\u0438\u0440\u0438\u043d", "service": "\u041f\u043e\u0434\u0440\u043e\u0431\u043d\u043e\u0441\u0442\u0438 \u043f\u043e \u0441\u0442\u043e\u0438\u043c\u043e\u0441\u0442\u0438 \u0446\u0435\u0440\u0435\u043c\u043e\u043d\u0438\u0438 \u0443\u0442\u043e\u0447\u043d\u044f\u0439\u0442\u0435 \u0443 \u0441\u0432\u0430\u0434\u0435\u0431\u043d\u043e\u0433\u043e \u043a\u043e\u043e\u0440\u0434\u0438\u043d\u0430\u0442\u043e\u0440\u0430. \u041a\u0430\u0436\u0434\u0430\u044f \u0441\u0432\u0430\u0434\u044c\u0431\u0430 \u0440\u0430\u0441\u0441\u0447\u0438\u0442\u044b\u0432\u0430\u0435\u0442\u0441\u044f \u0438\u043d\u0434\u0438\u0432\u0438\u0434\u0443\u0430\u043b\u044c\u043d\u043e", "coords_y": null, "file_promo": "", "country": 1, "price": "\u0426\u0435\u0440\u0435\u043c\u043e\u043d\u0438\u044f \u043e\u0442 2300 \u0435\u0432\u0440\u043e", "coords_x": null, "place_type": [1], "slug": "shtirin", "file_service": "", "file_price": "", "text": "<p>\u0412\u0434\u043e\u043b\u044c \u0437\u0435\u0440\u043a\u0430\u043b\u044c\u043d\u043e\u0439 \u0433\u043b\u0430\u0434\u0438 \u043f\u0440\u0443\u0434\u0430 \u043a \u0431\u0435\u043b\u043e\u0441\u043d\u0435\u0436\u043d\u043e\u0439 \u0431\u0435\u0441\u0435\u0434\u043a\u0435 &ndash; \u0441\u0432\u0438\u0434\u0435\u0442\u0435\u043b\u044c\u043d\u0438\u0446\u0435 \u043c\u043d\u043e\u0433\u0438\u0445 \u0441\u0432\u0438\u0434\u0430\u043d\u0438\u0439, \u043c\u0438\u043c\u043e \u0441\u043a\u043b\u043e\u043d\u0438\u0432\u0448\u0438\u0445 \u0441\u0432\u043e\u0438 \u0432\u0435\u0442\u0432\u0438 \u0434\u0435\u0440\u0435\u0432\u044c\u0435\u0432, \u0448\u0435\u043f\u0447\u0443\u0449\u0438\u0445 \u0441\u0432\u043e\u0438 \u043f\u043e\u0436\u0435\u043b\u0430\u043d\u0438\u044f \u043d\u043e\u0432\u043e\u044f\u0432\u043b\u0435\u043d\u043d\u044b\u043c \u043f\u0430\u0440\u0430\u043c, \u043a \u043a\u0440\u0430\u0441\u0438\u0432\u043e\u043c\u0443 \u0437\u0430\u043c\u043a\u0443 \u0428\u0442\u0438\u0440\u0438\u043d...&nbsp;\u0421 \u044d\u0442\u043e\u0439 \u0438\u0434\u0438\u043b\u043b\u0438\u0447\u0435\u0441\u043a\u043e\u0439 \u043a\u0430\u0440\u0442\u0438\u043d\u044b \u043c\u043e\u0436\u0435\u0442 \u043d\u0430\u0447\u0430\u0442\u044c\u0441\u044f \u0432\u0430\u0448\u0430 \u0441\u0435\u043c\u0435\u0439\u043d\u0430\u044f \u0441\u043a\u0430\u0437\u043a\u0430. \u0410 \u0437\u0438\u043c\u043e\u0439 \u0437\u0430\u043c\u043e\u043a \u0428\u0442\u0438\u0440\u0438\u043d \u043e\u0434\u0435\u0432\u0430\u0435\u0442\u0441\u044f \u0432 \u0431\u0435\u043b\u043e\u0441\u043d\u0435\u0436\u043d\u0443\u044e \u043c\u0430\u043d\u0442\u0438\u044e, \u0441\u043b\u043e\u0432\u043d\u043e \u0441\u0442\u0430\u0440\u0430\u044f\u0441\u044c \u043f\u043e\u043b\u044c\u0441\u0442\u0438\u0442\u044c \u0441\u0442\u0440\u0443\u044f\u0449\u0435\u043c\u0443\u0441\u044f \u043d\u0430\u0440\u044f\u0434\u0443 \u043d\u0435\u0432\u0435\u0441\u0442\u044b.&nbsp;\u0424\u0430\u0441\u0430\u0434\u044b \u0437\u0430\u043c\u043a\u0430 \u0432\u044b\u043f\u043e\u043b\u043d\u0435\u043d\u044b \u0432 \u0441\u0442\u0438\u043b\u0435 \u0431\u0430\u0440\u043e\u043a\u043a\u043e, \u0441\u043b\u0430\u0432\u044f\u0449\u0438\u043c\u0441\u044f \u0431\u043e\u0433\u0430\u0442\u0441\u0442\u0432\u043e\u043c \u0434\u0435\u043a\u043e\u0440\u0430. \u0418\u043d\u0442\u0435\u0440\u044c\u0435\u0440 \u0437\u0430\u043c\u043a\u0430 \u043f\u0440\u0438\u0433\u043b\u0430\u0448\u0430\u0435\u0442 \u043e\u043a\u0443\u043d\u0443\u0442\u044c\u0441\u044f \u0432 \u044d\u043f\u043e\u0445\u0443 \u0433\u043e\u0441\u043f\u043e\u0434. \u0417\u0434\u0435\u0441\u044c \u0446\u0430\u0440\u0438\u0442 \u0432\u043e\u043b\u0448\u0435\u0431\u043d\u0430\u044f \u0430\u0442\u043c\u043e\u0441\u0444\u0435\u0440\u0430, \u043a\u043e\u0442\u043e\u0440\u0430\u044f \u043f\u0435\u0440\u0435\u0442\u0435\u043a\u0430\u0435\u0442 \u0438\u0437 \u041a\u043e\u043b\u043e\u043d\u043d\u043e\u0433\u043e \u0437\u0430\u043b\u0430 \u0438 \u0447\u0430\u0441\u043e\u0432\u043d\u0438, \u0433\u0434\u0435 \u043f\u0440\u043e\u0432\u043e\u0434\u044f\u0442\u0441\u044f \u0431\u0440\u0430\u043a\u043e\u0441\u043e\u0447\u0435\u0442\u0430\u043d\u0438\u044f \u0432 \u0431\u0430\u043d\u043a\u0435\u0442\u043d\u044b\u0439 \u0437\u0430\u043b, \u0430 \u043f\u043e\u0441\u043b\u0435 &ndash; \u0432 \u043f\u043e\u043a\u043e\u0438 \u043c\u043e\u043b\u043e\u0434\u043e\u0436\u0435\u043d\u043e\u0432&hellip; \u0412\u0430\u0448\u0430 \u0441\u043a\u0430\u0437\u043a\u0430 \u043f\u0440\u043e\u0434\u043b\u0438\u0442\u0441\u044f \u0441\u0442\u043e\u043b\u044c\u043a\u043e, \u0441\u043a\u043e\u043b\u044c\u043a\u043e \u043f\u043e\u0436\u0435\u043b\u0430\u0435\u0442\u0435!&nbsp;\u0416\u0438\u0432\u0430\u044f \u043c\u0443\u0437\u044b\u043a\u0430, \u0438\u0437\u044b\u0441\u043a\u0430\u043d\u043d\u0430\u044f \u0435\u0432\u0440\u043e\u043f\u0435\u0439\u0441\u043a\u0430\u044f \u043a\u0443\u0445\u043d\u044f \u0438 \u043f\u0440\u0430\u0437\u0434\u043d\u0438\u0447\u043d\u044b\u0439 \u0441\u0430\u043b\u044e\u0442 &ndash; \u0434\u0430\u043b\u0435\u043a\u043e \u043d\u0435 \u0432\u0441\u0435 \u0443\u0441\u043b\u0443\u0433\u0438, \u043a\u043e\u0442\u043e\u0440\u044b\u043c\u0438 \u0432\u044b \u043c\u043e\u0436\u0435\u0442\u0435 \u0432\u043e\u0441\u043f\u043e\u043b\u044c\u0437\u043e\u0432\u0430\u0442\u044c\u0441\u044f \u0432 \u0434\u0435\u043d\u044c \u0432\u0430\u0448\u0435\u0439 \u0441\u0432\u0430\u0434\u044c\u0431\u044b!</p>\r\n", "image": "uploads/wedding/place/Stirin.jpg", "event_type": [1, 2]}}, {"pk": 11, "model": "wedding.place", "fields": {"season": [2, 3, 4], "name": "\u0412\u0438\u043b\u043b\u0430 \u041a\u0430\u0440\u043b\u043e\u0442\u0442\u0430", "service": "\u041f\u043e\u0434\u0440\u043e\u0431\u043d\u043e\u0441\u0442\u0438 \u043f\u043e \u0441\u0442\u043e\u0438\u043c\u043e\u0441\u0442\u0438 \u0446\u0435\u0440\u0435\u043c\u043e\u043d\u0438\u0438 \u0443\u0442\u043e\u0447\u043d\u044f\u0439\u0442\u0435 \u0443 \u0441\u0432\u0430\u0434\u0435\u0431\u043d\u043e\u0433\u043e \u043a\u043e\u043e\u0440\u0434\u0438\u043d\u0430\u0442\u043e\u0440\u0430. \u041a\u0430\u0436\u0434\u0430\u044f \u0441\u0432\u0430\u0434\u044c\u0431\u0430 \u0440\u0430\u0441\u0441\u0447\u0438\u0442\u044b\u0432\u0430\u0435\u0442\u0441\u044f \u0438\u043d\u0434\u0438\u0432\u0438\u0434\u0443\u0430\u043b\u044c\u043d\u043e", "coords_y": null, "file_promo": "", "country": 2, "price": "\u0426\u0435\u0440\u0435\u043c\u043e\u043d\u0438\u044f \u043e\u0442 4000 \u0435\u0432\u0440\u043e", "coords_x": null, "place_type": [1, 3], "slug": "villa-karlotta", "file_service": "", "file_price": "", "text": "<p>\u0411\u0435\u043b\u043e\u0441\u043d\u0435\u0436\u043d\u044b\u0439 \u0434\u0432\u043e\u0440\u0435\u0446, \u0432\u043e\u0437\u0432\u044b\u0448\u0430\u044e\u0449\u0438\u0439\u0441\u044f \u043d\u0430\u0434 \u043a\u0440\u0430\u0441\u0438\u0432\u0435\u0439\u0448\u0438\u043c \u0441\u0430\u0434\u043e\u043c, \u043b\u0430\u043d\u0434\u0448\u0430\u0444\u0442\u043d\u044b\u0439 \u0434\u0438\u0437\u0430\u0439\u043d \u043a\u043e\u0442\u043e\u0440\u043e\u0433\u043e \u043f\u0440\u0438\u0432\u043e\u0434\u0438\u0442 \u0432 \u0432\u043e\u0441\u0442\u043e\u0440\u0433, - \u044d\u0442\u043e \u0437\u043d\u0430\u043c\u0435\u043d\u0438\u0442\u0430\u044f \u0432\u0438\u043b\u043b\u0430 \u041a\u0430\u0440\u043b\u043e\u0442\u0442\u0430. \u041e\u043d\u0430 \u0440\u0430\u0441\u043f\u043e\u043b\u0430\u0433\u0430\u0435\u0442\u0441\u044f \u0432 \u043d\u0435\u0431\u043e\u043b\u044c\u0448\u043e\u043c \u0438\u0442\u0430\u043b\u044c\u044f\u043d\u0441\u043a\u043e\u043c \u0433\u043e\u0440\u043e\u0434\u043a\u0435 \u0432 \u0441\u0430\u043c\u043e\u043c \u0441\u0435\u0440\u0434\u0446\u0435 \u0424\u043b\u043e\u0440\u0435\u043d\u0446\u0438\u0438. \u0420\u044f\u0434\u043e\u043c \u0441 \u0440\u043e\u0441\u043a\u043e\u0448\u043d\u043e\u0439 \u043f\u0430\u0442\u0440\u0438\u0446\u0438\u0430\u043d\u0441\u043a\u043e\u0439 \u0432\u0438\u043b\u043b\u043e\u0439 \u043d\u0430\u0445\u043e\u0434\u044f\u0442\u0441\u044f \u0437\u0434\u0430\u043d\u0438\u044f \u041f\u043e\u043d\u0442\u0435 \u0412\u0435\u043a\u043a\u044c\u043e \u0438 \u041f\u0430\u043b\u0430\u0446\u0446\u043e \u041f\u0438\u0442\u0442\u0438. \u041e\u0442\u043b\u0438\u0447\u043d\u0430\u044f \u0432\u043e\u0437\u043c\u043e\u0436\u043d\u043e\u0441\u0442\u044c \u0441\u043e\u0432\u043c\u0435\u0441\u0442\u0438\u0442\u044c \u0442\u043e\u0440\u0436\u0435\u0441\u0442\u0432\u043e \u0438 \u0438\u0441\u0442\u043e\u0440\u0438\u043a\u043e-\u043a\u0443\u043b\u044c\u0442\u0443\u0440\u043d\u043e\u0435 \u0437\u043d\u0430\u043a\u043e\u043c\u0441\u0442\u0432\u043e \u0441 \u0438\u0442\u0430\u043b\u044c\u044f\u043d\u0441\u043a\u043e\u0439 \u043f\u0440\u043e\u0432\u0438\u043d\u0446\u0438\u0435\u0439. \u0418\u043c\u0435\u043d\u043d\u043e \u0437\u0434\u0435\u0441\u044c \u0432\u043e \u0444\u043b\u043e\u0440\u0435\u043d\u0442\u0438\u0439\u0441\u043a\u043e\u043c \u0422\u0440\u0435\u043c\u0435\u0437\u0437\u043e \u0438\u0433\u0440\u0430\u044e\u0442\u0441\u044f \u0441\u0430\u043c\u044b\u0435 \u0440\u043e\u043c\u0430\u043d\u0442\u0438\u0447\u043d\u044b\u0435 \u0441\u0432\u0430\u0434\u044c\u0431\u044b \u0432\u043e \u0412\u0441\u0435\u043b\u0435\u043d\u043d\u043e\u0439. \u0418\u043c\u0435\u043d\u043d\u043e \u0437\u0434\u0435\u0441\u044c \u043c\u0435\u043b\u043e\u0434\u0438\u044f \u043f\u0440\u0438\u0440\u043e\u0434\u044b \u0437\u0432\u0443\u0447\u0438\u0442 \u043e\u0441\u043e\u0431\u0435\u043d\u043d\u043e \u043f\u0440\u0435\u043a\u0440\u0430\u0441\u043d\u043e. &nbsp;\u041a\u0430\u043c\u0435\u043d\u043d\u044b\u0435 \u043b\u0435\u0441\u0442\u043d\u0438\u0446\u044b \u0441\u043f\u0443\u0441\u043a\u0430\u044e\u0442\u0441\u044f \u043a \u0443\u0434\u0438\u0432\u0438\u0442\u0435\u043b\u044c\u043d\u043e\u0439 \u043a\u0440\u0430\u0441\u043e\u0442\u044b \u0444\u043e\u043d\u0442\u0430\u043d\u0443, \u043e\u043a\u0440\u0443\u0436\u0435\u043d\u043d\u043e\u043c\u0443 \u0446\u0432\u0435\u0442\u043e\u0447\u043d\u044b\u043c\u0438 \u043a\u043b\u0443\u043c\u0431\u0430\u043c\u0438.\u041e\u043a\u0440\u0435\u0441\u0442\u043d\u043e\u0441\u0442\u0438 \u0432\u0438\u043b\u043b\u044b \u041a\u0430\u0440\u043b\u043e\u0442\u0442\u0430 \u043f\u0440\u0435\u0434\u043b\u0430\u0433\u0430\u044e\u0442 \u0437\u0430\u0445\u0432\u0430\u0442\u044b\u0432\u0430\u044e\u0449\u0438\u0435 \u0434\u0443\u0445 \u043f\u0435\u0439\u0437\u0430\u0436\u0438 \u0434\u043b\u044f \u0441\u044a\u0435\u043c\u043a\u0438: \u0441\u0430\u0434 \u043a\u0430\u043c\u043d\u0435\u0439, \u0431\u0430\u043c\u0431\u0443\u043a\u043e\u0432\u044b\u0439 \u043b\u0435\u0441, \u0434\u043e\u043b\u0438\u043d\u0443 \u043f\u0430\u043f\u043e\u0440\u043e\u0442\u043d\u0438\u043a\u043e\u0432 \u0438 \u0437\u043d\u0430\u043c\u0435\u043d\u0438\u0442\u043e\u0435 \u043d\u0430 \u0432\u0435\u0441\u044c \u043c\u0438\u0440 \u043e\u0437\u0435\u0440\u043e \u041a\u043e\u043c\u043e&hellip; \u0412 \u0442\u0430\u043a\u043e\u0439 \u0443\u043f\u043e\u0438\u0442\u0435\u043b\u044c\u043d\u043e\u0439 \u043a\u043e\u043b\u044b\u0431\u0435\u043b\u0438 \u043c\u043e\u0436\u0435\u0442 \u043d\u0430\u0447\u0430\u0442\u044c \u0441\u0432\u043e\u044e \u0438\u0441\u0442\u043e\u0440\u0438\u044e \u0432\u0430\u0448\u0430 \u0441\u0435\u043c\u044c\u044f.</p>\r\n", "image": "uploads/wedding/place/Villa_Carlotta_1.jpg", "event_type": [1, 2]}}, {"pk": 8, "model": "wedding.place", "fields": {"season": [1, 2, 3, 4], "name": "\u0417\u0431\u0438\u0440\u043e\u0433", "service": "\u041f\u043e\u0434\u0440\u043e\u0431\u043d\u043e\u0441\u0442\u0438 \u043f\u043e \u0441\u0442\u043e\u0438\u043c\u043e\u0441\u0442\u0438 \u0446\u0435\u0440\u0435\u043c\u043e\u043d\u0438\u0438 \u0443\u0442\u043e\u0447\u043d\u044f\u0439\u0442\u0435 \u0443 \u0441\u0432\u0430\u0434\u0435\u0431\u043d\u043e\u0433\u043e \u043a\u043e\u043e\u0440\u0434\u0438\u043d\u0430\u0442\u043e\u0440\u0430. \u041a\u0430\u0436\u0434\u0430\u044f \u0441\u0432\u0430\u0434\u044c\u0431\u0430 \u0440\u0430\u0441\u0441\u0447\u0438\u0442\u044b\u0432\u0430\u0435\u0442\u0441\u044f \u0438\u043d\u0434\u0438\u0432\u0438\u0434\u0443\u0430\u043b\u044c\u043d\u043e", "coords_y": null, "file_promo": "", "country": 1, "price": "\u0426\u0435\u0440\u0435\u043c\u043e\u043d\u0438\u044f \u043e\u0442 2500 \u0435\u0432\u0440\u043e", "coords_x": null, "place_type": [1], "slug": "zbirog", "file_service": "", "file_price": "", "text": "<p>\u0414\u043b\u044f \u0442\u0430\u0438\u043d\u0441\u0442\u0432\u0430 \u0431\u0440\u0430\u043a\u043e\u0441\u043e\u0447\u0435\u0442\u0430\u043d\u0438\u044f \u0437\u0430\u043c\u043e\u043a \u0417\u0431\u0438\u0440\u043e\u0433 &ndash; \u043b\u0443\u0447\u0448\u0435\u0435 \u043c\u0435\u0441\u0442\u043e. \u042d\u0442\u043e \u0441\u0442\u0430\u0440\u0435\u0439\u0448\u0438\u0439 \u0437\u0430\u043c\u043e\u043a \u0432 \u0427\u0435\u0445\u0438\u0438. \u0415\u0433\u043e \u0441\u0442\u0435\u043d\u044b \u0432\u0435\u043a\u0430\u043c\u0438 \u0445\u0440\u0430\u043d\u0438\u043b\u0438 \u0441\u0432\u043e\u0438 \u0442\u0430\u0439\u043d\u044b. \u0417\u0434\u0435\u0441\u044c \u0436\u0438\u043b \u0438 \u0442\u0432\u043e\u0440\u0438\u043b \u0438\u0437\u0432\u0435\u0441\u0442\u043d\u044b\u0439 \u0445\u0443\u0434\u043e\u0436\u043d\u0438\u043a \u0410\u043b\u044c\u0444\u043e\u043d\u0441 \u041c\u0443\u0445\u0430, \u0437\u0434\u0435\u0441\u044c \u0441\u043e\u0432\u0435\u0440\u0448\u0430\u043b\u0438\u0441\u044c \u0442\u0430\u0439\u043d\u044b\u0435 \u0440\u0438\u0442\u0443\u0430\u043b\u044b \u041c\u0430\u0441\u043e\u043d\u0441\u043a\u043e\u0439 \u043b\u043e\u0436\u0438. \u0417\u0431\u0438\u0440\u043e\u0433 \u0441\u043b\u0430\u0432\u0435\u043d \u043d\u0435 \u0442\u043e\u043b\u044c\u043a\u043e \u0441\u0432\u043e\u0435\u0439 \u0438\u0441\u0442\u043e\u0440\u0438\u0435\u0439, \u043d\u043e \u0438 \u0443\u043d\u0438\u043a\u0430\u043b\u044c\u043d\u043e\u0439 \u0430\u0440\u0445\u0438\u0442\u0435\u043a\u0442\u0443\u0440\u043e\u0439, \u0431\u0430\u0448\u043d\u0435\u0439 \u043d\u0430 \u043e\u0442\u0432\u0435\u0441\u043d\u043e\u0439 \u0441\u043a\u0430\u043b\u0435, \u0441 \u043a\u043e\u0442\u043e\u0440\u043e\u0439 \u043e\u0442\u043a\u0440\u044b\u0432\u0430\u044e\u0442\u0441\u044f \u0437\u0430\u0445\u0432\u0430\u0442\u044b\u0432\u0430\u044e\u0449\u0438\u0435 \u0434\u0443\u0445 \u043f\u0435\u0439\u0437\u0430\u0436\u0438, \u0441\u0430\u043c\u044b\u043c \u0433\u043b\u0443\u0431\u043e\u043a\u0438\u043c \u0432 \u0415\u0432\u0440\u043e\u043f\u0435 \u043a\u043e\u043b\u043e\u0434\u0446\u0435\u043c \u0438 \u0441\u0442\u0430\u0440\u0438\u043d\u043d\u044b\u043c \u0432\u0438\u043d\u044b\u043c \u043f\u043e\u0433\u0440\u0435\u0431\u043e\u043c.&nbsp;\u0417\u0431\u0438\u0440\u043e\u0433 \u043d\u0430\u0445\u043e\u0434\u0438\u0442\u0441\u044f \u0432\u0441\u0435\u0433\u043e \u0432 50 \u043a\u043c \u043e\u0442 \u041f\u0440\u0430\u0433\u0438. \u041b\u0435\u0441\u043d\u043e\u0439 \u043c\u0430\u0441\u0441\u0438\u0432 \u0432 \u043a\u043e\u043b\u044c\u0446\u043e, \u043a\u0430\u043a \u0432 \u043e\u0431\u044a\u044f\u0442\u0438\u044f, \u0437\u0430\u043a\u043b\u044e\u0447\u0438\u043b \u0437\u0430\u043c\u043e\u043a. \u0412 \u0442\u0443\u0440\u0438\u0441\u0442\u0438\u0447\u0435\u0441\u043a\u0438\u0445 \u043c\u0430\u0440\u0448\u0440\u0443\u0442\u0430\u0445 \u044d\u0442\u043e \u043c\u0435\u0441\u0442\u043e \u043f\u043e\u044f\u0432\u0438\u043b\u043e\u0441\u044c \u043b\u0438\u0448\u044c \u0432 2004 \u0433\u043e\u0434\u0443. \u0421\u0435\u0433\u043e\u0434\u043d\u044f \u043c\u043d\u043e\u0433\u0438\u0435 \u043f\u0430\u0440\u044b, \u0436\u0435\u043b\u0430\u044e\u0449\u0438\u0435 \u043f\u0440\u043e\u0432\u0435\u0441\u0442\u0438 \u0431\u0440\u0430\u043a\u043e\u0441\u043e\u0447\u0435\u0442\u0430\u043d\u0438\u0435 \u0432\u0434\u0430\u043b\u0438 \u043e\u0442 \u0433\u043e\u0440\u043e\u0434\u0430 \u043d\u0430 \u043b\u043e\u043d\u0435 \u043f\u0440\u0438\u0440\u043e\u0434\u044b, \u043f\u0440\u0438\u0435\u0437\u0436\u0430\u044e\u0442 \u0432 \u0417\u0431\u0438\u0440\u043e\u0433. \u0411\u043b\u0438\u0437 \u0437\u0430\u043c\u043a\u0430 \u043c\u043d\u043e\u0433\u043e \u043a\u0440\u0430\u0441\u0438\u0432\u044b\u0445 \u043c\u0435\u0441\u0442 \u0434\u043b\u044f \u0441\u0432\u0430\u0434\u0435\u0431\u043d\u043e\u0439 \u0444\u043e\u0442\u043e\u0441\u0435\u0441\u0441\u0438\u0438. \u041f\u0440\u0438 \u0436\u0435\u043b\u0430\u043d\u0438\u0438 \u043c\u043e\u043b\u043e\u0434\u043e\u0436\u0435\u043d\u044b \u043c\u043e\u0433\u0443\u0442 \u0437\u0430\u043a\u0430\u0437\u0430\u0442\u044c \u043f\u0440\u0430\u0437\u0434\u043d\u0438\u0447\u043d\u044b\u0439 \u0431\u0430\u043d\u043a\u0435\u0442 \u0438 \u043a\u043e\u0441\u0442\u044e\u043c\u0438\u0440\u043e\u0432\u0430\u043d\u043d\u043e\u0435 \u043f\u0440\u0435\u0434\u0441\u0442\u0430\u0432\u043b\u0435\u043d\u0438\u0435. \u0414\u043b\u044f \u043f\u0440\u043e\u0436\u0438\u0432\u0430\u043d\u0438\u044f \u043c\u043e\u043b\u043e\u0434\u043e\u0436\u0435\u043d\u044b \u043c\u043e\u0433\u0443\u0442 \u0432\u044b\u0431\u0440\u0430\u0442\u044c \u043e\u0442\u0435\u043b\u044c&nbsp; Chateau hotelu Zbiroh, \u0440\u0430\u0441\u043f\u043e\u043b\u043e\u0436\u0435\u043d\u043d\u044b\u0439 \u0432 \u0441\u0442\u0435\u043d\u0430\u0445 \u0437\u0430\u043c\u043a\u0430. \u0421\u0432\u0430\u0434\u044c\u0431\u0430 \u0432 \u0417\u0431\u0438\u0440\u043e\u0433\u0435 &ndash; \u044d\u0442\u043e \u044d\u043a\u0441\u043a\u0443\u0440\u0441 \u0432 \u0438\u0441\u0442\u043e\u0440\u0438\u044e \u0438 \u043a\u0440\u0430\u0441\u0438\u0432\u0430\u044f \u0441\u043a\u0430\u0437\u043a\u0430, \u043d\u043e\u0441\u0442\u0430\u043b\u044c\u0433\u0438\u0440\u043e\u0432\u0430\u0442\u044c \u043f\u043e \u043a\u043e\u0442\u043e\u0440\u043e\u0439 \u043c\u043e\u0436\u043d\u043e \u0431\u0443\u0434\u0435\u0442 \u0431\u0435\u0441\u043a\u043e\u043d\u0435\u0447\u043d\u043e!</p>\r\n", "image": "uploads/wedding/place/Zbirog_1.jpg", "event_type": [1, 2]}}, {"pk": 9, "model": "wedding.place", "fields": {"season": [], "name": "\u0412\u0438\u043b\u043b\u0430 \u041e\u043b\u044c\u043c\u043e", "service": "\u041f\u043e\u0434\u0440\u043e\u0431\u043d\u043e\u0441\u0442\u0438 \u043f\u043e \u0441\u0442\u043e\u0438\u043c\u043e\u0441\u0442\u0438 \u0446\u0435\u0440\u0435\u043c\u043e\u043d\u0438\u0438 \u0443\u0442\u043e\u0447\u043d\u044f\u0439\u0442\u0435 \u0443 \u0441\u0432\u0430\u0434\u0435\u0431\u043d\u043e\u0433\u043e \u043a\u043e\u043e\u0440\u0434\u0438\u043d\u0430\u0442\u043e\u0440\u0430.", "coords_y": null, "file_promo": "", "country": 2, "price": "\u0426\u0435\u0440\u0435\u043c\u043e\u043d\u0438\u044f \u043e\u0442 3000 \u0435\u0432\u0440\u043e", "coords_x": null, "place_type": [1, 3], "slug": "villa-olmo", "file_service": "", "file_price": "", "text": "<p>\u0422\u0438\u0445\u0430\u044f \u0438 \u0443\u0435\u0434\u0438\u043d\u0435\u043d\u043d\u0430\u044f \u0432\u0438\u043b\u043b\u0430 \u041e\u043b\u044c\u043c\u043e \u0440\u0430\u0441\u043f\u043e\u043b\u0430\u0433\u0430\u0435\u0442\u0441\u044f \u0432 \u043c\u0430\u043b\u0435\u043d\u044c\u043a\u043e\u043c \u0438\u0442\u0430\u043b\u044c\u044f\u043d\u0441\u043a\u043e\u043c \u0433\u043e\u0440\u043e\u0434\u0435 \u041a\u043e\u043c\u043e, \u0431\u043b\u0438\u0437 \u043a\u043e\u0442\u043e\u0440\u043e\u0433\u043e \u0440\u0430\u0441\u043f\u043e\u043b\u043e\u0436\u0438\u043b\u043e\u0441\u044c \u0441\u0430\u043c\u043e\u0435 \u0433\u043b\u0443\u0431\u043e\u043a\u043e\u0435 \u043e\u0437\u0435\u0440\u043e \u0418\u0442\u0430\u043b\u0438\u0438. \u041e\u0437\u0435\u0440\u043e \u041a\u043e\u043c\u043e &ndash; \u0433\u043b\u0430\u0432\u043d\u0430\u044f \u0434\u043e\u0441\u0442\u043e\u043f\u0440\u0438\u043c\u0435\u0447\u0430\u0442\u0435\u043b\u044c\u043d\u043e\u0441\u0442\u044c \u0432\u0438\u043b\u043b\u044b. \u0412\u0435\u043b\u0438\u0447\u0435\u0441\u0442\u0432\u0435\u043d\u043d\u043e\u0435 \u0441\u043f\u043e\u043a\u043e\u0439\u0441\u0442\u0432\u0438\u0435 \u0435\u0433\u043e \u0432\u043e\u0434, \u0441\u043b\u043e\u0432\u043d\u043e \u0443\u0441\u043d\u0443\u0432\u0448\u0438\u0445 \u0443 \u043f\u043e\u0434\u043d\u043e\u0436\u0438\u044f \u0410\u043b\u044c\u043f, \u043e\u0431\u0440\u0430\u043c\u043b\u0435\u043d\u043e \u043a\u0440\u0430\u0441\u0438\u0432\u0435\u0439\u0448\u0438\u043c\u0438 \u043f\u0435\u0439\u0437\u0430\u0436\u0430\u043c\u0438. \u041e\u0437\u0435\u0440\u043e \u043f\u0440\u0438\u043c\u044b\u043a\u0430\u0435\u0442 \u043a \u0434\u0438\u0432\u043d\u043e\u043c\u0443 \u043f\u0430\u0440\u043a\u0443, \u0437\u0430\u043a\u043b\u044e\u0447\u0438\u0432\u0448\u0435\u043c\u0443 \u0432\u0438\u043b\u043b\u0443 \u0432 \u0441\u0432\u043e\u0438 \u043e\u0431\u044a\u044f\u0442\u0438\u044f.&nbsp;\u041f\u0430\u0440\u043a \u0431\u044b\u043b \u0440\u0430\u0437\u0431\u0438\u0442 \u0435\u0449\u0435 \u0432 17 \u0432\u0435\u043a\u0435. \u041e\u043d \u043f\u043b\u0435\u043d\u044f\u0435\u0442 \u043e\u0431\u0438\u043b\u0438\u0435\u043c \u0437\u0435\u043b\u0435\u043d\u0438, \u0446\u0432\u0435\u0442\u043e\u0432 \u0438 \u0433\u0430\u0440\u043c\u043e\u043d\u0438\u0447\u043d\u043e \u0432\u043f\u0438\u0441\u0430\u0432\u0448\u0438\u043c\u0438\u0441\u044f \u0432 \u043f\u0440\u0438\u0440\u043e\u0434\u043d\u044b\u0439 \u043e\u0430\u0437\u0438\u0441 \u043c\u0430\u043b\u044b\u043c\u0438 \u0430\u0440\u0445\u0438\u0442\u0435\u043a\u0442\u0443\u0440\u043d\u044b\u043c\u0438 \u0444\u043e\u0440\u043c\u0430\u043c\u0438.&nbsp;\u0421\u0435\u0433\u043e\u0434\u043d\u044f \u0432\u0438\u043b\u043b\u0430 \u041e\u043b\u044c\u043c\u043e \u044f\u0432\u043b\u044f\u0435\u0442\u0441\u044f \u043a\u0443\u043b\u044c\u0442\u0443\u0440\u043d\u044b\u043c \u0446\u0435\u043d\u0442\u0440\u043e\u043c \u0433\u043e\u0440\u043e\u0434\u043a\u0430. \u0417\u0434\u0435\u0441\u044c \u043f\u0440\u043e\u0432\u043e\u0434\u044f\u0442\u0441\u044f \u043a\u043e\u043d\u0446\u0435\u0440\u0442\u044b \u0438 \u0441\u0442\u0430\u0432\u044f\u0442\u0441\u044f \u0441\u043f\u0435\u043a\u0442\u0430\u043a\u043b\u0438. \u0410 \u0432 19 \u0432\u0435\u043a\u0435 \u043d\u0430 \u0432\u0438\u043b\u043b\u0435 \u043b\u044e\u0431\u0438\u043b\u0438 \u0433\u043e\u0441\u0442\u0438\u0442\u044c \u043a\u043e\u0440\u043e\u043b\u0435\u0432\u044b \u0421\u0430\u0440\u0434\u0438\u043d\u0438\u0438 \u0438 \u0421\u0438\u0446\u0438\u043b\u0438\u0438, \u0430\u0432\u0441\u0442\u0440\u0438\u0439\u0441\u043a\u0438\u0435 \u0438\u043c\u043f\u0435\u0440\u0430\u0442\u043e\u0440\u044b \u0424\u0440\u0430\u043d\u0446\u0438\u0441\u043a II \u0438 \u0424\u0435\u0440\u0434\u0438\u043d\u0430\u043d\u0434 I, \u0430 \u0442\u0430\u043a\u0436\u0435 \u0414\u0436\u0443\u0437\u0435\u043f\u043f\u0435 \u0413\u0430\u0440\u0438\u0431\u0430\u043b\u044c\u0434\u0438 \u0438 \u0434\u0440\u0443\u0433\u0438\u0435 \u0437\u043d\u0430\u0442\u043d\u044b\u0435 \u043e\u0441\u043e\u0431\u044b.&nbsp;\u0412\u0438\u043b\u043b\u0430 \u0434\u0430\u0435\u0442 \u043f\u0440\u043e\u0441\u0442\u043e\u0440 \u0434\u043b\u044f \u0441\u0432\u0430\u0434\u0435\u0431\u043d\u043e\u0439 \u0444\u043e\u0442\u043e\u0441\u0435\u0441\u0441\u0438\u0438. \u0424\u0430\u0441\u0430\u0434\u044b, \u0432\u044b\u043f\u043e\u043b\u043d\u0435\u043d\u043d\u044b\u0435 \u0432 \u043d\u0435\u043e\u0433\u043e\u0442\u0438\u0447\u0435\u0441\u043a\u043e\u043c \u0441\u0442\u0438\u043b\u0435 \u0438 \u044d\u043b\u0435\u0433\u0430\u043d\u0442\u043d\u044b\u0435 \u0438\u043d\u0442\u0435\u0440\u044c\u0435\u0440\u044b, \u0441\u0442\u0430\u043d\u0443\u0442 \u0434\u043e\u0441\u0442\u043e\u0439\u043d\u044b\u043c \u043e\u0431\u0440\u0430\u043c\u043b\u0435\u043d\u0438\u0435\u043c \u043f\u0440\u0430\u0437\u0434\u043d\u0438\u043a\u0430.&nbsp;\u0412 \u041a\u043e\u043c\u043e \u0446\u0430\u0440\u0438\u0442 \u0434\u0443\u0445 \u0440\u043e\u043c\u0430\u043d\u0442\u0438\u043a\u0438. \u0422\u0430\u043a \u0431\u044b\u043b\u043e \u0432\u0441\u0435\u0433\u0434\u0430&hellip; \u0410 \u043d\u0430 \u043f\u0430\u043c\u044f\u0442\u044c \u043c\u044d\u0440\u0438\u044f \u0433\u043e\u0440\u043e\u0434\u0430 \u0434\u0430\u0440\u0438\u0442 \u043c\u043e\u043b\u043e\u0434\u043e\u0436\u0435\u043d\u0430\u043c \u043c\u0430\u043b\u0435\u043d\u044c\u043a\u0443\u044e \u0444\u0438\u0433\u0443\u0440\u043a\u0443 \u043b\u043e\u0434\u043e\u0447\u043a\u0438, \u0432 \u043a\u043e\u0442\u043e\u0440\u043e\u0439 \u043f\u043e\u043f\u043b\u044b\u0432\u0435\u0442 \u043f\u043e \u0436\u0438\u0437\u043d\u0438 \u0432\u0430\u0448\u0430 \u0441\u0435\u043c\u044c\u044f, \u043e\u0431\u0440\u0443\u0447\u0435\u043d\u043d\u0430\u044f \u043a\u043b\u044f\u0442\u0432\u043e\u0439 \u0432\u0435\u0440\u043d\u043e\u0441\u0442\u0438.&nbsp;</p>\r\n", "image": "uploads/wedding/place/Villa_Olmo_1.jpg", "event_type": [1]}}, {"pk": 10, "model": "wedding.place", "fields": {"season": [2, 3, 4], "name": "\u0412\u0438\u043b\u043b\u0430 \u0427\u0438\u043f\u0440\u0435\u0437\u0438", "service": "\u041f\u043e\u0434\u0440\u043e\u0431\u043d\u043e\u0441\u0442\u0438 \u043f\u043e \u0441\u0442\u043e\u0438\u043c\u043e\u0441\u0442\u0438 \u0446\u0435\u0440\u0435\u043c\u043e\u043d\u0438\u0438 \u0443\u0442\u043e\u0447\u043d\u044f\u0439\u0442\u0435 \u0443 \u0441\u0432\u0430\u0434\u0435\u0431\u043d\u043e\u0433\u043e \u043a\u043e\u043e\u0440\u0434\u0438\u043d\u0430\u0442\u043e\u0440\u0430. \u041a\u0430\u0436\u0434\u0430\u044f \u0441\u0432\u0430\u0434\u044c\u0431\u0430 \u0440\u0430\u0441\u0441\u0447\u0438\u0442\u044b\u0432\u0430\u0435\u0442\u0441\u044f \u0438\u043d\u0434\u0438\u0432\u0438\u0434\u0443\u0430\u043b\u044c\u043d\u043e", "coords_y": null, "file_promo": "", "country": 2, "price": "\u0426\u0435\u0440\u0435\u043c\u043e\u043d\u0438\u044f \u043e\u0442 6000 \u0435\u0432\u0440\u043e", "coords_x": null, "place_type": [1, 3], "slug": "villa-chiprezi", "file_service": "", "file_price": "", "text": "<p>\u0416\u0438\u0432\u043e\u043f\u0438\u0441\u043d\u044b\u0435 \u043e\u043a\u0440\u0435\u0441\u0442\u043d\u043e\u0441\u0442\u0438 \u043e\u0437\u0435\u0440\u0430 \u041a\u043e\u043c\u043e \u0432\u043e\u0441\u043f\u0435\u0432\u0430\u043b\u0438\u0441\u044c \u0432 \u043f\u0440\u043e\u0438\u0437\u0432\u0435\u0434\u0435\u043d\u0438\u0438 \u0438\u0437\u0432\u0435\u0441\u0442\u043d\u043e\u0433\u043e \u0438\u0442\u0430\u043b\u044c\u044f\u043d\u0441\u043a\u043e\u0433\u043e \u043f\u0438\u0441\u0430\u0442\u0435\u043b\u044f \u0410. \u041c\u0430\u043d\u0434\u0437\u043e\u043d\u0438. \u0417\u0434\u0435\u0441\u044c \u0444\u043b\u043e\u0440\u0430 \u0438 \u0444\u0430\u0443\u043d\u0430 \u043d\u0430\u043f\u043e\u0435\u043d\u044b \u0432\u043e\u0437\u0434\u0443\u0445\u043e\u043c \u0410\u043b\u044c\u043f, \u0430 \u0432\u0440\u0435\u043c\u044f, \u043a\u0430\u0436\u0435\u0442\u0441\u044f, \u043e\u0441\u0442\u0430\u043d\u043e\u0432\u0438\u043b\u043e\u0441\u044c&hellip; \u0423 \u043e\u0437\u0435\u0440\u0430 \u041a\u043e\u043c\u043e \u0440\u0430\u0441\u043f\u043e\u043b\u0430\u0433\u0430\u0435\u0442\u0441\u044f \u0441\u043e\u0432\u0441\u0435\u043c \u0434\u0440\u0443\u0433\u0430\u044f \u0418\u0442\u0430\u043b\u0438\u044f &ndash; \u0431\u0435\u0437\u043c\u044f\u0442\u0435\u0436\u043d\u0430\u044f, \u0443\u043c\u0438\u0440\u043e\u0442\u0432\u043e\u0440\u0435\u043d\u043d\u0430\u044f, \u0430\u0440\u0438\u0441\u0442\u043e\u043a\u0440\u0430\u0442\u0438\u0447\u043d\u0430\u044f. \u0418\u0434\u0435\u0430\u043b\u044c\u043d\u0430\u044f \u0430\u0442\u043c\u043e\u0441\u0444\u0435\u0440\u0430 \u0434\u043b\u044f \u0441\u0432\u0430\u0434\u044c\u0431\u044b! \u0412 \u0442\u0430\u043a\u0443\u044e \u043c\u043e\u0436\u043d\u043e \u043e\u043a\u0443\u043d\u0443\u0442\u044c\u0441\u044f, \u0432\u044b\u0431\u0440\u0430\u0432 \u0434\u043b\u044f \u0441\u0432\u043e\u0435\u0433\u043e \u0442\u043e\u0440\u0436\u0435\u0441\u0442\u0432\u0430 \u0432\u0438\u043b\u043b\u0443 \u0427\u0438\u043f\u0440\u0435\u0437\u0438. \u042d\u0442\u043e \u0430\u043d\u0442\u0438\u0447\u043d\u0430\u044f \u0432\u0438\u043b\u043b\u0430, \u0433\u0434\u0435 \u0434\u0443\u0445 \u043f\u0440\u043e\u0448\u043b\u043e\u0433\u043e \u0442\u0430\u043a \u0433\u0430\u0440\u043c\u043e\u043d\u0438\u0447\u043d\u043e \u043f\u0435\u0440\u0435\u043f\u043b\u0435\u0442\u0430\u0435\u0442\u0441\u044f \u0441 \u043d\u0430\u0441\u0442\u043e\u044f\u0449\u0438\u043c. \u0427\u0438\u043f\u0440\u0435\u0437\u0438 &ndash; \u043f\u0440\u0435\u0441\u0442\u0438\u0436\u043d\u043e\u0435 \u043c\u0435\u0441\u0442\u043e \u0434\u043b\u044f \u043e\u0442\u0434\u044b\u0445\u0430, \u0433\u0434\u0435 \u0441\u0430\u043c\u044b\u0435 \u0441\u043c\u0435\u043b\u044b\u0435 \u043c\u0435\u0447\u0442\u044b \u0432\u043e\u043f\u043b\u043e\u0449\u0430\u044e\u0442\u0441\u044f \u0432 \u0440\u0435\u0430\u043b\u044c\u043d\u043e\u0441\u0442\u044c. \u0412\u0430\u0448\u0430 \u0441\u0432\u0430\u0434\u044c\u0431\u0430 \u0432 \u0434\u0432\u043e\u0440\u044f\u043d\u0441\u043a\u043e\u043c \u0434\u0443\u0445\u0435 \u0431\u0443\u0434\u0435\u0442 \u043d\u0435\u043e\u0431\u044b\u043a\u043d\u043e\u0432\u0435\u043d\u043d\u043e\u0439!&nbsp;\u0422\u043e\u043b\u044c\u043a\u043e \u043f\u0440\u0435\u0434\u0441\u0442\u0430\u0432\u044c\u0442\u0435: \u0438\u0437 \u0440\u043e\u0441\u043a\u043e\u0448\u043d\u044b\u0445 \u0438\u043d\u0442\u0435\u0440\u044c\u0435\u0440\u043e\u0432 \u0432\u044b \u043f\u043e\u043f\u0430\u0434\u0430\u0435\u0442\u0435 \u043d\u0430 \u0442\u0435\u0440\u0440\u0430\u0441\u0443, \u0433\u0434\u0435 \u0432\u0430\u0441 \u0438 \u0432\u0430\u0448\u0438\u0445 \u0433\u043e\u0441\u0442\u0435\u0439 \u0436\u0434\u0435\u0442 \u0441\u0432\u0430\u0434\u0435\u0431\u043d\u044b\u0439 \u0431\u0430\u043d\u043a\u0435\u0442. \u0421 \u0442\u0435\u0440\u0440\u0430\u0441\u044b \u0432\u044b \u043b\u044e\u0431\u0443\u0435\u0442\u0435\u0441\u044c \u0432\u0438\u0434\u0430\u043c\u0438 \u043e\u0437\u0435\u0440\u0430 \u0438 \u0433\u043e\u0440\u043d\u044b\u043c\u0438 \u0432\u0435\u0440\u0448\u0438\u043d\u0430\u043c\u0438 &ndash; \u0434\u0443\u0445 \u0437\u0430\u0445\u0432\u0430\u0442\u044b\u0432\u0430\u0435\u0442! \u0410 \u0431\u0440\u0430\u0447\u043d\u0443\u044e \u043d\u043e\u0447\u044c \u0432\u0430\u043c \u043f\u0440\u0435\u0434\u043b\u043e\u0436\u0430\u0442 \u043f\u0440\u043e\u0432\u0435\u0441\u0442\u0438 \u0437\u0434\u0435\u0441\u044c \u0436\u0435 &ndash; \u0432 \u043a\u043e\u043c\u0444\u043e\u0440\u0442\u0430\u0431\u0435\u043b\u044c\u043d\u043e\u043c \u043d\u043e\u043c\u0435\u0440\u0435 \u0434\u043b\u044f \u043d\u043e\u0432\u043e\u0431\u0440\u0430\u0447\u043d\u044b\u0445. \u041f\u043e\u0438\u0441\u0442\u0438\u043d\u0435 \u043a\u043e\u0440\u043e\u043b\u0435\u0432\u0441\u043a\u0430\u044f \u0441\u0432\u0430\u0434\u044c\u0431\u0430 \u0434\u043b\u044f \u0442\u0435\u0445, \u043a\u0442\u043e \u043f\u0440\u0438\u0432\u044b\u043a \u0436\u0438\u0442\u044c \u044f\u0440\u043a\u043e!&nbsp;</p>\r\n", "image": "uploads/wedding/place/VillaCipresi_2.jpg", "event_type": [1, 2]}}, {"pk": 12, "model": "wedding.place", "fields": {"season": [2, 3, 4], "name": "\u0412\u0438\u043b\u043b\u0430 \u0411\u0430\u043b\u0431\u044c\u044f\u043d\u0435\u043b\u043b\u043e", "service": "\u041f\u043e\u0434\u0440\u043e\u0431\u043d\u043e\u0441\u0442\u0438 \u043f\u043e \u0441\u0442\u043e\u0438\u043c\u043e\u0441\u0442\u0438 \u0446\u0435\u0440\u0435\u043c\u043e\u043d\u0438\u0438 \u0443\u0442\u043e\u0447\u043d\u044f\u0439\u0442\u0435 \u0443 \u0441\u0432\u0430\u0434\u0435\u0431\u043d\u043e\u0433\u043e \u043a\u043e\u043e\u0440\u0434\u0438\u043d\u0430\u0442\u043e\u0440\u0430. \u041a\u0430\u0436\u0434\u0430\u044f \u0441\u0432\u0430\u0434\u044c\u0431\u0430 \u0440\u0430\u0441\u0441\u0447\u0438\u0442\u044b\u0432\u0430\u0435\u0442\u0441\u044f \u0438\u043d\u0434\u0438\u0432\u0438\u0434\u0443\u0430\u043b\u044c\u043d\u043e", "coords_y": null, "file_promo": "", "country": 2, "price": "\u0426\u0435\u0440\u0435\u043c\u043e\u043d\u0438\u044f \u043e\u0442 6700 \u0435\u0432\u0440\u043e", "coords_x": null, "place_type": [1, 3], "slug": "villa-balbyanello", "file_service": "", "file_price": "", "text": "<p>\u0412\u0438\u043b\u043b\u0430 \u0411\u0430\u043b\u0431\u044c\u044f\u043d\u0435\u043b\u043b\u043e &ndash; \u0435\u0449\u0435 \u043e\u0434\u0438\u043d \u0432\u0435\u043b\u0438\u043a\u043e\u043b\u0435\u043f\u043d\u044b\u0439 \u0434\u0432\u043e\u0440\u0435\u0446, \u0440\u0430\u0441\u043f\u043e\u043b\u043e\u0436\u0435\u043d\u043d\u044b\u0439 \u043d\u0430 \u0431\u0435\u0440\u0435\u0433\u0443 \u043e\u0437\u0435\u0440\u0430 \u041a\u043e\u043c\u043e. \u0417\u0434\u0435\u0441\u044c \u043d\u0430 \u043b\u043e\u043d\u0435 \u0441\u0440\u0435\u0434\u0438\u0437\u0435\u043c\u043d\u043e\u043c\u043e\u0440\u0441\u043a\u043e\u0439 \u0444\u043b\u043e\u0440\u044b \u0432\u0434\u0430\u043b\u0438 \u043e\u0442 \u0448\u0443\u043c\u0430 \u0433\u043e\u0440\u043e\u0434\u043e\u0432 \u043f\u0440\u043e\u0438\u0441\u0445\u043e\u0434\u044f\u0442 \u0442\u0430\u0438\u043d\u0441\u0442\u0432\u0430 \u0431\u0440\u0430\u043a\u043e\u0441\u043e\u0447\u0435\u0442\u0430\u043d\u0438\u044f. \u0412\u044b\u0431\u043e\u0440 \u0432\u0438\u043b\u043b\u044b \u0411\u0430\u043b\u0431\u044c\u044f\u043d\u0435\u043b\u043b\u043e \u0434\u043b\u044f \u0441\u0432\u0430\u0434\u044c\u0431\u044b \u043d\u0435 \u0441\u043b\u0443\u0447\u0430\u0435\u043d. \u042d\u0442\u043e \u043a\u0440\u0430\u0441\u0438\u0432\u0435\u0439\u0448\u0435\u0435 \u0437\u0434\u0430\u043d\u0438\u0435, \u043f\u043e\u0441\u0442\u0440\u043e\u0435\u043d\u043d\u043e\u0435 \u0435\u0449\u0435 \u0432 1700 \u0433\u043e\u0434\u0443, \u0441\u0442\u043e\u0438\u0442 \u043d\u0430 \u043a\u0440\u0430\u0439\u043d\u0435\u0435 \u0442\u043e\u0447\u043a\u0435 \u043c\u044b\u0441\u0430 \u0414\u043e\u0441\u0441\u043e \u0434\u0438 \u041b\u0430\u0432\u0435\u0434\u043e, \u043e\u0442\u043a\u0443\u0434\u0430 \u043e\u0442\u043a\u0440\u044b\u0432\u0430\u0435\u0442\u0441\u044f \u0431\u0435\u0440\u0443\u0449\u0438\u0439 \u0437\u0430 \u0434\u0443\u0448\u0443 \u043f\u0430\u043d\u043e\u0440\u0430\u043c\u043d\u044b\u0439 \u0432\u0438\u0434 \u043d\u0430 \u0432\u0435\u043b\u0438\u0447\u0435\u0441\u0442\u0432\u0435\u043d\u043d\u044b\u0435 \u0433\u043e\u0440\u044b \u0438 \u0432\u043e\u0434\u043d\u0443\u044e \u0433\u043b\u0430\u0434\u044c \u0434\u0432\u0443\u0445 \u0437\u0430\u043b\u0438\u0432\u043e\u0432: \u0414\u0438\u0430\u043d\u0430 \u0438 \u0412\u0435\u043d\u0435\u0440\u0430.\u041a \u0432\u0438\u043b\u043b\u0435 \u043f\u0440\u0438\u043c\u044b\u043a\u0430\u0435\u0442 \u043f\u0430\u0440\u043a \u0441 \u0442\u0435\u0440\u0440\u0430\u0441\u0430\u043c\u0438, \u0438\u043c\u0435\u044e\u0449\u0438\u0439 \u043a\u0430\u0441\u043a\u0430\u0434\u043d\u0443\u044e \u0441\u0442\u0440\u0443\u043a\u0442\u0443\u0440\u0443. \u0412 \u043f\u0430\u0440\u043a\u0435 \u0433\u0443\u0441\u0442\u043e \u0440\u0430\u0441\u0442\u0443\u0442 \u043a\u0430\u0448\u0442\u0430\u043d\u044b, \u043b\u0430\u0432\u0440\u044b \u0438 \u043a\u0438\u043f\u0430\u0440\u0438\u0441\u044b, \u043f\u043e\u0441\u0430\u0436\u0435\u043d\u043d\u044b\u0435 \u043d\u0430 \u0440\u0430\u0437\u043d\u043e\u0439 \u0432\u044b\u0441\u043e\u0442\u0435. \u041f\u0440\u0438\u0440\u043e\u0434\u043d\u043e\u0435 \u0431\u043e\u0433\u0430\u0442\u0441\u0442\u0432\u043e \u0434\u043e\u043f\u043e\u043b\u043d\u0435\u043d\u043e \u043c\u0430\u043b\u044b\u043c\u0438 \u0430\u0440\u0445\u0438\u0442\u0435\u043a\u0442\u0443\u0440\u043d\u044b\u043c\u0438 \u0444\u043e\u0440\u043c\u0430\u043c\u0438, \u0441\u043e\u0445\u0440\u0430\u043d\u0438\u0432\u0448\u0438\u043c\u0438\u0441\u044f \u043f\u0440\u0430\u043a\u0442\u0438\u0447\u0435\u0441\u043a\u0438 \u043d\u0435\u0442\u0440\u043e\u043d\u0443\u0442\u044b\u043c\u0438 \u0434\u043e \u043d\u0430\u0448\u0438\u0445 \u0434\u043d\u0435\u0439. \u041e\u043a\u0440\u0435\u0441\u0442\u043d\u043e\u0441\u0442\u0438 \u0432\u0438\u043b\u043b\u044b - \u043f\u043e\u0438\u0441\u0442\u0438\u043d\u0435 \u0440\u0430\u0439\u0441\u043a\u0438\u0435 \u043c\u0435\u0441\u0442\u0430, \u043f\u0440\u0435\u0434\u043b\u0430\u0433\u0430\u044e\u0449\u0438\u0435 \u043d\u0430\u043f\u0438\u0441\u0430\u043d\u043d\u044b\u0435 \u043f\u0440\u0438\u0440\u043e\u0434\u043e\u0439 \u043b\u0430\u043d\u0434\u0448\u0430\u0444\u0442\u044b \u0434\u043b\u044f \u0443\u0434\u0438\u0432\u0438\u0442\u0435\u043b\u044c\u043d\u043e \u043a\u0440\u0430\u0441\u0438\u0432\u044b\u0445 \u0444\u043e\u0442\u043e\u0433\u0440\u0430\u0444\u0438\u0439.&nbsp;\u0418\u043c\u0435\u043d\u043d\u043e \u0432\u0438\u043b\u043b\u0430 \u0411\u0430\u043b\u0431\u044c\u044f\u043d\u0435\u043b\u043b\u043e \u0431\u044b\u043b\u0430 \u0432\u044b\u0431\u0440\u0430\u043d\u0430 \u0434\u043b\u044f \u0441\u044a\u0435\u043c\u043e\u043a \u044d\u043f\u0438\u0437\u043e\u0434\u043e\u0432 \u0444\u0438\u043b\u044c\u043c\u043e\u0432 &ldquo;\u0417\u0432\u0435\u0437\u0434\u043d\u044b\u0435 \u0432\u043e\u0439\u043d\u044b&rdquo; \u0438 &ldquo;\u041a\u0430\u0437\u0438\u043d\u043e \u0420\u043e\u044f\u043b\u044c&rdquo;.&nbsp;</p>\r\n", "image": "uploads/wedding/place/Villa_Balbianello_1.JPG", "event_type": [1, 2]}}, {"pk": 13, "model": "wedding.place", "fields": {"season": [2, 3], "name": "\u041f\u0430\u043b\u0430\u0446\u0446\u043e \u0421\u0435\u043d\u0430\u0442\u043e\u0440\u0438\u043e", "service": "\u041f\u043e\u0434\u0440\u043e\u0431\u043d\u043e\u0441\u0442\u0438 \u043f\u043e \u0441\u0442\u043e\u0438\u043c\u043e\u0441\u0442\u0438 \u0446\u0435\u0440\u0435\u043c\u043e\u043d\u0438\u0438 \u0443\u0442\u043e\u0447\u043d\u044f\u0439\u0442\u0435 \u0443 \u0441\u0432\u0430\u0434\u0435\u0431\u043d\u043e\u0433\u043e \u043a\u043e\u043e\u0440\u0434\u0438\u043d\u0430\u0442\u043e\u0440\u0430. \u041a\u0430\u0436\u0434\u0430\u044f \u0441\u0432\u0430\u0434\u044c\u0431\u0430 \u0440\u0430\u0441\u0441\u0447\u0438\u0442\u044b\u0432\u0430\u0435\u0442\u0441\u044f \u0438\u043d\u0434\u0438\u0432\u0438\u0434\u0443\u0430\u043b\u044c\u043d\u043e", "coords_y": null, "file_promo": "", "country": 2, "price": "\u0426\u0435\u0440\u0435\u043c\u043e\u043d\u0438\u044f \u043e\u0442 4500 \u0435\u0432\u0440\u043e", "coords_x": null, "place_type": [1], "slug": "palatstso-senatorio", "file_service": "", "file_price": "", "text": "<p>\u041f\u0430\u043b\u0430\u0446\u0446\u043e \u0421\u0435\u043d\u0430\u0442\u043e\u0440\u0438\u043e \u0440\u0430\u0441\u043f\u043e\u043b\u0430\u0433\u0430\u0435\u0442\u0441\u044f \u043d\u0430 \u0442\u0440\u0430\u043f\u0435\u0446\u0438\u0435\u0432\u0438\u0434\u043d\u043e\u0439 \u043f\u043b\u043e\u0449\u0430\u0434\u0438 \u041a\u0430\u043f\u0438\u0442\u043e\u043b\u0438\u044f \u0432 \u0420\u0438\u043c\u0435. \u042d\u0442\u0430 \u043f\u043b\u043e\u0449\u0430\u0434\u044c, \u043a\u0430\u043a \u0438 \u041f\u0430\u043b\u0430\u0446\u0446\u043e, \u044f\u0432\u043b\u044f\u044e\u0442\u0441\u044f \u0448\u0435\u0434\u0435\u0432\u0440\u0430\u043c\u0438 \u0433\u0440\u0430\u0434\u043e\u0441\u0442\u0440\u043e\u0438\u0442\u0435\u043b\u044c\u043d\u043e\u0433\u043e \u0438\u0441\u043a\u0443\u0441\u0441\u0442\u0432\u0430, \u043f\u0440\u0438\u0437\u043d\u0430\u043d\u043d\u044b\u043c\u0438 \u0432\u043e \u0432\u0441\u0435\u043c \u043c\u0438\u0440\u0435. \u0421\u0430\u043c \u041c\u0438\u043a\u0435\u043b\u0430\u043d\u0434\u0436\u0435\u043b\u043e \u0437\u0430\u043d\u0438\u043c\u0430\u043b\u0441\u044f \u043a\u0430\u043f\u0438\u0442\u0430\u043b\u044c\u043d\u043e\u0439 \u0440\u0435\u043a\u043e\u043d\u0441\u0442\u0440\u0443\u043a\u0446\u0438\u0435\u0439 \u044d\u0442\u043e\u0433\u043e \u0434\u0432\u043e\u0440\u0446\u0430. \u0420\u044f\u0434\u043e\u043c \u0441 \u041f\u0430\u043b\u0430\u0446\u0446\u043e \u0421\u0435\u043d\u0430\u0442\u043e\u0440\u0438\u043e \u0440\u0430\u0441\u043f\u043e\u043b\u0430\u0433\u0430\u0435\u0442\u0441\u044f \u041f\u0430\u043b\u0430\u0446\u0446\u043e \u0434\u0435 \u041a\u043e\u043d\u0441\u0435\u0440\u0432\u0430\u0442\u043e\u0440\u0438&nbsp; \u0438 \u041f\u0430\u043b\u0430\u0446\u0446\u043e \u041d\u0443\u043e\u0432\u043e, \u0430 \u0432 \u0446\u0435\u043d\u0442\u0440\u0435 \u043f\u043b\u043e\u0449\u0430\u0434\u0438&nbsp; \u0437\u0430\u043c\u0435\u0440 \u043d\u0430 \u0432\u0435\u043a\u0430 \u0437\u043d\u0430\u043c\u0435\u043d\u0438\u0442\u044b\u0439 \u0440\u0438\u043c\u0441\u043a\u0438\u0439 &ldquo;\u041c\u0435\u0434\u043d\u044b\u0439 \u0432\u0441\u0430\u0434\u043d\u0438\u043a&rdquo;. \u041f\u043e \u0442\u0440\u0430\u0434\u0438\u0446\u0438\u0438 \u043c\u043e\u043b\u043e\u0434\u043e\u0436\u0435\u043d\u044b \u0440\u0430\u0437\u0431\u0438\u0432\u0430\u044e\u0442 \u043e \u043d\u0435\u0433\u043e \u0431\u0443\u0442\u044b\u043b\u043a\u0443 \u0448\u0430\u043c\u043f\u0430\u043d\u0441\u043a\u043e\u0433\u043e, \u0447\u0442\u043e\u0431\u044b \u0441\u0435\u043c\u0435\u0439\u043d\u0430\u044f \u0436\u0438\u0437\u043d\u044c \u0431\u044b\u043b\u0430 \u0441\u0447\u0430\u0441\u0442\u043b\u0438\u0432\u043e\u0439.&nbsp;\u0421\u0432\u0430\u0434\u044c\u0431\u0430 \u0432 \u041f\u0430\u043b\u0430\u0446\u0446\u043e \u0421\u0435\u043d\u0430\u0442\u043e\u0440\u0438\u043e &ndash; \u044d\u0442\u043e \u0432\u0441\u0435\u0433\u0434\u0430 \u0442\u043e\u0440\u0436\u0435\u0441\u0442\u0432\u0435\u043d\u043d\u043e\u0435 \u0438 \u043a\u0440\u0430\u0441\u0438\u0432\u043e\u0435 \u0441\u043e\u0431\u044b\u0442\u0438\u0435. \u0424\u0430\u0441\u0430\u0434 \u0437\u0434\u0430\u043d\u0438\u044f \u0432\u044b\u0441\u0442\u0440\u043e\u0435\u043d \u0432 \u0441\u0442\u0438\u043b\u0435 \u0431\u0430\u0440\u043e\u043a\u043a\u043e. \u0415\u0433\u043e \u0433\u043b\u0430\u0432\u043d\u044b\u0435 \u044d\u043b\u0435\u043c\u0435\u043d\u0442\u044b &ndash;&nbsp; \u043a\u043e\u043b\u043e\u043a\u043e\u043b\u044c\u043d\u044f, \u0431\u043e\u0433\u0430\u0442\u043e \u0443\u043a\u0440\u0430\u0448\u0435\u043d\u043d\u044b\u0435 \u043b\u0435\u0441\u0442\u043d\u0438\u0446\u044b&nbsp; \u0438 \u043a\u0440\u0430\u0441\u0438\u0432\u044b\u0439 \u0444\u043e\u043d\u0442\u0430\u043d \u0441 \u0430\u043d\u0442\u0438\u0447\u043d\u044b\u043c\u0438 \u0441\u0442\u0430\u0442\u0443\u044f\u043c\u0438. \u041c\u043e\u043d\u0443\u043c\u0435\u043d\u0442\u0430\u043b\u044c\u043d\u044b\u0439 \u0438 \u0440\u043e\u0441\u043a\u043e\u0448\u043d\u044b\u0439 \u044d\u043a\u0441\u0442\u0435\u0440\u044c\u0435\u0440 \u043d\u0430\u0448\u0435\u043b \u0434\u043e\u0441\u0442\u043e\u0439\u043d\u043e\u0435 \u043f\u0440\u043e\u0434\u043e\u043b\u0436\u0435\u043d\u0438\u0435 \u0432 \u0438\u043d\u0442\u0435\u0440\u044c\u0435\u0440\u0435. \u0417\u0434\u0435\u0441\u044c \u0432 \u0437\u0430\u043b\u0430\u0445 \u0434\u0432\u043e\u0440\u0446\u0430 \u0445\u0440\u0430\u043d\u044f\u0442\u0441\u044f \u0441\u0430\u043c\u044b\u0435 \u0438\u0437\u0432\u0435\u0441\u0442\u043d\u044b\u0435 \u043a\u0430\u043f\u0438\u0442\u043e\u043b\u0438\u0439\u0441\u043a\u0438\u0435 \u043f\u0440\u043e\u0438\u0437\u0432\u0435\u0434\u0435\u043d\u0438\u044f, \u0441\u0442\u0435\u043d\u044b \u0438 \u043f\u043e\u0442\u043e\u043b\u043a\u0438 \u0443\u043a\u0440\u0430\u0448\u0435\u043d\u044b \u0444\u0440\u0435\u0441\u043a\u0430\u043c\u0438, \u0430 \u043f\u043e\u043b \u0432\u044b\u043b\u043e\u0436\u0435\u043d \u043c\u043e\u0437\u0430\u0438\u043a\u043e\u0439, \u0441\u043e\u0445\u0440\u0430\u043d\u0438\u0432\u0448\u0435\u0439\u0441\u044f \u0441 \u0434\u0440\u0435\u0432\u043d\u0438\u0445 \u0432\u0440\u0435\u043c\u0435\u043d.&nbsp;\u0412\u0430\u0448\u0430 \u0441\u0432\u0430\u0434\u044c\u0431\u0430 \u0432 \u0441\u0430\u043c\u043e\u043c \u0441\u0435\u0440\u0434\u0446\u0435 \u0418\u0442\u0430\u043b\u0438\u0438 \u0431\u0443\u0434\u0435\u0442 \u043e\u0441\u043e\u0431\u0435\u043d\u043d\u043e\u0439, \u043f\u043e\u0442\u043e\u043c\u0443 \u0447\u0442\u043e \u0418\u0442\u0430\u043b\u0438\u044f &ndash; \u044d\u0442\u043e&nbsp; \u0432\u0441\u0435\u0433\u0434\u0430 \u0440\u0430\u0434\u043e\u0441\u0442\u044c, \u044d\u0442\u043e \u0432\u0441\u0435\u0433\u0434\u0430 &ndash; \u043b\u044e\u0431\u043e\u0432\u044c!</p>\r\n", "image": "uploads/wedding/place/Palazzo_Senatorio_3.jpg", "event_type": [1]}}, {"pk": 14, "model": "wedding.place", "fields": {"season": [2, 3], "name": "\u041f\u0430\u043b\u0430\u0446\u0446\u043e \u0412\u0435\u043a\u043a\u044c\u043e", "service": "\u041f\u043e\u0434\u0440\u043e\u0431\u043d\u043e\u0441\u0442\u0438 \u043f\u043e \u0441\u0442\u043e\u0438\u043c\u043e\u0441\u0442\u0438 \u0446\u0435\u0440\u0435\u043c\u043e\u043d\u0438\u0438 \u0443\u0442\u043e\u0447\u043d\u044f\u0439\u0442\u0435 \u0443 \u0441\u0432\u0430\u0434\u0435\u0431\u043d\u043e\u0433\u043e \u043a\u043e\u043e\u0440\u0434\u0438\u043d\u0430\u0442\u043e\u0440\u0430. \u041a\u0430\u0436\u0434\u0430\u044f \u0441\u0432\u0430\u0434\u044c\u0431\u0430 \u0440\u0430\u0441\u0441\u0447\u0438\u0442\u044b\u0432\u0430\u0435\u0442\u0441\u044f \u0438\u043d\u0434\u0438\u0432\u0438\u0434\u0443\u0430\u043b\u044c\u043d\u043e", "coords_y": null, "file_promo": "", "country": 2, "price": "\u0426\u0435\u0440\u0435\u043c\u043e\u043d\u0438 \u043e\u0442 3600 \u0435\u0432\u0440\u043e", "coords_x": null, "place_type": [1], "slug": "palatstso-vekko", "file_service": "", "file_price": "", "text": "<p>\u041f\u043b\u0435\u043d\u044f\u044e\u0449\u0430\u044f \u043a\u0440\u0430\u0441\u043e\u0442\u0430, \u043e\u043a\u0443\u0442\u0430\u043d\u043d\u0430\u044f \u043f\u0435\u043b\u0435\u043d\u043e\u0439 \u0432\u0440\u0435\u043c\u0435\u043d\u0438 \u043f\u0440\u0438\u0432\u043b\u0435\u043a\u0430\u044e\u0442 \u0432 \u041f\u0430\u043b\u0430\u0446\u0446\u043e \u0412\u0435\u043a\u043a\u044c\u043e \u043d\u0435 \u0442\u043e\u043b\u044c\u043a\u043e \u0442\u0443\u0440\u0438\u0441\u0442\u043e\u0432, \u043d\u043e \u0438 \u043c\u043e\u043b\u043e\u0434\u043e\u0436\u0435\u043d\u043e\u0432, \u043a\u043e\u0442\u043e\u0440\u044b\u0435 \u0440\u0435\u0448\u0438\u043b\u0438 \u0441\u043a\u0440\u0435\u043f\u0438\u0442\u044c \u0441\u0432\u043e\u0439 \u0441\u043e\u044e\u0437 \u0432\u043e \u0424\u043b\u043e\u0440\u0435\u043d\u0446\u0438\u0438. \u042d\u0442\u043e\u0442 \u0437\u043d\u0430\u043c\u0435\u043d\u0438\u0442\u044b\u0439 \u0434\u0432\u043e\u0440\u0435\u0446 \u0431\u044b\u043b \u043f\u043e\u0441\u0442\u0440\u043e\u0435\u043d \u0435\u0449\u0435 \u0432 13 \u0432\u0435\u043a\u0435 \u0438 \u0432\u0441\u0435\u0433\u0434\u0430 \u043f\u0440\u0438\u043d\u0430\u0434\u043b\u0435\u0436\u0430\u043b \u043c\u0443\u043d\u0438\u0446\u0438\u043f\u0430\u043b\u0438\u0442\u0435\u0442\u0443.&nbsp;\u041f\u0430\u043b\u0430\u0446\u0446\u043e \u0412\u0435\u043a\u043a\u044c\u043e \u0440\u0430\u0441\u043f\u043e\u043b\u0430\u0433\u0430\u0435\u0442\u0441\u044f \u043d\u0430 \u043f\u043b\u043e\u0449\u0430\u0434\u0438 \u0421\u0438\u043d\u044c\u043e\u0440\u0438\u0438, \u043a\u043e\u0442\u043e\u0440\u0430\u044f \u0441\u0447\u0438\u0442\u0430\u0435\u0442\u0441\u044f \u0438\u0441\u0442\u043e\u0440\u0438\u0447\u0435\u0441\u043a\u0438\u043c \u0446\u0435\u043d\u0442\u0440\u043e\u043c. \u041d\u0430 \u043f\u043b\u043e\u0449\u0430\u0434\u0438 \u043c\u043e\u0436\u043d\u043e \u043f\u043e\u043b\u044e\u0431\u043e\u0432\u0430\u0442\u044c\u0441\u044f \u0440\u0430\u0431\u043e\u0442\u0430\u043c\u0438 \u041c\u0438\u043a\u0435\u043b\u0430\u043d\u0434\u0436\u0435\u043b\u043e \u0438 \u043a\u043e\u043b\u043b\u0435\u043a\u0446\u0438\u0435\u0439 \u0441\u043a\u0443\u043b\u044c\u043f\u0442\u0443\u0440. \u0418 \u043f\u043b\u043e\u0449\u0430\u0434\u044c \u0421\u0438\u043d\u044c\u043e\u0440\u0438\u0438, \u0438 \u0424\u043b\u043e\u0440\u0435\u043d\u0446\u0438\u044f \u0432 \u0446\u0435\u043b\u043e\u043c &ndash; \u044d\u0442\u043e \u043c\u0443\u0437\u0435\u0439 \u043f\u043e\u0434 \u043e\u0442\u043a\u0440\u044b\u0442\u044b\u043c \u043d\u0435\u0431\u043e\u043c! \u0422\u0430\u043a\u0438\u0445 \u0434\u0435\u043a\u043e\u0440\u0430\u0446\u0438\u0439 \u0434\u043b\u044f \u0441\u0432\u0430\u0434\u044c\u0431\u044b \u043d\u0435 \u043d\u0430\u0439\u0442\u0438 \u043d\u0438 \u0432 \u043e\u0434\u043d\u043e\u043c \u0433\u043e\u0440\u043e\u0434\u0435 \u043c\u0438\u0440\u0430!&nbsp;\u0426\u0435\u0440\u0435\u043c\u043e\u043d\u0438\u044f \u0431\u0440\u0430\u043a\u043e\u0441\u043e\u0447\u0435\u0442\u0430\u043d\u0438\u044f \u043f\u0440\u043e\u0432\u043e\u0434\u0438\u0442\u0441\u044f \u0432 \u0441\u0432\u0430\u0434\u0435\u0431\u043d\u043e\u043c \u0437\u0430\u043b\u0435 \u041f\u0430\u043b\u0430\u0446\u0446\u043e \u0412\u0435\u043a\u043a\u044c\u043e. \u041c\u043e\u043b\u043e\u0434\u043e\u0436\u0435\u043d\u044b \u043c\u043e\u0433\u0443\u0442 \u0441\u0430\u043c\u0438 \u0432\u044b\u0431\u0440\u0430\u0442\u044c \u043c\u0443\u0437\u044b\u043a\u0430\u043b\u044c\u043d\u043e\u0435 \u0441\u043e\u043f\u0440\u043e\u0432\u043e\u0436\u0434\u0435\u043d\u0438\u0435. \u042d\u0442\u043e \u043c\u043e\u0436\u0435\u0442 \u0431\u044b\u0442\u044c \u0441\u043a\u0440\u0438\u043f\u043a\u0430 \u0438\u043b\u0438 \u0430\u0440\u0444\u0430 \u0438\u043b\u0438 \u0434\u0440\u0443\u0433\u043e\u0439 \u0438\u043d\u0441\u0442\u0440\u0443\u043c\u0435\u043d\u0442, \u0447\u044c\u044f \u043c\u0435\u043b\u043e\u0434\u0438\u044f \u043e\u043a\u0430\u0436\u0435\u0442\u0441\u044f \u0431\u043b\u0438\u0436\u0435 \u043f\u043e \u0434\u0443\u0445\u0443.\u041f\u043e\u0447\u0443\u0432\u0441\u0442\u0432\u0443\u0439\u0442\u0435 \u0441\u0435\u0431\u044f \u043a\u043e\u0440\u043e\u043b\u0435\u0432\u0441\u043a\u043e\u0439 \u0447\u0435\u0442\u043e\u0439 \u0432 &ldquo;\u0446\u0432\u0435\u0442\u0443\u0449\u0435\u043c&rdquo; \u0433\u043e\u0440\u043e\u0434\u0435 \u0418\u0442\u0430\u043b\u0438\u0438, - \u0438\u043c\u0435\u043d\u043d\u043e \u0442\u0430\u043a \u043f\u0435\u0440\u0435\u0432\u043e\u0434\u0438\u0442\u0441\u044f \u043d\u0430\u0437\u0432\u0430\u043d\u0438\u0435 &ldquo;\u0424\u043b\u043e\u0440\u0435\u043d\u0446\u0438\u044f&rdquo;, \u0434\u0430\u043d\u043d\u043e\u0435 \u0433\u043e\u0440\u043e\u0434\u0443 \u042e\u043b\u0438\u0435\u043c \u0426\u0435\u0437\u0430\u0440\u0435\u043c.&nbsp;</p>\r\n", "image": "uploads/wedding/place/Palazzo_Vecchio.jpg", "event_type": [1]}}, {"pk": 15, "model": "wedding.place", "fields": {"season": [2, 3, 4], "name": "\u0411\u0435\u043b\u044c\u0432\u0435\u0434\u0435\u0440", "service": "\u041f\u043e\u0434\u0440\u043e\u0431\u043d\u043e\u0441\u0442\u0438 \u043f\u043e \u0441\u0442\u043e\u0438\u043c\u043e\u0441\u0442\u0438 \u0446\u0435\u0440\u0435\u043c\u043e\u043d\u0438\u0438 \u0443\u0442\u043e\u0447\u043d\u044f\u0439\u0442\u0435 \u0443 \u0441\u0432\u0430\u0434\u0435\u0431\u043d\u043e\u0433\u043e \u043a\u043e\u043e\u0440\u0434\u0438\u043d\u0430\u0442\u043e\u0440\u0430. \u041a\u0430\u0436\u0434\u0430\u044f \u0441\u0432\u0430\u0434\u044c\u0431\u0430 \u0440\u0430\u0441\u0441\u0447\u0438\u0442\u044b\u0432\u0430\u0435\u0442\u0441\u044f \u0438\u043d\u0434\u0438\u0432\u0438\u0434\u0443\u0430\u043b\u044c\u043d\u043e", "coords_y": 48.202536000000002, "file_promo": "", "country": 5, "price": "\u0426\u0435\u0440\u0435\u043c\u043e\u043d\u0438\u044f \u043e\u0442 3500 \u0435\u0432\u0440\u043e", "coords_x": 16.368796, "place_type": [1], "slug": "belveder", "file_service": "", "file_price": "", "text": "<p>\u0421\u0432\u044f\u0437\u0430\u0442\u044c \u0441\u0435\u0431\u044f \u0443\u0437\u0430\u043c\u0438 \u0431\u0440\u0430\u043a\u0430 \u0432 \u0430\u0432\u0441\u0442\u0440\u0438\u0439\u0441\u043a\u043e\u0439 \u0441\u0442\u043e\u043b\u0438\u0446\u0435 \u043c\u043e\u0436\u043d\u043e \u0432 \u0441\u0430\u043c\u043e\u043c \u0440\u043e\u0441\u043a\u043e\u0448\u043d\u043e\u043c \u0437\u0430\u043c\u043a\u0435 \u0411\u0435\u043b\u044c\u0432\u0435\u0434\u0435\u0440. \u0421\u0430\u0434\u043e\u0432\u043e-\u043f\u0430\u0440\u043a\u043e\u0432\u044b\u0439 \u0430\u043d\u0441\u0430\u043c\u0431\u043b\u044c \u0411\u0435\u043b\u044c\u0432\u0435\u0434\u0435\u0440 \u043e\u0431\u044a\u0435\u0434\u0438\u043d\u044f\u0435\u0442 \u0432\u0435\u0440\u0445\u043d\u0438\u0439 \u0438 \u043d\u0438\u0436\u043d\u0438\u0439 \u0437\u0430\u043c\u043a\u043e\u0432\u044b\u0435 \u043a\u043e\u043c\u043f\u043b\u0435\u043a\u0441\u044b. \u0414\u043b\u044f \u0446\u0435\u0440\u0435\u043c\u043e\u043d\u0438\u0438 \u0431\u0440\u0430\u043a\u043e\u0441\u043e\u0447\u0435\u0442\u0430\u043d\u0438\u044f \u043c\u043e\u0436\u043d\u043e \u0432\u044b\u0431\u0440\u0430\u0442\u044c \u041c\u0440\u0430\u043c\u043e\u0440\u043d\u044b\u0439 \u0437\u0430\u043b \u0438\u043b\u0438 \u0437\u0430\u043b \u041e\u043a\u0442\u0430\u0433\u043e\u043d, \u0440\u0430\u0441\u043f\u043e\u043b\u043e\u0436\u0438\u0432\u0448\u0438\u0435\u0441\u044f \u0432 \u0432\u0435\u0440\u0445\u043d\u0435\u043c \u0411\u0435\u043b\u044c\u0432\u0435\u0434\u0435\u0440\u0435. \u0417\u0430\u043b \u041e\u043a\u0442\u0430\u0433\u043e\u043d \u0432\u0441\u0442\u0440\u0435\u0442\u0438\u0442 \u0432\u043b\u044e\u0431\u043b\u0435\u043d\u043d\u044b\u0445 \u0431\u0435\u043b\u043e-\u0437\u043e\u043b\u043e\u0442\u043e\u0439 \u043e\u0431\u0441\u0442\u0430\u043d\u043e\u0432\u043a\u043e\u0439. \u041e\u0442\u0441\u044e\u0434\u0430 &nbsp;\u043e\u0442\u043a\u0440\u044b\u0432\u0430\u0435\u0442\u0441\u044f \u043a\u0440\u0430\u0441\u0438\u0432\u0435\u0439\u0448\u0438\u0439 \u0432\u0438\u0434 \u043d\u0430 \u0412\u0435\u043d\u0443. \u041d\u0438\u0436\u043d\u0438\u0439 \u0411\u0435\u043b\u044c\u0432\u0435\u0434\u0435\u0440 \u043f\u043e\u0440\u0430\u0437\u0438\u0442 \u0432\u0435\u043b\u0438\u043a\u043e\u043b\u0435\u043f\u0438\u0435\u043c \u0437\u0430\u043b\u043e\u0432 \u043b\u0435\u0442\u043d\u0435\u0439 \u0440\u0435\u0437\u0438\u0434\u0435\u043d\u0446\u0438\u0438, \u0443\u043a\u0440\u0430\u0448\u0435\u043d\u043d\u044b\u0445 \u0444\u0440\u0435\u0441\u043a\u0430\u043c\u0438, \u0440\u0430\u043d\u0435\u0435 \u0436\u0438\u043b\u044b\u0445 \u043f\u043e\u043c\u0435\u0449\u0435\u043d\u0438\u0439, \u043f\u0430\u0440\u0430\u0434\u043d\u043e\u0439 \u0441\u043f\u0430\u043b\u044c\u043d\u0438, \u043c\u0440\u0430\u043c\u043e\u0440\u043d\u043e\u0439 \u0433\u0430\u043b\u0435\u0440\u0435\u0438 \u0438 \u0433\u0440\u043e\u0442\u0435\u0441\u043a\u043d\u043e\u0433\u043e \u0437\u0430\u043b\u0430.&nbsp; \u0422\u0430\u043a\u0436\u0435 \u043d\u0438\u0436\u043d\u0438\u0439 \u0411\u0435\u043b\u044c\u0432\u0435\u0434\u0435\u0440 \u043e\u0445\u0432\u0430\u0442\u044b\u0432\u0430\u0435\u0442 \u0431\u043e\u043b\u044c\u0448\u0443\u044e \u043a\u043e\u043d\u044e\u0448\u043d\u044e \u0438 \u0443\u0434\u0438\u0432\u0438\u0442\u0435\u043b\u044c\u043d\u043e\u0439 \u043a\u0440\u0430\u0441\u043e\u0442\u044b \u043e\u0440\u0430\u043d\u0436\u0435\u0440\u0435\u044e.\u041f\u043e\u0441\u0435\u0449\u0435\u043d\u0438\u0435 \u0411\u0435\u043b\u044c\u0432\u0435\u0434\u0435\u0440\u0430 \u043f\u043e\u0437\u0432\u043e\u043b\u0438\u0442 \u0441\u043e\u0432\u043c\u0435\u0441\u0442\u0438\u0442\u044c \u0437\u043d\u0430\u043a\u043e\u043c\u0441\u0442\u0432\u043e \u0441 \u0438\u0441\u0442\u043e\u0440\u0438\u043a\u043e-\u043a\u0443\u043b\u044c\u0442\u0443\u0440\u043d\u044b\u043c \u043d\u0430\u0441\u043b\u0435\u0434\u0438\u0435\u043c \u044d\u043f\u043e\u0445\u0438 \u0432\u0435\u043d\u0441\u043a\u043e\u0433\u043e \u0431\u0430\u0440\u043e\u043a\u043a\u043e \u0438 \u0442\u043e\u0440\u0436\u0435\u0441\u0442\u0432\u043e \u0431\u0440\u0430\u043a\u043e\u0441\u043e\u0447\u0435\u0442\u0430\u043d\u0438\u044f. \u0412 \u043e\u043a\u0440\u0443\u0436\u0435\u043d\u0438\u0438 \u043f\u043e\u043b\u043e\u0442\u0435\u043d \u041a\u043b\u0438\u043c\u0442\u0430, \u041c\u0430\u043a\u0430\u0440\u0442\u0430 , \u041a\u043e\u043a\u043e\u0448\u043a\u0438, \u0428\u0438\u043b\u0435 \u0438 \u0412\u0430\u043b\u044c\u0434\u043c\u044e\u043b\u043b\u0435\u0440\u0430 \u043e\u0449\u0443\u0449\u0435\u043d\u0438\u0435 \u043d\u0430\u0441\u0442\u043e\u044f\u0449\u0435\u0433\u043e \u0442\u0430\u0435\u0442, \u043e\u0442\u043f\u0440\u0430\u0432\u043b\u044f\u044f \u043c\u043e\u043b\u043e\u0434\u043e\u0436\u0435\u043d\u043e\u0432 \u0432 \u044d\u043f\u043e\u0445\u0443 \u041b\u044e\u0434\u043e\u0432\u0438\u043a\u0430 \u0425VI.</p>\r\n", "image": "uploads/wedding/place/austria.jpg", "event_type": [1]}}, {"pk": 16, "model": "wedding.place", "fields": {"season": [2, 3, 4], "name": "\u0428\u0430\u0442\u043e \u0434\u0435 \u043b\u044f \u0422\u0443\u0440", "service": "\u041f\u043e\u0434\u0440\u043e\u0431\u043d\u043e\u0441\u0442\u0438 \u043f\u043e \u0441\u0442\u043e\u0438\u043c\u043e\u0441\u0442\u0438 \u0446\u0435\u0440\u0435\u043c\u043e\u043d\u0438\u0438 \u0443\u0442\u043e\u0447\u043d\u044f\u0439\u0442\u0435 \u0443 \u0441\u0432\u0430\u0434\u0435\u0431\u043d\u043e\u0433\u043e \u043a\u043e\u043e\u0440\u0434\u0438\u043d\u0430\u0442\u043e\u0440\u0430. \u041a\u0430\u0436\u0434\u0430\u044f \u0441\u0432\u0430\u0434\u044c\u0431\u0430 \u0440\u0430\u0441\u0441\u0447\u0438\u0442\u044b\u0432\u0430\u0435\u0442\u0441\u044f \u0438\u043d\u0434\u0438\u0432\u0438\u0434\u0443\u0430\u043b\u044c\u043d\u043e", "coords_y": 49.187269999999998, "file_promo": "", "country": 10, "price": "\u0426\u0435\u0440\u0435\u043c\u043e\u043d\u0438\u044f \u043e\u0442 5000 \u0435\u0432\u0440\u043e", "coords_x": 2.460045, "place_type": [1, 3], "slug": "shato-de-lya-tur", "file_service": "", "file_price": "", "text": "<p>\u0428\u0430\u0442\u043e \u0434\u0435 \u043b\u044f \u0422\u0443\u0440 -&nbsp; \u0443\u044e\u0442\u043d\u044b\u0439 \u0437\u0430\u043c\u043e\u043a-\u043e\u0442\u0435\u043b\u044c , \u0440\u0430\u0441\u043f\u043e\u043b\u043e\u0436\u0435\u043d\u043d\u044b\u0439 \u0432 35 \u043a\u043c \u043e\u0442 \u041f\u0430\u0440\u0438\u0436\u0430. \u041e\u043d \u044f\u0432\u043b\u044f\u0435\u0442\u0441\u044f \u043d\u0430\u0441\u0442\u043e\u044f\u0449\u0438\u043c \u043e\u0430\u0437\u0438\u0441\u043e\u043c \u0441\u043f\u043e\u043a\u043e\u0439\u0441\u0442\u0432\u0438\u044f, \u0433\u0434\u0435 \u0432\u0440\u0435\u043c\u044f, \u043a\u0430\u043a \u0431\u0443\u0434\u0442\u043e, \u043e\u0441\u0442\u0430\u043d\u043e\u0432\u0438\u043b\u043e\u0441\u044c. \u0417\u0430\u043c\u043e\u043a 19 \u0432\u0435\u043a\u0430 \u043f\u0440\u0435\u0434\u0441\u0442\u0430\u0432\u043b\u044f\u0435\u0442 \u0441\u043e\u0431\u043e\u0439 \u0441\u043b\u0438\u044f\u043d\u0438\u0435 \u044d\u043b\u0435\u0433\u0430\u043d\u0442\u043d\u043e\u0441\u0442\u0438 \u0438 \u043a\u043e\u043c\u0444\u043e\u0440\u0442\u0430.&nbsp; \u042d\u0442\u043e \u043c\u0435\u0441\u0442\u043e \u0438\u0434\u0435\u0430\u043b\u044c\u043d\u043e \u043f\u043e\u0434\u0445\u043e\u0434\u0438\u0442 \u0434\u043b\u044f \u0448\u0438\u043a\u0430\u0440\u043d\u043e\u0439 \u0441\u0432\u0430\u0434\u044c\u0431\u044b, \u0434\u043e\u0441\u0442\u043e\u0439\u043d\u043e\u0439 \u0437\u0432\u0435\u0437\u0434. \u0411\u0430\u043d\u043a\u0435\u0442\u043d\u044b\u0435 \u0437\u0430\u043b\u044b \u043b\u0438\u043b\u043e\u0432\u044b\u0445 \u0438 \u0431\u0435\u0436\u0435\u0432\u044b\u0445 \u043e\u0442\u0442\u0435\u043d\u043a\u043e\u0432, \u0431\u043e\u043b\u044c\u0448\u043e\u0439 \u0442\u0435\u043d\u0438\u0441\u0442\u044b\u0439 \u043f\u0430\u0440\u043a, \u0442\u0435\u0440\u0440\u0430\u0441\u044b \u0441 \u0432\u0438\u0434\u043e\u043c \u043d\u0430 \u0437\u0435\u043b\u0435\u043d\u044b\u0435 \u043b\u0443\u0436\u0430\u0439\u043a\u0438, \u0438\u0437\u044b\u0441\u043a\u0430\u043d\u043d\u0430\u044f \u043a\u0443\u0445\u043d\u044f, \u0438 \u043f\u0440\u043e\u0441\u0442\u043e\u0440\u043d\u044b\u0435 \u043d\u043e\u043c\u0435\u0440\u0430, \u0433\u0434\u0435 \u043c\u043e\u0436\u043d\u043e \u0440\u0430\u0441\u043f\u043e\u043b\u043e\u0436\u0438\u0442\u044c \u0432\u0441\u0435\u0445 \u0441\u0432\u043e\u0438\u0445 \u0433\u043e\u0441\u0442\u0435\u0439. \u041d\u0430 \u0442\u0435\u0440\u0440\u0438\u0442\u043e\u0440\u0438\u0438 \u0437\u0430\u043c\u043a\u0430 \u0435\u0441\u0442\u044c \u043c\u043d\u043e\u0433\u043e \u0438\u043d\u0442\u0435\u0440\u0435\u0441\u043d\u044b\u0445 \u0440\u0430\u0437\u0432\u043b\u0435\u0447\u0435\u043d\u0438\u0439, \u043f\u043e\u044d\u0442\u043e\u043c\u0443 \u0432\u0430\u0448 \u0441\u0432\u0430\u0434\u0435\u0431\u043d\u044b\u0439 \u0434\u0435\u043d\u044c \u043c\u043e\u0436\u0435\u0442 \u043f\u0440\u0435\u0432\u0440\u0430\u0442\u0438\u0442\u044c\u0441\u044f \u0432 \u0443\u0432\u043b\u0435\u043a\u0430\u0442\u0435\u043b\u044c\u043d\u044b\u0439 \u0441\u0432\u0430\u0434\u0435\u0431\u043d\u044b\u0439 \u0432\u0438\u043a\u0435\u043d\u0434, \u043a\u043e\u0442\u043e\u0440\u044b\u0439 \u0441\u0442\u0430\u043d\u0435\u0442 \u0445\u043e\u0440\u043e\u0448\u0438\u043c \u0432\u043e\u0441\u043f\u043e\u043c\u0438\u043d\u0430\u043d\u0438\u0435\u043c \u0438 \u0434\u0430\u0441\u0442 \u043c\u043d\u043e\u0433\u043e \u044f\u0440\u043a\u0438\u0445 \u043a\u0430\u0434\u0440\u043e\u0432 \u0434\u043b\u044f \u0444\u043e\u0442\u043e \u0438 \u0432\u0438\u0434\u0435\u043e.&nbsp;</p>\r\n", "image": "uploads/wedding/place/chateau_de_la_tour_5.jpg", "event_type": [2]}}, {"pk": 17, "model": "wedding.place", "fields": {"season": [2, 3, 4], "name": "\u041e\u0442\u0435\u043b\u044c Grecian Park ", "service": "\u041f\u043e\u0434\u0440\u043e\u0431\u043d\u043e\u0441\u0442\u0438 \u043f\u043e \u0441\u0442\u043e\u0438\u043c\u043e\u0441\u0442\u0438 \u0446\u0435\u0440\u0435\u043c\u043e\u043d\u0438\u0438 \u0443\u0442\u043e\u0447\u043d\u044f\u0439\u0442\u0435 \u0443 \u0441\u0432\u0430\u0434\u0435\u0431\u043d\u043e\u0433\u043e \u043a\u043e\u043e\u0440\u0434\u0438\u043d\u0430\u0442\u043e\u0440\u0430. \u041a\u0430\u0436\u0434\u0430\u044f \u0441\u0432\u0430\u0434\u044c\u0431\u0430 \u0440\u0430\u0441\u0441\u0447\u0438\u0442\u044b\u0432\u0430\u0435\u0442\u0441\u044f \u0438\u043d\u0434\u0438\u0432\u0438\u0434\u0443\u0430\u043b\u044c\u043d\u043e", "coords_y": 33.226194, "file_promo": "", "country": 4, "price": "\u0426\u0435\u0440\u0435\u043c\u043d\u0438\u044f \u043e\u0442 2000 \u0435\u0432\u0440\u043e", "coords_x": 35.050168999999997, "place_type": [2, 3], "slug": "otel-grecian-park-", "file_service": "", "file_price": "", "text": "<p>Grecian Park&nbsp; - \u044d\u0442\u043e 5-\u0437\u0432\u0435\u0434\u043e\u0447\u043d\u044b\u0439 \u043e\u0442\u0435\u043b\u044c \u043d\u0430 \u0431\u0435\u0440\u0435\u0433\u0443 \u0421\u0440\u0435\u0434\u0438\u0437\u0435\u043c\u043d\u043e\u0433\u043e \u043c\u043e\u0440\u044f, \u043e\u043a\u0443\u0442\u0430\u043d\u043d\u044b\u0439 \u0437\u0435\u043b\u0435\u043d\u044c\u044e \u0438 \u0432\u043e\u043b\u0448\u0435\u0431\u043d\u043e\u0439 \u0430\u0443\u0440\u043e\u0439 \u043b\u044e\u0431\u0432\u0438. \u041d\u0430\u0445\u043e\u0434\u044f\u0441\u044c \u043d\u0430 \u041a\u0438\u043f\u0440\u0435, \u043d\u0435\u0432\u043e\u0437\u043c\u043e\u0436\u043d\u043e \u043d\u0435 \u0434\u0443\u043c\u0430\u0442\u044c \u043e \u0431\u043e\u0433\u0438\u043d\u0435 \u0410\u0444\u0440\u043e\u0434\u0438\u0442\u0435, \u043a\u043e\u0442\u043e\u0440\u0430\u044f \u043f\u043e \u043f\u0440\u0435\u0434\u0430\u043d\u0438\u044e \u0432\u044b\u0448\u043b\u0430 \u0438\u0437 \u043f\u0435\u043d\u044b \u043c\u043e\u0440\u0441\u043a\u043e\u0439.&nbsp; Grecian Park \u043f\u043e\u0434\u0445\u043e\u0434\u0438\u0442 \u0434\u043b\u044f \u0438\u0441\u0442\u0438\u043d\u043d\u044b\u0445 \u0440\u043e\u043c\u0430\u043d\u0442\u0438\u043a\u043e\u0432, \u043c\u0435\u0447\u0442\u0430\u044e\u0449\u0438\u0445 \u043e \u043a\u0440\u0430\u0441\u0438\u0432\u043e\u0439 \u043a\u0430\u0440\u0442\u0438\u043d\u043a\u0435, \u0442\u0435\u043f\u043b\u043e\u043c \u0441\u0432\u0435\u0436\u0435\u043c \u0432\u043e\u0437\u0434\u0443\u0445\u0435 \u0438 \u0446\u0432\u0435\u0442\u043e\u0447\u043d\u043e\u043c \u043e\u0444\u043e\u0440\u043c\u043b\u0435\u043d\u0438\u0438 \u0441\u0432\u0430\u0434\u044c\u0431\u044b. \u041d\u0430 \u0444\u043e\u0442\u043e \u0441\u0435\u0441\u0441\u0438\u044e \u043c\u043e\u0436\u043d\u043e \u0443\u043c\u0447\u0430\u0442\u044c\u0441\u044f \u0432\u0434\u0430\u043b\u044c \u043f\u043e \u0443\u0437\u043a\u0438\u043c \u0438\u0437\u0432\u0438\u043b\u0438\u0441\u0442\u044b\u043c \u0434\u043e\u0440\u043e\u0433\u0430\u043c&nbsp; \u043a \u0441\u043a\u0430\u043b\u0438\u0441\u0442\u043e\u043c\u0443 \u043c\u044b\u0441\u0443 \u041a\u0430\u0432\u043e \u0413\u0440\u0435\u043a\u043e, \u043c\u043e\u0441\u0442\u0443 \u0432\u043b\u044e\u0431\u043b\u0435\u043d\u043d\u044b\u0445 \u0438 \u0437\u0430\u0433\u0430\u0434\u043e\u0447\u043d\u044b\u043c \u043c\u043e\u043d\u0430\u0441\u0442\u044b\u0440\u044f\u043c. \u0426\u0435\u0440\u0435\u043c\u043e\u043d\u0438\u044e \u0437\u0434\u0435\u0441\u044c \u043f\u0440\u043e\u0432\u043e\u0434\u044f\u0442 \u043d\u0430 \u043e\u0431\u0440\u044b\u0432\u0435 \u0438, \u043a\u043e\u043d\u0435\u0447\u043d\u043e, \u043e\u0442 \u044d\u0442\u043e\u0433\u043e \u0437\u0430\u0445\u0432\u0430\u0442\u044b\u0432\u0430\u0435\u0442 \u0434\u0443\u0445, \u0432\u0437\u0433\u043b\u044f\u0434 \u043f\u0440\u0438\u043a\u043e\u0432\u044b\u0432\u0430\u0435\u0442 \u043e\u0442\u043a\u0440\u044b\u0432\u0430\u044e\u0449\u0430\u044f\u0441\u044f \u0433\u043e\u043b\u0443\u0431\u0430\u044f \u043f\u0430\u043d\u043e\u0440\u0430\u043c\u0430 \u0438 \u0442\u044b \u043f\u043e\u043d\u0438\u043c\u0430\u0435\u0448\u044c, \u0447\u0442\u043e \u043c\u0435\u0447\u0442\u044b \u0441\u0431\u044b\u0432\u0430\u044e\u0442\u0441\u044f.&nbsp;</p>\r\n", "image": "uploads/wedding/place/GRECIAN_PARK_HOTEL_5_Cyprus.jpg", "event_type": [1, 2]}}, {"pk": 18, "model": "wedding.place", "fields": {"season": [2, 3, 4], "name": "\u0412\u0435\u043d\u0441\u043a\u0430\u044f \u0440\u0430\u0442\u0443\u0448\u0430", "service": "\u041f\u043e\u0434\u0440\u043e\u0431\u043d\u043e\u0441\u0442\u0438 \u043f\u043e \u0441\u0442\u043e\u0438\u043c\u043e\u0441\u0442\u0438 \u0446\u0435\u0440\u0435\u043c\u043e\u043d\u0438\u0438 \u0443\u0442\u043e\u0447\u043d\u044f\u0439\u0442\u0435 \u0443 \u0441\u0432\u0430\u0434\u0435\u0431\u043d\u043e\u0433\u043e \u043a\u043e\u043e\u0440\u0434\u0438\u043d\u0430\u0442\u043e\u0440\u0430. \u041a\u0430\u0436\u0434\u0430\u044f \u0441\u0432\u0430\u0434\u044c\u0431\u0430 \u0440\u0430\u0441\u0441\u0447\u0438\u0442\u044b\u0432\u0430\u0435\u0442\u0441\u044f \u0438\u043d\u0434\u0438\u0432\u0438\u0434\u0443\u0430\u043b\u044c\u043d\u043e", "coords_y": null, "file_promo": "", "country": 5, "price": "\u0426\u0435\u0440\u0435\u043c\u043e\u043d\u0438\u044f \u043e\u0442 3600 \u0435\u0432\u0440\u043e", "coords_x": null, "place_type": [1], "slug": "venskaya-ratusha", "file_service": "", "file_price": "", "text": "<p>\u0412\u0435\u043d\u0441\u043a\u0430\u044f \u0420\u0430\u0442\u0443\u0448\u0430 \u043d\u0430\u0445\u043e\u0434\u0438\u0442\u0441\u044f \u043d\u0430 \u0443\u043b\u0438\u0446\u0435 \u0420\u0438\u043d\u0433\u0448\u0442\u0440\u0430\u0441\u0441\u0435 \u043d\u0430\u043f\u0440\u043e\u0442\u0438\u0432 \u0438\u0437\u0432\u0435\u0441\u0442\u043d\u043e\u0433\u043e \u0434\u0440\u0430\u043c\u0430\u0442\u0438\u0447\u0435\u0441\u043a\u043e\u0433\u043e \u0442\u0435\u0430\u0442\u0440\u0430 \u0411\u0443\u0440\u0433\u0442\u0435\u0430\u0442\u0440. \u0417\u0434\u0430\u043d\u0438\u0435 \u0420\u0430\u0442\u0443\u0448\u0438 \u043f\u043e\u0441\u0442\u0440\u043e\u0435\u043d\u043e \u0432 \u043d\u0435\u043e\u0433\u043e\u0442\u0438\u0447\u0435\u0441\u043a\u043e\u043c \u0441\u0442\u0438\u043b\u0435. \u0420\u0430\u0442\u0443\u0448\u0430 &mdash; \u044d\u0442\u043e \u043e\u0434\u043d\u043e \u0438\u0437 \u0441\u0430\u043c\u044b\u0445 \u0432\u043d\u0443\u0448\u0438\u0442\u0435\u043b\u044c\u043d\u044b\u0445 \u0437\u0434\u0430\u043d\u0438\u0439 \u0412\u0435\u043d\u044b. \u0417\u0434\u0435\u0441\u044c \u043d\u0430\u0445\u043e\u0434\u044f\u0442\u0441\u044f \u0440\u0430\u0431\u043e\u0447\u0438\u0435 \u043a\u0430\u0431\u0438\u043d\u0435\u0442\u044b \u043c\u044d\u0440\u0430 \u0433\u043e\u0440\u043e\u0434\u0430, \u043f\u0440\u043e\u0432\u043e\u0434\u044f\u0442\u0441\u044f \u0440\u043e\u0441\u043a\u043e\u0448\u043d\u044b\u0435 \u0431\u0430\u043b\u044b \u0438 \u0431\u043e\u043b\u044c\u0448\u0438\u0435 \u043f\u0430\u0440\u0430\u0434\u043d\u044b\u0435 \u043c\u0435\u0440\u043e\u043f\u0440\u0438\u044f\u0442\u0438\u044f. \u042d\u0442\u043e \u043c\u0435\u0441\u0442\u043e \u0434\u043b\u044f \u0442\u0435\u0445, \u043a\u0442\u043e \u0445\u043e\u0447\u0435\u0442 \u043f\u0440\u043e\u0432\u0435\u0441\u0442\u0438 \u0446\u0435\u0440\u0435\u043c\u043e\u043d\u0438\u044e \u0441 \u0440\u0430\u0437\u043c\u0430\u0445\u043e\u043c \u0438 \u0443\u0434\u0438\u0432\u0438\u0442\u044c \u0432\u0441\u0435\u0445 \u0433\u043e\u0441\u0442\u0435\u0439 \u0432\u043d\u0443\u0448\u0438\u0442\u0435\u043b\u044c\u043d\u044b\u043c\u0438 \u043c\u0430\u0441\u0448\u0442\u0430\u0431\u0430\u043c\u0438 \u0438 \u043a\u0440\u0430\u0441\u0438\u0432\u043e\u0439 \u0430\u0440\u0445\u0438\u0442\u0435\u043a\u0442\u0443\u0440\u043e\u0439. \u0412\u0435\u043d\u0430 &ndash;&nbsp; \u0433\u043e\u0440\u043e\u0434 \u0441 \u0442\u0440\u0430\u0434\u0438\u0446\u0438\u044f\u043c\u0438 \u0438 \u0441\u0430\u043c\u0443\u044e \u043a\u0440\u0430\u0441\u0438\u0432\u0443\u044e \u0438\u0445 \u0447\u0430\u0441\u0442\u044c \u043c\u044b \u0441\u043c\u043e\u0436\u0435\u043c \u043f\u0435\u0440\u0435\u043d\u0435\u0441\u0442\u0438 \u043d\u0430 \u0432\u0430\u0448\u0443 \u0441\u0432\u0430\u0434\u044c\u0431\u0443. \u041a \u0420\u0430\u0442\u0443\u0448\u0435 \u0437\u0430 \u0432\u0430\u043c\u0438 \u043f\u0440\u0438\u0435\u0434\u0435\u0442 \u043d\u0430\u0441\u0442\u043e\u044f\u0449\u0430\u044f \u043a\u0430\u0440\u0435\u0442\u0430 \u0438 \u043f\u043e \u043c\u043e\u0449\u0435\u043d\u044b\u043c \u0443\u043b\u043e\u0447\u043a\u0430\u043c \u0432\u044b \u0434\u043e\u0431\u0435\u0440\u0435\u0442\u0435\u0441\u044c \u043a \u0440\u0435\u0441\u0442\u043e\u0440\u0430\u043d\u0443 \u0441\u043e \u0437\u0432\u0435\u0437\u0434\u0430\u043c\u0438 \u041c\u0438\u0448\u043b\u0435\u043d\u0430.</p>\r\n", "image": "uploads/wedding/place/Wiener_Rathaus_1.jpg", "event_type": [1]}}, {"pk": 19, "model": "wedding.place", "fields": {"season": [2, 3, 4], "name": "\u0421\u0430\u0434 \u0422\u044e\u0438\u043b\u044c\u0440\u0438", "service": "\u041f\u043e\u0434\u0440\u043e\u0431\u043d\u043e\u0441\u0442\u0438 \u043f\u043e \u0441\u0442\u043e\u0438\u043c\u043e\u0441\u0442\u0438 \u0446\u0435\u0440\u0435\u043c\u043e\u043d\u0438\u0438 \u0443\u0442\u043e\u0447\u043d\u044f\u0439\u0442\u0435 \u0443 \u0441\u0432\u0430\u0434\u0435\u0431\u043d\u043e\u0433\u043e \u043a\u043e\u043e\u0440\u0434\u0438\u043d\u0430\u0442\u043e\u0440\u0430. \u041a\u0430\u0436\u0434\u0430\u044f \u0441\u0432\u0430\u0434\u044c\u0431\u0430 \u0440\u0430\u0441\u0441\u0447\u0438\u0442\u044b\u0432\u0430\u0435\u0442\u0441\u044f \u0438\u043d\u0434\u0438\u0432\u0438\u0434\u0443\u0430\u043b\u044c\u043d\u043e", "coords_y": null, "file_promo": "", "country": 10, "price": "\u0426\u0435\u0440\u0435\u043c\u043e\u043d\u0438\u044f \u043e\u0442 3600 \u0435\u0432\u0440\u043e", "coords_x": null, "place_type": [8], "slug": "sad-tyuilri", "file_service": "", "file_price": "", "text": "<p>\u0417\u043d\u0430\u043c\u0435\u043d\u0438\u0442\u044b\u0439 \u0441\u0430\u0434 \u0422\u044e\u0438\u043b\u044c\u0440\u0438 - \u0441\u0430\u043c\u044b\u0439 \u0441\u0442\u0430\u0440\u044b\u0439 \u0444\u0440\u0430\u043d\u0446\u0443\u0437\u0441\u043a\u0438\u0439 \u043f\u0430\u0440\u043a. \u0420\u0430\u0441\u043f\u043e\u043b\u043e\u0436\u0435\u043d \u043e\u043d \u0432 \u0441\u0435\u0440\u0434\u0446\u0435 \u041f\u0430\u0440\u0438\u0436\u0430, \u043d\u0430\u043f\u0440\u043e\u0442\u0438\u0432 \u041b\u0443\u0432\u0440\u0430 \u043c\u0435\u0436\u0434\u0443 \u043f\u043b\u043e\u0449\u0430\u0434\u044c\u044e \u0421\u043e\u0433\u043b\u0430\u0441\u0438\u044f, \u0443\u043b\u0438\u0446\u0435\u0439 \u0420\u0438\u0432\u043e\u043b\u0438 \u0438 \u0421\u0435\u043d\u043e\u0439. \u0426\u0435\u043d\u0442\u0440\u0430\u043b\u044c\u043d\u0430\u044f \u0430\u043b\u043b\u0435\u044f \u043f\u0430\u0440\u043a\u0430 \u043e\u0431\u0440\u0430\u043c\u043b\u0435\u043d\u0430 \u0442\u0435\u043d\u0438\u0441\u0442\u044b\u043c\u0438 \u043a\u0430\u0448\u0442\u0430\u043d\u0430\u043c\u0438 \u0438 \u0443\u0445\u043e\u0436\u0435\u043d\u043d\u044b\u043c\u0438 \u043b\u0443\u0436\u0430\u0439\u043a\u0430\u043c\u0438, \u0430 \u043a\u043e\u043d\u0446\u044b \u0430\u043b\u043b\u0435\u0438 \u0432\u0435\u043d\u0447\u0430\u044e\u0442 \u0434\u0435\u043a\u043e\u0440\u0430\u0442\u0438\u0432\u043d\u044b\u0435 \u043f\u0440\u0443\u0434\u044b, \u043e\u043a\u0440\u0443\u0436\u0435\u043d\u043d\u044b\u0435 \u0433\u0430\u043b\u0435\u0440\u0435\u0435\u0439 \u0441\u043a\u0443\u043b\u044c\u043f\u0442\u0443\u0440 \u0438\u0437 \u0412\u0435\u0440\u0441\u0430\u043b\u044f \u0438 \u041c\u0430\u0440\u043b\u0438. \u0412\u0441\u0435 \u0434\u043e\u0440\u043e\u0433\u0438 \u0432\u0435\u0434\u0443\u0442 \u0432 \u044d\u0442\u043e\u0442 \u043f\u0430\u0440\u043a, \u0442\u0430\u043a \u0447\u0442\u043e \u043a\u0430\u043a\u0438\u0435 \u0431\u044b \u0438\u0441\u0442\u043e\u0440\u0438\u0447\u0435\u0441\u043a\u0438\u0435 \u0438\u043b\u0438 \u043f\u0430\u043c\u044f\u0442\u043d\u044b\u0435 \u043c\u0435\u0441\u0442\u0430 \u0432\u044b \u043d\u0435 \u043e\u0441\u043c\u0430\u0442\u0440\u0438\u0432\u0430\u043b\u0438, \u0432\u0430\u043c \u043d\u0435 \u0443\u0434\u0430\u0441\u0442\u0441\u044f \u0435\u0433\u043e \u043d\u0435 \u0437\u0430\u043c\u0435\u0442\u0438\u0442\u044c. \u0417\u0434\u0435\u0441\u044c \u043c\u043e\u0436\u043d\u043e \u043e\u0440\u0433\u0430\u043d\u0438\u0437\u043e\u0432\u0430\u0442\u044c \u043a\u0440\u0430\u0441\u0438\u0432\u0443\u044e \u0446e\u0440\u0435\u043c\u043e\u043d\u0438\u044e, \u0430 \u043f\u043e\u0442\u043e\u043c \u0443\u0441\u0442\u0440\u043e\u0438\u0442\u044c \u043f\u0438\u043a\u043d\u0438\u043a \u0432\u043e \u0444\u0440\u0430\u043d\u0446\u0443\u0437\u0441\u043a\u043e\u043c \u0441\u0442\u0438\u043b\u0435, \u043d\u0430\u0447\u0430\u0432 \u0441\u0432\u043e\u044e \u0441\u0432\u0430\u0434\u0435\u0431\u043d\u0443\u044e \u0444\u043e\u0442\u043e \u0441\u0435\u0441\u0441\u0438\u044e \u0441 \u0431\u0430\u0433\u0435\u0442\u0430\u043c\u0438 \u0438 \u043f\u043e\u0442\u0440\u044f\u0441\u0430\u044e\u0449\u0438\u043c \u0431\u0435\u043b\u044b\u043c \u0432\u0438\u043d\u043e\u043c, \u043a\u043e\u0442\u043e\u0440\u043e\u0435 \u043f\u0440\u0435\u0434\u0441\u0442\u0430\u0432\u043b\u0435\u043d\u043e \u0432 \u041f\u0430\u0440\u0438\u0436\u0435 \u043d\u0430 \u043b\u044e\u0431\u043e\u0439 \u0432\u043a\u0443\u0441.&nbsp;&nbsp;</p>\r\n", "image": "uploads/wedding/place/sad_tuilri.jpg", "event_type": [2]}}, {"pk": 11, "model": "wedding.placephoto", "fields": {"image": "uploads/wedding/place_gallery/Dobris.jpg", "place": 2}}, {"pk": 10, "model": "wedding.placephoto", "fields": {"image": "uploads/wedding/place_gallery/Dobris_3.jpg", "place": 2}}, {"pk": 9, "model": "wedding.placephoto", "fields": {"image": "uploads/wedding/place_gallery/Dobris_2.jpg", "place": 2}}, {"pk": 8, "model": "wedding.placephoto", "fields": {"image": "uploads/wedding/place_gallery/Dobris_1.jpg", "place": 2}}, {"pk": 1, "model": "wedding.placephoto", "fields": {"image": "uploads/wedding/place_gallery/Gluboka_nad_Vltavoj_2.jpg", "place": 1}}, {"pk": 2, "model": "wedding.placephoto", "fields": {"image": "uploads/wedding/place_gallery/Gluboka_nad_Vltavoj_3.jpg", "place": 1}}, {"pk": 3, "model": "wedding.placephoto", "fields": {"image": "uploads/wedding/place_gallery/Gluboka_nad_Vltavoj_5.jpg", "place": 1}}, {"pk": 16, "model": "wedding.placephoto", "fields": {"image": "uploads/wedding/place_gallery/Klimentinum_1.jpg", "place": 4}}, {"pk": 13, "model": "wedding.placephoto", "fields": {"image": "uploads/wedding/place_gallery/Emniste_3.jpg", "place": 3}}, {"pk": 14, "model": "wedding.placephoto", "fields": {"image": "uploads/wedding/place_gallery/Emniste_2.jpg", "place": 3}}, {"pk": 15, "model": "wedding.placephoto", "fields": {"image": "uploads/wedding/place_gallery/Emniste_1.jpg", "place": 3}}, {"pk": 17, "model": "wedding.placephoto", "fields": {"image": "uploads/wedding/place_gallery/Klimentinum.jpg", "place": 4}}, {"pk": 18, "model": "wedding.placephoto", "fields": {"image": "uploads/wedding/place_gallery/Klimentinum_2.jpg", "place": 4}}, {"pk": 19, "model": "wedding.placephoto", "fields": {"image": "uploads/wedding/place_gallery/Klimentinum_4.jpg", "place": 4}}, {"pk": 20, "model": "wedding.placephoto", "fields": {"image": "uploads/wedding/place_gallery/Sato_Barocco_4.jpg", "place": 5}}, {"pk": 21, "model": "wedding.placephoto", "fields": {"image": "uploads/wedding/place_gallery/Sato_Barocco_5.jpg", "place": 5}}, {"pk": 23, "model": "wedding.placephoto", "fields": {"image": "uploads/wedding/place_gallery/Starogradskaja_ratusa_1.jpg", "place": 6}}, {"pk": 24, "model": "wedding.placephoto", "fields": {"image": "uploads/wedding/place_gallery/Starogradskaja_ratusa_2.jpg", "place": 6}}, {"pk": 25, "model": "wedding.placephoto", "fields": {"image": "uploads/wedding/place_gallery/Stirin_2.jpg", "place": 7}}, {"pk": 26, "model": "wedding.placephoto", "fields": {"image": "uploads/wedding/place_gallery/Stirin_1.jpg", "place": 7}}, {"pk": 27, "model": "wedding.placephoto", "fields": {"image": "uploads/wedding/place_gallery/Stirin_5.jpg", "place": 7}}, {"pk": 28, "model": "wedding.placephoto", "fields": {"image": "uploads/wedding/place_gallery/Zbirog_1.jpg", "place": 8}}, {"pk": 29, "model": "wedding.placephoto", "fields": {"image": "uploads/wedding/place_gallery/Zbirog_erbovsky_zal.jpg", "place": 8}}, {"pk": 31, "model": "wedding.placephoto", "fields": {"image": "uploads/wedding/place_gallery/Villa_Olmo.jpg", "place": 9}}, {"pk": 32, "model": "wedding.placephoto", "fields": {"image": "uploads/wedding/place_gallery/Villa_Olmo_1.jpg", "place": 9}}, {"pk": 33, "model": "wedding.placephoto", "fields": {"image": "uploads/wedding/place_gallery/VillaCipresi_4.jpg", "place": 10}}, {"pk": 34, "model": "wedding.placephoto", "fields": {"image": "uploads/wedding/place_gallery/VillaCipresi_2.jpg", "place": 10}}, {"pk": 35, "model": "wedding.placephoto", "fields": {"image": "uploads/wedding/place_gallery/VillaCipresi_5.jpg", "place": 10}}, {"pk": 36, "model": "wedding.placephoto", "fields": {"image": "uploads/wedding/place_gallery/Villa_Carlotta_1.jpg", "place": 11}}, {"pk": 37, "model": "wedding.placephoto", "fields": {"image": "uploads/wedding/place_gallery/Villa_Carlotta_5.jpg", "place": 11}}, {"pk": 41, "model": "wedding.placephoto", "fields": {"image": "uploads/wedding/place_gallery/Palazzo_Senatorio_3.jpg", "place": 13}}, {"pk": 39, "model": "wedding.placephoto", "fields": {"image": "uploads/wedding/place_gallery/Villa_Balbianello.JPG", "place": 12}}, {"pk": 40, "model": "wedding.placephoto", "fields": {"image": "uploads/wedding/place_gallery/Villa_Balbianello_1.JPG", "place": 12}}, {"pk": 42, "model": "wedding.placephoto", "fields": {"image": "uploads/wedding/place_gallery/Palazzo_Senatorio.jpg", "place": 13}}, {"pk": 47, "model": "wedding.placephoto", "fields": {"image": "uploads/wedding/place_gallery/chateau_de_la_tour_.jpg", "place": 16}}, {"pk": 45, "model": "wedding.placephoto", "fields": {"image": "uploads/wedding/place_gallery/Palazzo_Vecchio_2.jpg", "place": 14}}, {"pk": 46, "model": "wedding.placephoto", "fields": {"image": "uploads/wedding/place_gallery/Palazzo_Vecchio.jpg", "place": 14}}, {"pk": 48, "model": "wedding.placephoto", "fields": {"image": "uploads/wedding/place_gallery/chateau_de_la_tour_1.jpg", "place": 16}}, {"pk": 49, "model": "wedding.placephoto", "fields": {"image": "uploads/wedding/place_gallery/chateau_de_la_tour_3.jpg", "place": 16}}, {"pk": 50, "model": "wedding.placephoto", "fields": {"image": "uploads/wedding/place_gallery/chateau_de_la_tour_4.jpg", "place": 16}}, {"pk": 51, "model": "wedding.placephoto", "fields": {"image": "uploads/wedding/place_gallery/chateau_de_la_tour_5.jpg", "place": 16}}, {"pk": 52, "model": "wedding.placephoto", "fields": {"image": "uploads/wedding/place_gallery/grecian_parc_3.jpg", "place": 17}}, {"pk": 53, "model": "wedding.placephoto", "fields": {"image": "uploads/wedding/place_gallery/grecian_park_2.jpg", "place": 17}}, {"pk": 54, "model": "wedding.placephoto", "fields": {"image": "uploads/wedding/place_gallery/grecian_park1.jpg", "place": 17}}, {"pk": 55, "model": "wedding.placephoto", "fields": {"image": "uploads/wedding/place_gallery/grecian-park-hotel.jpg", "place": 17}}, {"pk": 56, "model": "wedding.placephoto", "fields": {"image": "uploads/wedding/place_gallery/GRECIAN_PARK_HOTEL_5_Cyprus.jpg", "place": 17}}, {"pk": 57, "model": "wedding.placephoto", "fields": {"image": "uploads/wedding/place_gallery/Wiener_Rathaus_2_1.jpg", "place": 18}}, {"pk": 58, "model": "wedding.placephoto", "fields": {"image": "uploads/wedding/place_gallery/Wiener_Rathaus_1.jpg", "place": 18}}, {"pk": 59, "model": "wedding.placephoto", "fields": {"image": "uploads/wedding/place_gallery/Wiener_Rathaus_3.jpg", "place": 18}}, {"pk": 60, "model": "wedding.placephoto", "fields": {"image": "uploads/wedding/place_gallery/sad_tuilri_2.jpg", "place": 19}}, {"pk": 61, "model": "wedding.placephoto", "fields": {"image": "uploads/wedding/place_gallery/sad_tuolri_1.jpg", "place": 19}}, {"pk": 62, "model": "wedding.placephoto", "fields": {"image": "uploads/wedding/place_gallery/jardin-des-Tuileries.jpg", "place": 19}}]