[{"pk": 1, "model": "banner.banner", "fields": {"image": "uploads/slider/banner_1_1.png", "name": "/"}}, {"pk": 1, "model": "blog.category", "fields": {"title": "\u0418\u0434\u0435\u044f \u043c\u0435\u0441\u044f\u0446\u0430"}}, {"pk": 2, "model": "blog.category", "fields": {"title": "\u0421\u0432\u0430\u0434\u0435\u0431\u043d\u044b\u0435 \u0442\u0440\u0430\u0434\u0438\u0446\u0438\u0438"}}, {"pk": 3, "model": "blog.category", "fields": {"title": "\u0421\u0442\u0438\u043b\u044c \u043c\u0435\u0441\u044f\u0446\u0430"}}, {"pk": 4, "model": "blog.category", "fields": {"title": "\u041d\u0435\u0432\u0435\u0441\u0442\u0430 \u043c\u0435\u0441\u044f\u0446\u0430"}}, {"pk": 5, "model": "blog.category", "fields": {"title": "\u0421\u0447\u0430\u0441\u0442\u043b\u0438\u0432\u044b\u0435 \u043d\u043e\u0432\u043e\u0441\u0442\u0438"}}, {"pk": 2, "model": "blog.article", "fields": {"category": 2, "content": "<p>Natus error sit voluptatem accusantium doloremque laudantium, totam rem aperiam eaque ipsa, quae ab illo\r\n                    inventore\r\n                    veritais et quasi architecto beatae vitae dicta sunt, explicabo. Nemo enim ipsam voluptatem, quia\r\n                    voluptas sit, aspernatur aut odit aut fugit, sed quia consequuntur magni dolores eos, qui ratione\r\n                    voluptatem sequi nesciunt, neque porro quisquam est, qui dolorem ipsum, quia dolor sit, amet,\r\n                    consectetur, adipisci velit, sed quia non numquam eius modi tempora incidunt, ut labore et dolore magnam\r\n                    aliquam quaerat voluptatem. </p>\r\n\r\n                <p>Ut enim ad minima veniam, quis nostrum exercitationem ullam corporis suscipit laboriosam, nisi ut aliquid\r\n                    ex ea commodi consequatur. Quis autem vel eum iure reprehenderit, qui in ea voluptate velit esse, quam\r\n                    nihil molestiae consequatur.</p>\r\n\r\n                <p>Qui dolorem eum fugiat, quo voluptas nulla pariatur? At vero eos et accusamus et iusto odio dignissimos\r\n                    ducimus, qui blanditiis praesentium voluptatum deleniti atque corrupti, quos dolores et quas molestias\r\n                    excepturi sint, obcaecati cupiditate non provident, similique sunt in culpa, qui officia deserunt\r\n                    mollitia animi, id est laborum et dolorum fuga. Et harum quidem rerum facilis est et expedita\r\n                    distinctio. Nam libero tempore, cum soluta nobis est eligendi optio, cumque nihil impedit, quo minus id,\r\n                    quod maxime placeat, facere possimus, omnis voluptas assumenda est, omnis dolor repellendus. Temporibus\r\n                    autem quibusdam et aut officiis debitis aut rerum necessitatibus saepe eveniet, ut et voluptates\r\n                    repudiandae sint et molestiae non recusandae. Itaque earum rerum hic tenetur a sapiente delectus, ut aut\r\n                    reiciendis voluptatibus maiores alias consequatur aut perferendis doloribus asperiores repellat.</p>", "image": "uploads/blog/team_3.jpg", "date": "2013-09-23", "title": "\u0414\u0440\u0443\u0433\u043e\u0435 \u043f\u0443\u0442\u0435\u0448\u0435\u0441\u0442\u0432\u0438\u0435"}}, {"pk": 1, "model": "blog.article", "fields": {"category": 1, "content": "<p>Natus error sit voluptatem accusantium doloremque laudantium, totam rem aperiam eaque ipsa, quae ab illo\r\n                    inventore\r\n                    veritais et quasi architecto beatae vitae dicta sunt, explicabo. Nemo enim ipsam voluptatem, quia\r\n                    voluptas sit, aspernatur aut odit aut fugit, sed quia consequuntur magni dolores eos, qui ratione\r\n                    voluptatem sequi nesciunt, neque porro quisquam est, qui dolorem ipsum, quia dolor sit, amet,\r\n                    consectetur, adipisci velit, sed quia non numquam eius modi tempora incidunt, ut labore et dolore magnam\r\n                    aliquam quaerat voluptatem. </p>\r\n\r\n                <p>Ut enim ad minima veniam, quis nostrum exercitationem ullam corporis suscipit laboriosam, nisi ut aliquid\r\n                    ex ea commodi consequatur. Quis autem vel eum iure reprehenderit, qui in ea voluptate velit esse, quam\r\n                    nihil molestiae consequatur.</p>\r\n\r\n                <p>Qui dolorem eum fugiat, quo voluptas nulla pariatur? At vero eos et accusamus et iusto odio dignissimos\r\n                    ducimus, qui blanditiis praesentium voluptatum deleniti atque corrupti, quos dolores et quas molestias\r\n                    excepturi sint, obcaecati cupiditate non provident, similique sunt in culpa, qui officia deserunt\r\n                    mollitia animi, id est laborum et dolorum fuga. Et harum quidem rerum facilis est et expedita\r\n                    distinctio. Nam libero tempore, cum soluta nobis est eligendi optio, cumque nihil impedit, quo minus id,\r\n                    quod maxime placeat, facere possimus, omnis voluptas assumenda est, omnis dolor repellendus. Temporibus\r\n                    autem quibusdam et aut officiis debitis aut rerum necessitatibus saepe eveniet, ut et voluptates\r\n                    repudiandae sint et molestiae non recusandae. Itaque earum rerum hic tenetur a sapiente delectus, ut aut\r\n                    reiciendis voluptatibus maiores alias consequatur aut perferendis doloribus asperiores repellat.</p>", "image": "uploads/blog/blog.jpg", "date": "2013-09-23", "title": "\u0421\u0432\u0430\u0434\u0435\u0431\u043d\u043e\u0435 \u043f\u0443\u0442\u0435\u0448\u0435\u0441\u0442\u0432\u0438\u0435 \u0432 \u0422\u0443\u0440\u0446\u0438\u044e"}}, {"pk": 1, "model": "gallery.category", "fields": {"country": 1, "year": 2013, "title": "\u0422\u0443\u0440\u0446\u0438\u044f"}}, {"pk": 2, "model": "gallery.category", "fields": {"country": 8, "year": 2012, "title": "\u0411\u0430\u043b\u0438"}}, {"pk": 1, "model": "gallery.photo", "fields": {"category": 1, "date": "2013-09-18", "image": "uploads/gallery/item3_1.jpg"}}, {"pk": 2, "model": "gallery.photo", "fields": {"category": 1, "date": "2013-09-18", "image": "uploads/gallery/item2.jpg"}}, {"pk": 3, "model": "gallery.photo", "fields": {"category": 1, "date": "2013-09-18", "image": "uploads/gallery/item.jpg"}}, {"pk": 4, "model": "gallery.photo", "fields": {"category": 1, "date": "2013-09-18", "image": "uploads/gallery/item3.jpg"}}, {"pk": 5, "model": "gallery.photo", "fields": {"category": 2, "date": "2013-09-22", "image": "uploads/gallery/ceremony_symbolic.jpg"}}, {"pk": 6, "model": "gallery.photo", "fields": {"category": 2, "date": "2013-09-22", "image": "uploads/gallery/ceremony_official_1.jpg"}}, {"pk": 7, "model": "gallery.photo", "fields": {"category": 2, "date": "2013-09-22", "image": "uploads/gallery/item3_2.jpg"}}, {"pk": 8, "model": "gallery.photo", "fields": {"category": 2, "date": "2013-09-22", "image": "uploads/gallery/item5_1.jpg"}}, {"pk": 9, "model": "gallery.photo", "fields": {"category": 2, "date": "2013-09-22", "image": "uploads/gallery/item6.jpg"}}, {"pk": 10, "model": "gallery.photo", "fields": {"category": 2, "date": "2013-09-22", "image": "uploads/gallery/ceremony_wedding.jpg"}}, {"pk": 11, "model": "gallery.photo", "fields": {"category": 2, "date": "2013-09-22", "image": "uploads/gallery/item2_1.jpg"}}, {"pk": 12, "model": "gallery.photo", "fields": {"category": 2, "date": "2013-09-22", "image": "uploads/gallery/idea-2.jpg"}}, {"pk": 3, "model": "ideas.article", "fields": {"title": "\u0420\u043e\u043c\u0430\u043d\u0442\u0438\u0447\u0435\u0441\u043a\u0438\u0435 \u0441\u0432\u0430\u0434\u0435\u0431\u043d\u044b\u0435 \u043f\u043b\u0430\u0442\u044c\u044f \u043e\u0442 Monique Lhuillier 2013", "content_more": "<p><a class=\"preview__title\" href=\"#\" style=\"color: rgb(22, 82, 124); font-size: 14px; display: inline-block; margin-bottom: 10px; font-family: Calibri, sans-serif; line-height: 18px;\">\u0420\u043e\u043c\u0430\u043d\u0442\u0438\u0447\u0435\u0441\u043a\u0438\u0435 \u0441\u0432\u0430\u0434\u0435\u0431\u043d\u044b\u0435 \u043f\u043b\u0430\u0442\u044c\u044f \u043e\u0442 Monique Lhuillier 2013</a></p>\r\n", "image": "uploads/ideas/idea-3.jpg", "slug": "romanticheskie-svadebnyie-platya-ot-monique-lhuillier-2013", "content": "Natus error sit voluptatem accusantium doloremque laudantium, totam rem aperiam eaque ipsa, quae ab illo inventore veritatis et quasi architecto beatae vitae dicta sunt, explicabo. Nemo enim ipsam voluptatem, quia voluptas sit, aspernatur aut odit aut fugit, sed quia consequuntur magni dolores eos, qui ratione voluptatem sequi nesciunt, neque porro quisquam est, qui dolorem ipsum, quia dolor sit, amet, consectetur, adipisci velit, sed quia non numquam eius modi tempora incidunt, ut labore et dolore magnam aliquam quaerat voluptatem. Ut enim ad minima veniam, quis nostrum exercitationem ullam corporis suscipit laboriosam, nisi ut aliquid ex ea commodi consequatur. Quis autem vel eum iure reprehenderit, qui in ea voluptate velit esse, quam nihil molestiae consequatur.", "date": "2013-09-18", "gallery": null}}, {"pk": 1, "model": "ideas.article", "fields": {"title": "\u0421\u0432\u0430\u0434\u0435\u0431\u043d\u043e\u0435 \u043f\u0443\u0442\u0435\u0448\u0435\u0441\u0442\u0432\u0438\u0435 \u0432 \u0422\u0443\u0440\u0446\u0438\u044e", "content_more": "<p><img alt=\"\" src=\"/static/images/idea.jpg\" /></p>\r\n\r\n<h3>\u0417\u0430\u0433\u043e\u043b\u043e\u0432\u043e\u043a \u0431\u043b\u043e\u043a\u0430</h3>\r\n\r\n<p>Natus error sit voluptatem accusantium doloremque laudantium, totam rem aperiam eaque ipsa, quae ab illo inventore veritatis et quasi architecto beatae vitae dicta sunt, explicabo. Nemo enim ipsam voluptatem, quia voluptas sit, aspernatur aut odit aut fugit, sed quia consequuntur magni dolores eos, qui ratione voluptatem sequi nesciunt, neque porro quisquam est, qui dolorem ipsum, quia dolor sit, amet, consectetur, adipisci velit, sed quia non numquam eius modi tempora incidunt, ut labore et dolore magnam aliquam quaerat voluptatem. Ut enim ad minima veniam, quis nostrum exercitationem ullam corporis suscipit laboriosam, nisi ut aliquid ex ea commodi consequatur. Quis autem vel eum iure reprehenderit, qui in ea voluptate velit esse, quam nihil molestiae consequatur.</p>\r\n\r\n<p>Qvcui dolorem eum fugiat, quo voluptas nulla pariatur? At vero eos et accusamus et iusto odio dignissimos ducimus, qui blanditiis praesentium voluptatum deleniti atque corrupti, quos dolores et quas molestias excepturi sint, obcaecati cupiditate non provident, similique sunt in culpa, qui officia deserunt mollitia animi, id est laborum et dolorum fuga. Et harum quidem rerum facilis est et expedita distinctio.</p>\r\n\r\n<article>\r\n<h3>\u0417\u0430\u0433\u043e\u043b\u043e\u0432\u043e\u043a \u0431\u043b\u043e\u043a\u0430</h3>\r\n\r\n<p>Natus error sit voluptatem accusantium doloremque laudantium, totam rem aperiam eaque ipsa, quae ab illo inventore veritatis et quasi architecto beatae vitae dicta sunt, explicabo. Nemo enim ipsam voluptatem, quia voluptas sit, aspernatur aut odit aut fugit, sed quia consequuntur magni dolores eos, qui ratione voluptatem sequi nesciunt, neque porro quisquam est, qui dolorem ipsum, quia dolor sit, amet, consectetur, adipisci velit, sed quia non numquam eius modi tempora incidunt, ut labore et dolore magnam aliquam quaerat voluptatem. Ut enim ad minima veniam, quis nostrum exercitationem ullam corporis suscipit laboriosam, nisi ut aliquid ex ea commodi consequatur. Quis autem vel eum iure reprehenderit, qui in ea voluptate velit esse, quam nihil molestiae consequatur.</p>\r\n\r\n<p>Qvcui dolorem eum fugiat, quo voluptas nulla pariatur? At vero eos et accusamus et iusto odio dignissimos ducimus, qui blanditiis praesentium voluptatum deleniti atque corrupti, quos dolores et quas molestias excepturi sint, obcaecati cupiditate non provident, similique sunt in culpa, qui officia deserunt mollitia animi, id est laborum et dolorum fuga. Et harum quidem rerum facilis est et expedita distinctio.</p>\r\n</article>\r\n", "image": "uploads/ideas/idea-1.jpg", "slug": "svadebnoe-puteshestvie-v-turtsiyu", "content": "Natus error sit voluptatem accusantium doloremque laudantium, totam rem aperiam eaque ipsa, quae ab illo inventore veritatis et quasi architecto beatae vitae dicta sunt, explicabo. Nemo enim ipsam voluptatem, quia voluptas sit, aspernatur aut odit aut fugit, sed quia consequuntur magni dolores eos, qui ratione voluptatem sequi nesciunt, neque porro quisquam est, qui dolorem ipsum, quia dolor sit, amet, consectetur, adipisci velit, sed quia non numquam eius modi tempora incidunt, ut labore et dolore magnam aliquam quaerat voluptatem. Ut enim ad minima veniam, quis nostrum exercitationem ullam corporis suscipit laboriosam, nisi ut aliquid ex ea commodi consequatur. Quis autem vel eum iure reprehenderit, qui in ea voluptate velit esse, quam nihil molestiae consequatur.", "date": "2013-09-18", "gallery": 1}}, {"pk": 2, "model": "ideas.article", "fields": {"title": "\u041e\u0440\u0433\u0430\u043d\u0438\u0437\u043e\u0432\u044b\u0432\u0430\u0435\u043c \u0434\u0435\u0432\u0438\u0447\u043d\u0438\u043a \u043f\u043e \u0432\u0441\u0435\u043c \u043f\u0440\u0430\u0432\u0438\u043b\u0430\u043c", "content_more": "<p><span style=\"color: rgb(123, 79, 57); font-family: Calibri, sans-serif; font-size: 14px; line-height: 16px;\">Natus error sit voluptatem accusantium doloremque laudantium, totam rem aperiam eaque ipsa, quae ab illo inventore veritatis et quasi architecto beatae vitae dicta sunt, explicabo. Nemo enim ipsam voluptatem, quia voluptas sit, aspernatur aut odit aut fugit, sed quia consequuntur magni dolores eos, qui ratione voluptatem sequi nesciunt, neque porro quisquam est, qui dolorem ipsum, quia dolor sit, amet, consectetur, adipisci velit, sed quia non numquam eius modi tempora incidunt, ut labore et dolore magnam aliquam quaerat voluptatem. Ut enim ad minima veniam, quis nostrum exercitationem ullam corporis suscipit laboriosam, nisi ut aliquid ex ea commodi consequatur. Quis autem vel eum iure reprehenderit, qui in ea voluptate velit esse, quam nihil molestiae consequatur.</span></p>\r\n", "image": "uploads/ideas/idea-2.jpg", "slug": "organizovyivaem-devichnik-po-vsem-pravilam", "content": "Natus error sit voluptatem accusantium doloremque laudantium, totam rem aperiam eaque ipsa, quae ab illo inventore veritatis et quasi architecto beatae vitae dicta sunt, explicabo. Nemo enim ipsam voluptatem, quia voluptas sit, aspernatur aut odit aut fugit, sed quia consequuntur magni dolores eos, qui ratione voluptatem sequi nesciunt, neque porro quisquam est, qui dolorem ipsum, quia dolor sit, amet, consectetur, adipisci velit, sed quia non numquam eius modi tempora incidunt, ut labore et dolore magnam aliquam quaerat voluptatem. Ut enim ad minima veniam, quis nostrum exercitationem ullam corporis suscipit laboriosam, nisi ut aliquid ex ea commodi consequatur. Quis autem vel eum iure reprehenderit, qui in ea voluptate velit esse, quam nihil molestiae consequatur.", "date": "2013-09-18", "gallery": null}}, {"pk": 4, "model": "ideas.article", "fields": {"title": "\u041d\u043e\u0432\u044b\u0435 \u0442\u0435\u043d\u0434\u0435\u043d\u0446\u0438\u0438 2013 \u0432 \u0441\u0432\u0430\u0434\u0435\u0431\u043d\u044b\u0445 \u0431\u0443\u043a\u0435\u0442\u0430\u0445", "content_more": "<p><span style=\"color: rgb(123, 79, 57); font-family: Calibri, sans-serif; font-size: 14px; line-height: 16px;\">asi architecto beatae vitae dicta sunt, explicabo. Nemo enim ipsam voluptatem, quia voluptas sit, aspernatur aut odit aut fugit, sed quia consequuntur magni dolores eos, qui ratione voluptatem sequi nesciunt, neque porro quisquam est, qui dolorem ipsum, quia dolor sit, amet, consectetur, adipisci velit, sed quia non numquam eius modi tempora incidunt, ut labore et dolore magnam aliquam quaerat voluptatem. Ut enim ad minima veniam, quis nostrum exercitationem ullam corporis suscipit laboriosam, nisi ut aliquid ex ea commodi consequatur. Quis autem vel eum iure reprehenderit, qui in ea voluptate velit esse, quam nihil molestiae consequatur.</span></p>\r\n", "image": "uploads/ideas/idea-4.jpg", "slug": "novyie-tendentsii-2013-v-svadebnyih-buketah", "content": "asi architecto beatae vitae dicta sunt, explicabo. Nemo enim ipsam voluptatem, quia voluptas sit, aspernatur aut odit aut fugit, sed quia consequuntur magni dolores eos, qui ratione voluptatem sequi nesciunt, neque porro quisquam est, qui dolorem ipsum, quia dolor sit, amet, consectetur, adipisci velit, sed quia non numquam eius modi tempora incidunt, ut labore et dolore magnam aliquam quaerat voluptatem. Ut enim ad minima veniam, quis nostrum exercitationem ullam corporis suscipit laboriosam, nisi ut aliquid ex ea commodi consequatur. Quis autem vel eum iure reprehenderit, qui in ea voluptate velit esse, quam nihil molestiae consequatur.", "date": "2013-09-18", "gallery": null}}, {"pk": 1, "model": "order.orderservices", "fields": {"name": "\u0424\u043e\u0442\u043e\u0433\u0440\u0430\u0444"}}, {"pk": 2, "model": "order.orderservices", "fields": {"name": "\u041e\u043f\u0435\u0440\u0430\u0442\u043e\u0440"}}, {"pk": 3, "model": "order.orderservices", "fields": {"name": "\u0426\u0432\u0435\u0442\u043e\u0447\u043d\u043e\u0435 \u043e\u0444\u043e\u0440\u043c\u043b\u0435\u043d\u0438\u0435"}}, {"pk": 4, "model": "order.orderservices", "fields": {"name": "\u0421\u0442\u0438\u043b\u0438\u0441\u0442"}}, {"pk": 5, "model": "order.orderservices", "fields": {"name": "\u0411\u0443\u043a\u0435\u0442 / \u0431\u0443\u0442\u043e\u043d\u044c\u0435\u0440\u043a\u0430"}}, {"pk": 6, "model": "order.orderservices", "fields": {"name": "\u0422\u0440\u0430\u043d\u0441\u043f\u043e\u0440\u0442 \u0434\u043b\u044f \u043c\u043e\u043b\u043e\u0434\u043e\u0436\u0435\u043d\u043e\u0432"}}, {"pk": 7, "model": "order.orderservices", "fields": {"name": "\u0422\u0440\u0430\u043d\u0441\u043f\u043e\u0440\u0442 \u0434\u043b\u044f \u0433\u043e\u0441\u0442\u0435\u0439"}}, {"pk": 8, "model": "order.orderservices", "fields": {"name": "\u0422\u043e\u0440\u0442"}}, {"pk": 9, "model": "order.orderservices", "fields": {"name": "\u0423\u0436\u0438\u043d"}}, {"pk": 10, "model": "order.orderservices", "fields": {"name": "\u0428\u043e\u0443-\u043f\u0440\u043e\u0433\u0440\u0430\u043c\u043c\u0430"}}, {"pk": 36, "model": "order.order", "fields": {"date": "2013-10-20T23:18:02.000", "services": [8, 9, 10], "field_8": "", "field_6": "\u0441\u043b\u0441", "field_7": "\u0441\u043b\u044b\u0432\u0441", "field_4": "\u0427\u0435\u0445\u0438\u044f", "field_5": "4", "field_2": "\u0441\u043b\u044b\u0432\u0441\u043e", "field_3": "", "field_1": "\u0441\u043e\u0441\u044b"}}, {"pk": 35, "model": "order.order", "fields": {"date": "2013-10-17T19:56:59.305", "services": [3, 4], "field_8": "", "field_6": "5", "field_7": "6", "field_4": "\u0427\u0435\u0445\u0438\u044f", "field_5": "4", "field_2": "4", "field_3": "3", "field_1": "3"}}, {"pk": 34, "model": "order.order", "fields": {"date": "2013-10-17T19:55:39.095", "services": [3, 4], "field_8": "", "field_6": "5", "field_7": "6", "field_4": "\u0427\u0435\u0445\u0438\u044f", "field_5": "4", "field_2": "4", "field_3": "3", "field_1": "3"}}, {"pk": 33, "model": "order.order", "fields": {"date": "2013-10-17T19:53:15.899", "services": [3, 4], "field_8": "", "field_6": "5", "field_7": "6", "field_4": "\u0427\u0435\u0445\u0438\u044f", "field_5": "4", "field_2": "4", "field_3": "3", "field_1": "3"}}, {"pk": 32, "model": "order.order", "fields": {"date": "2013-10-17T19:53:00.276", "services": [3, 4], "field_8": "", "field_6": "5", "field_7": "6", "field_4": "\u0427\u0435\u0445\u0438\u044f", "field_5": "4", "field_2": "4", "field_3": "3", "field_1": "3"}}, {"pk": 31, "model": "order.order", "fields": {"date": "2013-10-17T19:52:45.436", "services": [3, 4], "field_8": "", "field_6": "5", "field_7": "6", "field_4": "\u0427\u0435\u0445\u0438\u044f", "field_5": "4", "field_2": "4", "field_3": "3", "field_1": "3"}}, {"pk": 30, "model": "order.order", "fields": {"date": "2013-10-17T19:52:41.340", "services": [3, 4], "field_8": "", "field_6": "5", "field_7": "6", "field_4": "\u0427\u0435\u0445\u0438\u044f", "field_5": "4", "field_2": "4", "field_3": "3", "field_1": "3"}}, {"pk": 29, "model": "order.order", "fields": {"date": "2013-10-17T19:52:29.514", "services": [3, 4], "field_8": "", "field_6": "5", "field_7": "6", "field_4": "\u0427\u0435\u0445\u0438\u044f", "field_5": "4", "field_2": "4", "field_3": "3", "field_1": "3"}}, {"pk": 28, "model": "order.order", "fields": {"date": "2013-10-17T19:51:46.916", "services": [3, 4], "field_8": "", "field_6": "5", "field_7": "6", "field_4": "\u0427\u0435\u0445\u0438\u044f", "field_5": "4", "field_2": "4", "field_3": "3", "field_1": "3"}}, {"pk": 27, "model": "order.order", "fields": {"date": "2013-10-17T19:51:27.021", "services": [3, 4], "field_8": "", "field_6": "5", "field_7": "6", "field_4": "\u0427\u0435\u0445\u0438\u044f", "field_5": "4", "field_2": "4", "field_3": "3", "field_1": "3"}}, {"pk": 26, "model": "order.order", "fields": {"date": "2013-10-17T19:51:15.607", "services": [3, 4], "field_8": "", "field_6": "5", "field_7": "6", "field_4": "\u0427\u0435\u0445\u0438\u044f", "field_5": "4", "field_2": "4", "field_3": "3", "field_1": "3"}}, {"pk": 25, "model": "order.order", "fields": {"date": "2013-10-17T19:50:54.126", "services": [3, 4], "field_8": "", "field_6": "5", "field_7": "6", "field_4": "\u0427\u0435\u0445\u0438\u044f", "field_5": "4", "field_2": "4", "field_3": "3", "field_1": "3"}}, {"pk": 24, "model": "order.order", "fields": {"date": "2013-10-17T19:50:47.320", "services": [3, 4], "field_8": "", "field_6": "5", "field_7": "6", "field_4": "\u0427\u0435\u0445\u0438\u044f", "field_5": "4", "field_2": "4", "field_3": "3", "field_1": "3"}}, {"pk": 23, "model": "order.order", "fields": {"date": "2013-10-17T19:50:19.383", "services": [3, 4], "field_8": "", "field_6": "5", "field_7": "6", "field_4": "\u0427\u0435\u0445\u0438\u044f", "field_5": "4", "field_2": "4", "field_3": "3", "field_1": "3"}}, {"pk": 22, "model": "order.order", "fields": {"date": "2013-10-17T19:50:05.337", "services": [3, 4], "field_8": "", "field_6": "5", "field_7": "6", "field_4": "\u0427\u0435\u0445\u0438\u044f", "field_5": "4", "field_2": "4", "field_3": "3", "field_1": "3"}}, {"pk": 21, "model": "order.order", "fields": {"date": "2013-10-17T19:49:20.890", "services": [3, 4], "field_8": "", "field_6": "5", "field_7": "6", "field_4": "\u0427\u0435\u0445\u0438\u044f", "field_5": "4", "field_2": "4", "field_3": "3", "field_1": "3"}}, {"pk": 20, "model": "order.order", "fields": {"date": "2013-10-17T19:45:46.592", "services": [3, 4], "field_8": "", "field_6": "5", "field_7": "6", "field_4": "\u0427\u0435\u0445\u0438\u044f", "field_5": "4", "field_2": "4", "field_3": "3", "field_1": "3"}}, {"pk": 19, "model": "order.order", "fields": {"date": "2013-10-17T19:45:36.053", "services": [3, 4], "field_8": "", "field_6": "5", "field_7": "6", "field_4": "\u0427\u0435\u0445\u0438\u044f", "field_5": "4", "field_2": "4", "field_3": "3", "field_1": "3"}}, {"pk": 18, "model": "order.order", "fields": {"date": "2013-10-17T19:44:38.499", "services": [3, 4], "field_8": "", "field_6": "5", "field_7": "6", "field_4": "\u0427\u0435\u0445\u0438\u044f", "field_5": "4", "field_2": "4", "field_3": "3", "field_1": "3"}}, {"pk": 17, "model": "order.order", "fields": {"date": "2013-10-17T19:44:17.115", "services": [3, 4], "field_8": "", "field_6": "5", "field_7": "6", "field_4": "\u0427\u0435\u0445\u0438\u044f", "field_5": "4", "field_2": "4", "field_3": "3", "field_1": "3"}}, {"pk": 16, "model": "order.order", "fields": {"date": "2013-10-17T19:44:05.939", "services": [3, 4], "field_8": "", "field_6": "5", "field_7": "6", "field_4": "\u0427\u0435\u0445\u0438\u044f", "field_5": "4", "field_2": "4", "field_3": "3", "field_1": "3"}}, {"pk": 15, "model": "order.order", "fields": {"date": "2013-10-17T19:43:21.584", "services": [3, 4], "field_8": "", "field_6": "5", "field_7": "6", "field_4": "\u0427\u0435\u0445\u0438\u044f", "field_5": "4", "field_2": "4", "field_3": "3", "field_1": "3"}}, {"pk": 14, "model": "order.order", "fields": {"date": "2013-10-17T19:43:04.489", "services": [3, 4], "field_8": "", "field_6": "5", "field_7": "6", "field_4": "\u0427\u0435\u0445\u0438\u044f", "field_5": "4", "field_2": "4", "field_3": "3", "field_1": "3"}}, {"pk": 13, "model": "order.order", "fields": {"date": "2013-10-17T19:42:17.887", "services": [3, 4], "field_8": "", "field_6": "5", "field_7": "6", "field_4": "\u0427\u0435\u0445\u0438\u044f", "field_5": "4", "field_2": "4", "field_3": "3", "field_1": "3"}}, {"pk": 12, "model": "order.order", "fields": {"date": "2013-10-17T19:41:08.662", "services": [3, 4], "field_8": "", "field_6": "5", "field_7": "6", "field_4": "\u0427\u0435\u0445\u0438\u044f", "field_5": "4", "field_2": "4", "field_3": "3", "field_1": "3"}}, {"pk": 11, "model": "order.order", "fields": {"date": "2013-10-17T19:40:38.333", "services": [3, 4], "field_8": "", "field_6": "5", "field_7": "6", "field_4": "\u0427\u0435\u0445\u0438\u044f", "field_5": "4", "field_2": "4", "field_3": "3", "field_1": "3"}}, {"pk": 10, "model": "order.order", "fields": {"date": "2013-10-17T19:39:50.705", "services": [3, 4], "field_8": "", "field_6": "5", "field_7": "6", "field_4": "\u0427\u0435\u0445\u0438\u044f", "field_5": "4", "field_2": "4", "field_3": "3", "field_1": "3"}}, {"pk": 9, "model": "order.order", "fields": {"date": "2013-10-17T19:39:08.327", "services": [3, 4], "field_8": "", "field_6": "5", "field_7": "6", "field_4": "\u0427\u0435\u0445\u0438\u044f", "field_5": "4", "field_2": "4", "field_3": "3", "field_1": "3"}}, {"pk": 8, "model": "order.order", "fields": {"date": "2013-10-17T19:38:29.948", "services": [3, 4], "field_8": "", "field_6": "5", "field_7": "6", "field_4": "\u0427\u0435\u0445\u0438\u044f", "field_5": "4", "field_2": "4", "field_3": "3", "field_1": "3"}}, {"pk": 7, "model": "order.order", "fields": {"date": "2013-10-17T19:37:31.494", "services": [3, 4], "field_8": "", "field_6": "5", "field_7": "6", "field_4": "\u0427\u0435\u0445\u0438\u044f", "field_5": "4", "field_2": "4", "field_3": "3", "field_1": "3"}}, {"pk": 6, "model": "order.order", "fields": {"date": "2013-10-17T19:37:06.566", "services": [3, 4], "field_8": "", "field_6": "5", "field_7": "6", "field_4": "\u0427\u0435\u0445\u0438\u044f", "field_5": "4", "field_2": "4", "field_3": "3", "field_1": "3"}}, {"pk": 5, "model": "order.order", "fields": {"date": "2013-10-17T19:35:30.331", "services": [3, 4], "field_8": "", "field_6": "5", "field_7": "6", "field_4": "\u0427\u0435\u0445\u0438\u044f", "field_5": "4", "field_2": "4", "field_3": "3", "field_1": "3"}}, {"pk": 4, "model": "order.order", "fields": {"date": "2013-10-17T19:35:07.621", "services": [3, 4], "field_8": "", "field_6": "5", "field_7": "6", "field_4": "\u0427\u0435\u0445\u0438\u044f", "field_5": "4", "field_2": "4", "field_3": "3", "field_1": "3"}}, {"pk": 3, "model": "order.order", "fields": {"date": "2013-10-17T19:33:15.896", "services": [3, 4], "field_8": "", "field_6": "5", "field_7": "6", "field_4": "\u0427\u0435\u0445\u0438\u044f", "field_5": "4", "field_2": "4", "field_3": "3", "field_1": "3"}}, {"pk": 2, "model": "order.order", "fields": {"date": "2013-10-17T19:31:10.135", "services": [3, 4], "field_8": "", "field_6": "5", "field_7": "6", "field_4": "\u0427\u0435\u0445\u0438\u044f", "field_5": "4", "field_2": "4", "field_3": "3", "field_1": "3"}}, {"pk": 1, "model": "order.order", "fields": {"date": "2013-10-17T19:30:17.445", "services": [1, 2], "field_8": "", "field_6": "4", "field_7": "5", "field_4": "\u0427\u0435\u0445\u0438\u044f", "field_5": "3", "field_2": "2", "field_3": "", "field_1": "1"}}, {"pk": 2, "model": "news.article", "fields": {"title": "\u041e\u0440\u0433\u0430\u043d\u0438\u0437\u043e\u0432\u044b\u0432\u0430\u0435\u043c \u0434\u0435\u0432\u0438\u0447\u043d\u0438\u043a \u043f\u043e \u0432\u0441\u0435\u043c \u043f\u0440\u0430\u0432\u0438\u043b\u0430\u043c", "content_more": "<p><span style=\"color: rgb(123, 79, 57); font-family: Calibri, 'Helvetica Neue', Helvetica, sans-serif; font-size: 14px; line-height: 18px;\">Accusantium doloremque laudantium, totam rem aperiam eaque ipsa, quae ab illo inventore veritatis et quasi architecto beatae vitae dicta sunt, explicabo. Nemo enim ipsam voluptatem, quia voluptas sit, aspernatur aut odit aut fugit, sed quia consequuntur magni dolores eos, qui ratione voluptatem sequi nesciunt, neque porro quisquam est, qui dolorem ipsum, quia dolor sit, amet, consectetur, adipisci velit, sed quia non numquam eius modi tempora incidunt, ut labore et dolore magnam aliquam quaerat voluptatem. Ut enim ad minima veniam, quis nostrum exercitationem ullam corporis suscipit laboriosam, nisi ut aliquid ex ea commodi</span></p>\r\n", "image": "uploads/news/idea-4.jpg", "content": "Accusantium doloremque laudantium, totam rem aperiam eaque ipsa, quae ab illo inventore veritatis et quasi architecto beatae vitae dicta sunt, explicabo. Nemo enim ipsam voluptatem, quia voluptas sit, aspernatur aut odit aut fugit, sed quia ", "date": "2013-09-18", "slug": "organizovyivaem-devichnik-po-vsem-pravilam"}}, {"pk": 1, "model": "news.article", "fields": {"title": "\u0421\u0432\u0430\u0434\u0435\u0431\u043d\u043e\u0435 \u043f\u0443\u0442\u0435\u0448\u0435\u0441\u0442\u0432\u0438\u0435 \u0432 \u0422\u0443\u0440\u0446\u0438\u044e", "content_more": "<p style=\"background-image: none; border: 0px; font-size: 14px; margin: 0px 0px 12px; outline: 0px; padding: 0px; color: rgb(123, 79, 57); font-family: Calibri, sans-serif; line-height: 18px;\">Natus error sit voluptatem accusantium doloremque laudantium, totam rem aperiam eaque ipsa, quae ab illo inventore veritatis et quasi architecto beatae vitae dicta sunt, explicabo. Nemo enim ipsam voluptatem, quia voluptas sit, aspernatur aut odit aut fugit, sed quia consequuntur magni dolores eos, qui ratione voluptatem sequi nesciunt, neque porro quisquam est, qui dolorem ipsum, quia dolor sit, amet, consectetur, adipisci velit, sed quia non numquam eius modi tempora incidunt, ut labore et dolore magnam aliquam quaerat voluptatem. Ut enim ad minima veniam, quis nostrum exercitationem ullam corporis suscipit laboriosam, nisi ut aliquid ex ea commodi consequatur. Quis autem vel eum iure reprehenderit, qui in ea voluptate velit esse, quam nihil molestiae consequatur.</p>\r\n\r\n<p style=\"background-image: none; border: 0px; font-size: 14px; margin: 0px 0px 12px; outline: 0px; padding: 0px; color: rgb(123, 79, 57); font-family: Calibri, sans-serif; line-height: 18px;\">Qvcui dolorem eum fugiat, quo voluptas nulla pariatur? At vero eos et accusamus et iusto odio dignissimos ducimus, qui blanditiis praesentium voluptatum deleniti atque corrupti, quos dolores et quas molestias excepturi sint, obcaecati cupiditate non provident, similique sunt in culpa, qui officia deserunt mollitia animi, id est laborum et dolorum fuga. Et harum quidem rerum facilis est et expedita distinctio.</p>\r\n", "image": "uploads/news/idea-2.jpg", "content": "\r\nQvcui dolorem eum fugiat, quo voluptas nulla pariatur? At vero eos et accusamus et iusto odio dignissimos ducimus, qui blanditiis ", "date": "2013-09-01", "slug": "svadebnoe-puteshestvie-v-turtsiyu"}}, {"pk": 1, "model": "pages.page", "fields": {"content": "<p>&nbsp;</p>\r\n\r\n<p>\u041e\u0431\u044a\u0435\u0434\u0438\u043d\u0435\u043d\u043d\u044b\u0435 \u0441\u0442\u0440\u0435\u043c\u043b\u0435\u043d\u0438\u0435\u043c \u043a \u043a\u0440\u0430\u0441\u043e\u0442\u0435 \u0438 \u043f\u0440\u0438\u0437\u043d\u0430\u043d\u0438\u0435\u043c \u043b\u044e\u0431\u0432\u0438 \u043a\u0430\u043a \u0430\u0431\u0441\u043e\u043b\u044e\u0442\u043d\u043e\u0439 \u0446\u0435\u043d\u043d\u043e\u0441\u0442\u0438, \u043c\u044b \u043f\u043e\u0447\u0443\u0432\u0441\u0442\u0432\u043e\u0432\u0430\u043b\u0438 \u0432 \u0441\u0435\u0431\u0435 \u0441\u0438\u043b\u044b \u0441\u0434\u0435\u043b\u0430\u0442\u044c \u043d\u0430\u0441\u0442\u043e\u044f\u0449\u0438\u0439 \u043f\u0440\u043e\u0435\u043a\u0442 \u043f\u043e \u0441\u043e\u0437\u0434\u0430\u043d\u0438\u044e \u0441\u043e\u0432\u0440\u0435\u043c\u0435\u043d\u043d\u044b\u0445 \u0441\u0432\u0430\u0434\u0435\u0431. \u041d\u0430\u0441\u0442\u043e\u044f\u0449\u0438\u043c \u0432\u044b\u0437\u043e\u0432\u043e\u043c \u0434\u043b\u044f \u043d\u0430\u0441 \u0441\u0442\u0430\u043b\u0430 \u043d\u0435\u043e\u0431\u0445\u043e\u0434\u0438\u043c\u043e\u0441\u0442\u044c \u0441\u043e\u0432\u043c\u0435\u0441\u0442\u0438\u0442\u044c \u0442\u0435\u0445\u043d\u043e\u043b\u043e\u0433\u0438\u0438 \u0438 \u0432\u043e\u0437\u043c\u043e\u0436\u043d\u043e\u0441\u0442\u0438 \u0431\u0443\u0434\u0443\u0449\u0435\u0433\u043e \u0441 \u0442\u0440\u0430\u0434\u0438\u0446\u0438\u044f\u043c\u0438 \u0438 \u0446\u0435\u043d\u043d\u043e\u0441\u0442\u044f\u043c\u0438 \u0434\u0430\u043b\u0451\u043a\u043e\u0433\u043e \u043f\u0440\u043e\u0448\u043b\u043e\u0433\u043e. \u041c\u044b \u0445\u043e\u0442\u0438\u043c, \u0447\u0442\u043e\u0431\u044b \u0441\u0432\u0430\u0434\u044c\u0431\u0430 \u0438 \u0432\u0441\u0435 \u0441\u043e\u0431\u044b\u0442\u0438\u044f, \u043e\u0442\u043d\u043e\u0441\u044f\u0449\u0438\u0435\u0441\u044f \u043a \u043d\u0435\u0439, \u0441\u0442\u0430\u043b\u0438 \u0443\u043d\u0438\u043a\u0430\u043b\u044c\u043d\u044b\u043c \u0432\u043e\u043f\u043b\u043e\u0449\u0435\u043d\u0438\u0435\u043c \u0438\u043c\u0435\u043d\u043d\u043e \u0432\u0430\u0448\u0435\u0439 \u0438\u0441\u0442\u043e\u0440\u0438\u0438 \u0438 \u0432\u0430\u0448\u0438\u0445 \u0436\u0435\u043b\u0430\u043d\u0438\u0439. \u041e\u0441\u043d\u043e\u0432\u043d\u044b\u043c \u043d\u0430\u043f\u0440\u0430\u0432\u043b\u0435\u043d\u0438\u0435\u043c \u043d\u0430\u0448\u0435\u0439 \u0434\u0435\u044f\u0442\u0435\u043b\u044c\u043d\u043e\u0441\u0442\u0438 \u044f\u0432\u043b\u044f\u0435\u0442\u0441\u044f \u043e\u0440\u0433\u0430\u043d\u0438\u0437\u0430\u0446\u0438\u044f \u0441\u0432\u0430\u0434\u0435\u0431 \u0437\u0430 \u0433\u0440\u0430\u043d\u0438\u0446\u0435\u0439. \u041f\u0440\u043e\u0432\u0435\u0434\u0435\u043d\u0438\u0435 \u0442\u043e\u0440\u0436\u0435\u0441\u0442\u0432\u0430 \u0432 \u043b\u044e\u0431\u043e\u043c \u0443\u0433\u043e\u043b\u043a\u0435 \u043c\u0438\u0440\u0430 \u0441 \u043a\u0430\u0447\u0435\u0441\u0442\u0432\u0435\u043d\u043d\u044b\u043c \u0441\u0435\u0440\u0432\u0438\u0441\u043e\u043c \u0441\u0442\u0430\u043b\u043e \u0432\u043e\u0437\u043c\u043e\u0436\u043d\u044b\u043c \u0431\u043b\u0430\u0433\u043e\u0434\u0430\u0440\u044f \u0443\u0432\u043b\u0435\u0447\u0435\u043d\u043d\u043e\u0439 \u0438 \u043e\u0434\u0435\u0440\u0436\u0438\u043c\u043e\u0439 \u0438\u0434\u0435\u044f\u043c\u0438 \u043c\u0435\u0436\u0434\u0443\u043d\u0430\u0440\u043e\u0434\u043d\u043e\u0439 \u043a\u043e\u043c\u0430\u043d\u0434\u043e\u0439 \u043f\u0440\u043e\u0444\u0435\u0441\u0441\u0438\u043e\u043d\u0430\u043b\u043e\u0432.</p>\r\n\r\n<div class=\"page-phil__heading\"><span>\u041d\u0430\u0448\u0438 \u043f\u0440\u0438\u043d\u0446\u0438\u043f\u044b </span></div>\r\n\r\n<ul class=\"page-phil__list\">\r\n\t<li class=\"page-phil__i\">\u041b\u044e\u0431\u043e\u0432\u044c &mdash; \u044d\u0442\u043e \u0432\u0435\u043b\u0438\u0447\u0430\u0439\u0448\u0438\u0439 \u0434\u0430\u0440, \u0434\u0430\u043d\u043d\u044b\u0439 \u0447\u0435\u043b\u043e\u0432\u0435\u043a\u0443. \u0412\u0441\u0451, \u0447\u0442\u043e \u0441\u043e\u0437\u0434\u0430\u0451\u0442\u0441\u044f \u0434\u043e\u043b\u0436\u043d\u043e \u043f\u0440\u043e\u0438\u0441\u0445\u043e\u0434\u0438\u0442\u044c \u0438\u0437 \u043b\u044e\u0431\u0432\u0438 \u0438 \u0432\u043e \u0438\u043c\u044f \u043b\u044e\u0431\u0432\u0438.&nbsp;</li>\r\n\t<li class=\"page-phil__i\">\u0421\u0432\u0430\u0434\u044c\u0431\u0430 \u0434\u043b\u044f \u0434\u0432\u043e\u0438\u0445 \u0438\u043b\u0438 \u0441\u043e\u0431\u044b\u0442\u0438\u0435 \u0434\u043b\u044f \u0441\u043e\u0442\u0435\u043d \u0433\u043e\u0441\u0442\u0435\u0439 \u043e\u0434\u0438\u043d\u0430\u043a\u043e\u0432\u043e \u0438\u043d\u0442\u0435\u0440\u0435\u0441\u043d\u044b \u0434\u043b\u044f \u043d\u0430\u0448\u0435\u0433\u043e \u0430\u0433\u0435\u043d\u0441\u0442\u0432\u0430. \u042d\u0442\u043e \u0432\u0441\u0435\u0433\u0434\u0430 \u0432\u043e\u0437\u043c\u043e\u0436\u043d\u043e\u0441\u0442\u044c \u043f\u0440\u0438\u043a\u043e\u0441\u043d\u0443\u0442\u044c\u0441\u044f \u043a \u0432\u0430\u0448\u0435\u043c\u0443 \u0441\u0447\u0430\u0441\u0442\u044c\u044e, \u0441\u0434\u0435\u043b\u0430\u0442\u044c \u0435\u0433\u043e \u0437\u0430\u043c\u0435\u0442\u043d\u0435\u0435 \u0438 \u043f\u0440\u0438\u0434\u0430\u0442\u044c \u0435\u043c\u0443 \u043d\u0443\u0436\u043d\u0443\u044e \u0444\u043e\u0440\u043c\u0443.</li>\r\n\t<li class=\"page-phil__i\">\u041c\u044b \u0443\u0431\u0435\u0436\u0434\u0435\u043d\u044b, \u0447\u0442\u043e \u043b\u044e\u0431\u043e\u0432\u044c \u0441 \u043f\u0435\u0440\u0432\u043e\u0433\u043e \u0432\u0437\u0433\u043b\u044f\u0434\u0430 \u0441\u0443\u0449\u0435\u0441\u0442\u0432\u0443\u0435\u0442. \u041d\u043e \u044d\u0442\u043e \u0434\u0430\u043b\u0435\u043a\u043e \u043d\u0435 \u0435\u0434\u0438\u043d\u0441\u0442\u0432\u0435\u043d\u043d\u0430\u044f \u0435\u0435 \u0444\u043e\u0440\u043c\u0430.</li>\r\n</ul>\r\n\r\n<ul class=\"page-phil__list\">\r\n\t<li class=\"page-phil__i\">\u0412\u043b\u044e\u0431\u0438\u0442\u044c\u0441\u044f, \u0436\u0435\u043d\u0438\u0442\u044c\u0441\u044f, \u043f\u0440\u043e\u0436\u0438\u0442\u044c \u0434\u043e\u043b\u0433\u043e \u0438 \u0441\u0447\u0430\u0441\u0442\u043b\u0438\u0432\u043e, \u0433\u043b\u044f\u0434\u044f \u043d\u0430 \u0434\u043e\u043c \u043f\u043e\u043b\u043d\u044b\u0439 \u0434\u0435\u0442\u0435\u0439 \u0438 \u0432\u043d\u0443\u043a\u043e\u0432 &mdash; \u044d\u0442\u043e \u043f\u0440\u0435\u043a\u0440\u0430\u0441\u043d\u044b\u0439 \u0441\u0446\u0435\u043d\u0430\u0440\u0438\u0439! \u041d\u043e \u0436\u0438\u0437\u043d\u044c \u043a\u0443\u0434\u0430 \u0431\u043e\u043b\u0435\u0435 \u0438\u043d\u0442\u0435\u0440\u0435\u0441\u043d\u0430\u044f \u0438 \u0437\u0430\u0445\u0432\u0430\u0442\u044b\u0432\u0430\u044e\u0449\u0430\u044f... \u041f\u043e\u044d\u0442\u043e\u043c\u0443 \u043c\u044b \u0433\u043e\u0442\u043e\u0432\u044b \u043e\u0440\u0433\u0430\u043d\u0438\u0437\u043e\u0432\u0430\u0442\u044c \u0435\u0449\u0451 \u0438 \u0432\u0430\u0448\u0443 \u0432\u0442\u043e\u0440\u0443\u044e, \u0430 \u0442\u0430\u043a\u0436\u0435 \u0432\u0441\u0435 \u043f\u043e\u0441\u043b\u0435\u0434\u0443\u044e\u0449\u0438\u0435 \u0441\u0432\u0430\u0434\u044c\u0431\u044b. \u0414\u0430, \u0432\u043b\u044e\u0431\u043b\u044f\u0442\u044c\u0441\u044f \u043c\u043e\u0436\u043d\u043e \u0441\u043d\u043e\u0432\u0430 \u0438 \u0441\u043d\u043e\u0432\u0430.</li>\r\n\t<li class=\"page-phil__i\">\u041c\u0438\u0440 \u0443 \u0432\u0430\u0448\u0438\u0445 \u043d\u043e\u0433, \u0441\u0432\u0430\u0434\u044c\u0431\u0443 \u043c\u043e\u0436\u043d\u043e \u043e\u0440\u0433\u0430\u043d\u0438\u0437\u043e\u0432\u0430\u0442\u044c \u0432 \u043b\u044e\u0431\u043e\u0439 \u0442\u043e\u0447\u043a\u0435 \u043c\u0438\u0440\u0430. \u041f\u043e\u0432\u0435\u0440\u044c\u0442\u0435, \u044d\u0442\u043e \u0440\u0435\u0430\u043b\u044c\u043d\u0435\u0435, \u0447\u0435\u043c \u0432\u0430\u043c \u043a\u0430\u0436\u0435\u0442\u0441\u044f.</li>\r\n\t<li class=\"page-phil__i\">\u0414\u0435\u0432\u0438\u0447\u043d\u0438\u043a\u0438, \u043c\u0430\u043b\u044c\u0447\u0438\u0448\u043d\u0438\u043a\u0438, \u0441\u0432\u0430\u0434\u0435\u0431\u043d\u044b\u0435 \u043f\u0443\u0442\u0435\u0448\u0435\u0441\u0442\u0432\u0438\u044f, \u043a\u043e\u043a\u0442\u0435\u0439\u043b\u044c\u043d\u044b\u0435 \u0432\u0435\u0447\u0435\u0440\u0430 \u043f\u043e \u0432\u043e\u0437\u0432\u0440\u0430\u0449\u0435\u043d\u0438\u044e \u0438\u0437 \u043c\u0435\u0434\u043e\u0432\u043e\u0433\u043e \u043c\u0435\u0441\u044f\u0446\u0430 \u043d\u0435 \u043c\u0435\u043d\u0435\u0435 \u0432\u0430\u0436\u043d\u044b. \u041c\u044b \u0433\u043e\u0442\u043e\u0432\u044b \u043f\u0440\u0438\u043d\u044f\u0442\u044c \u0443\u0447\u0430\u0441\u0442\u0438\u0435 \u0432 \u043e\u0440\u0433\u0430\u043d\u0438\u0437\u0430\u0446\u0438\u0438 \u044d\u0442\u0438\u0445 \u0441\u043e\u0431\u044b\u0442\u0438\u0439.</li>\r\n</ul>\r\n\r\n<p>&nbsp;</p>\r\n", "slug": "philosophy", "title": "\u0424\u0438\u043b\u043e\u0441\u043e\u0444\u0438\u044f \u043a\u043e\u043c\u043f\u0430\u043d\u0438\u0438"}}, {"pk": 2, "model": "pages.page", "fields": {"content": "<p>\u041e\u0431\u044a\u0435\u0434\u0438\u043d\u0435\u043d\u043d\u044b\u0435 \u0441\u0442\u0440\u0435\u043c\u043b\u0435\u043d\u0438\u0435\u043c \u043a \u043a\u0440\u0430\u0441\u043e\u0442\u0435 \u0438 \u043f\u0440\u0438\u0437\u043d\u0430\u043d\u0438\u0435\u043c \u043b\u044e\u0431\u0432\u0438 \u043a\u0430\u043a \u0430\u0431\u0441\u043e\u043b\u044e\u0442\u043d\u043e\u0439 \u0446\u0435\u043d\u043d\u043e\u0441\u0442\u0438, \u043c\u044b \u043f\u043e\u0447\u0443\u0432\u0441\u0442\u0432\u043e\u0432\u0430\u043b\u0438 \u0432 \u0441\u0435\u0431\u0435 \u0441\u0438\u043b\u044b \u0441\u0434\u0435\u043b\u0430\u0442\u044c \u043f\u0440\u043e\u0435\u043a\u0442 \u043f\u043e \u0441\u043e\u0437\u0434\u0430\u043d\u0438\u044e \u0441\u043e\u0432\u0440\u0435\u043c\u0435\u043d\u043d\u044b\u0445 \u0441\u0432\u0430\u0434\u0435\u0431. \u041d\u0430\u0441\u0442\u043e\u044f\u0449\u0438\u043c \u0432\u044b\u0437\u043e\u0432\u043e\u043c \u0434\u043b\u044f \u043d\u0430\u0441 \u0441\u0442\u0430\u043b\u0430 \u043d\u0435\u043e\u0431\u0445\u043e\u0434\u0438\u043c\u043e\u0441\u0442\u044c \u0441\u043e\u0432\u043c\u0435\u0441\u0442\u0438\u0442\u044c \u0442\u0435\u0445\u043d\u043e\u043b\u043e\u0433\u0438\u0438 \u0438 \u0432\u043e\u0437\u043c\u043e\u0436\u043d\u043e\u0441\u0442\u0438 \u0431\u0443\u0434\u0443\u0449\u0435\u0433\u043e \u0441 \u0442\u0440\u0430\u0434\u0438\u0446\u0438\u044f\u043c\u0438 \u0438 \u0446\u0435\u043d\u043d\u043e\u0441\u0442\u044f\u043c\u0438 \u0434\u0430\u043b\u0451\u043a\u043e\u0433\u043e \u043f\u0440\u043e\u0448\u043b\u043e\u0433\u043e. \u041c\u044b \u0445\u043e\u0442\u0438\u043c, \u0447\u0442\u043e\u0431\u044b \u0441\u0432\u0430\u0434\u044c\u0431\u0430 \u0438 \u0432\u0441\u0435 \u0441\u043e\u0431\u044b\u0442\u0438\u044f, \u043e\u0442\u043d\u043e\u0441\u044f\u0449\u0438\u0435\u0441\u044f \u043a \u043d\u0435\u0439, \u0441\u0442\u0430\u043b\u0438 \u0443\u043d\u0438\u043a\u0430\u043b\u044c\u043d\u044b\u043c \u0432\u043e\u043f\u043b\u043e\u0449\u0435\u043d\u0438\u0435\u043c \u0438\u043c\u0435\u043d\u043d\u043e \u0432\u0430\u0448\u0435\u0439 \u0438\u0441\u0442\u043e\u0440\u0438\u0438 \u0438 \u0432\u0430\u0448\u0438\u0445 \u0436\u0435\u043b\u0430\u043d\u0438\u0439. \u041e\u0441\u043d\u043e\u0432\u043d\u044b\u043c \u043d\u0430\u043f\u0440\u0430\u0432\u043b\u0435\u043d\u0438\u0435\u043c \u043d\u0430\u0448\u0435\u0439 \u0434\u0435\u044f\u0442\u0435\u043b\u044c\u043d\u043e\u0441\u0442\u0438 \u044f\u0432\u043b\u044f\u0435\u0442\u0441\u044f \u043e\u0440\u0433\u0430\u043d\u0438\u0437\u0430\u0446\u0438\u044f \u0441\u0432\u0430\u0434\u0435\u0431 \u0437\u0430 \u0433\u0440\u0430\u043d\u0438\u0446\u0435\u0439. \u041f\u0440\u043e\u0432\u0435\u0434\u0435\u043d\u0438\u0435 \u0442\u043e\u0440\u0436\u0435\u0441\u0442\u0432\u0430 \u0432 \u043b\u044e\u0431\u043e\u043c \u0443\u0433\u043e\u043b\u043a\u0435 \u043c\u0438\u0440\u0430 \u0441 \u043a\u0430\u0447\u0435\u0441\u0442\u0432\u0435\u043d\u043d\u044b\u043c \u0441\u0435\u0440\u0432\u0438\u0441\u043e\u043c \u0441\u0442\u0430\u043b\u043e \u0432\u043e\u0437\u043c\u043e\u0436\u043d\u044b\u043c \u0431\u043b\u0430\u0433\u043e\u0434\u0430\u0440\u044f \u0443\u0432\u043b\u0435\u0447\u0435\u043d\u043d\u043e\u0439 \u0438 \u043e\u0434\u0435\u0440\u0436\u0438\u043c\u043e\u0439 \u0438\u0434\u0435\u044f\u043c\u0438 \u043c\u0435\u0436\u0434\u0443\u043d\u0430\u0440\u043e\u0434\u043d\u043e\u0439 \u043a\u043e\u043c\u0430\u043d\u0434\u043e\u0439 \u043f\u0440\u043e\u0444\u0435\u0441\u0441\u0438\u043e\u043d\u0430\u043b\u043e\u0432.</p>\r\n", "slug": "filosofiya-kompanii-na-glavnoj", "title": "\u0424\u0438\u043b\u043e\u0441\u043e\u0444\u0438\u044f \u043a\u043e\u043c\u043f\u0430\u043d\u0438\u0438 \u043d\u0430 \u0433\u043b\u0430\u0432\u043d\u043e\u0439"}}, {"pk": 1, "model": "review.review", "fields": {"text": "\u0442\u0435\u0441\u0442", "place": 1, "name": "\u0410\u043d\u044f \u0438 \u043a\u043e\u043c\u044c\u044e\u0442\u0435\u0440", "request_date": "2013-10-23T20:11:33.800", "photo": "uploads/reviews/1.jpg"}}, {"pk": 1, "model": "slideshow.slider", "fields": {"image": "uploads/slider/banner1_1.jpg", "sort_parameter": 1}}, {"pk": 2, "model": "slideshow.slider", "fields": {"image": "uploads/slider/banner2_1.jpg", "sort_parameter": 2}}, {"pk": 1, "model": "team.team", "fields": {"name": "\u0415\u043a\u0430\u0442\u0435\u0440\u0438\u043d\u0430 \u0426\u0435\u043f\u043b\u044f\u0435\u0432\u0430", "quote": "\u0418\u0434\u0435\u044f \u0437\u0430\u043d\u0438\u043c\u0430\u0442\u044c\u0441\u044f \u0441\u0432\u0430\u0434\u044c\u0431\u0430\u043c\u0438 \u043f\u0440\u0438\u0448\u043b\u0430 \u0441\u043e\u0432\u0441\u0435\u043c \u043d\u0435\u043e\u0436\u0438\u0434\u0430\u043d\u043d\u043e.  \u042f \u0433\u0443\u043b\u044f\u043b\u0430 \u043f\u043e \u041f\u0440\u0430\u0433\u0435 \u0438  \u0443\u0432\u0438\u0434\u0435\u043b\u0430, \u043a\u0430\u043a \u043d\u0435\u0432\u0435\u0441\u0442\u0430 \u043a\u0438\u0434\u0430\u0435\u0442 \u0431\u0443\u043a\u0435\u0442 \u0432 \u0433\u0438\u0433\u0430\u043d\u0442\u0441\u043a\u0443\u044e \u0442\u043e\u043b\u043f\u0443 \u0442\u0443\u0440\u0438\u0441\u0442\u043e\u0432 \u043d\u0430 \u0421\u0442\u0430\u0440\u043e\u043c\u0435\u0441\u0442\u043a\u043e\u0439 \u043f\u043b\u043e\u0449\u0430\u0434\u0438. \u041d\u0435\u0432\u0435\u0440\u043e\u044f\u0442\u043d\u043e, \u043d\u043e \u0432\u0441\u0435 \u0434\u0435\u0432\u0443\u0448\u043a\u0438, \u0430 \u0438\u0445 \u0431\u044b\u043b\u043e \u0431\u043e\u043b\u044c\u0448\u0435 \u043f\u044f\u0442\u0438\u0434\u0435\u0441\u044f\u0442\u0438, \u043d\u0430\u0447\u0430\u043b\u0438 \u043f\u0440\u043e\u0442\u044f\u0433\u0438\u0432\u0430\u0442\u044c \u0440\u0443\u043a\u0438 \u0437\u0430 \u0431\u0443\u043a\u0435\u0442\u043e\u043c. \u041f\u043e\u0447\u0435\u043c\u0443 \u0431\u044b \u043d\u0435 \u0441\u0434\u0435\u043b\u0430\u0442\u044c \u0434\u0435\u043d\u044c \u0441\u0432\u0430\u0434\u044c\u0431\u044b \u043d\u0435\u043e\u0431\u044b\u0447\u043d\u044b\u043c \u0434\u043b\u044f \u0432\u0441\u0435\u0445 \u043a\u0440\u0430\u0441\u0430\u0432\u0438\u0446 \u0420\u043e\u0441\u0441\u0438\u0438? \u0422\u0430\u043a \u0440\u043e\u0434\u0438\u043b\u0441\u044f \u043f\u0440\u043e\u0435\u043a\u0442 Heart2Heart", "image": "uploads/team/Tseplyaeva_Ekaterina._png.png", "text": "\u0420\u0430\u0431\u043e\u0442\u0430 \u0432 \u0440\u0435\u043a\u043b\u0430\u043c\u0435 \u043f\u043e\u043c\u043e\u0433\u043b\u0430 \u043f\u043e\u0447\u0443\u0432\u0441\u0442\u0432\u043e\u0432\u0430\u0442\u044c \u043d\u0430\u0441\u0442\u043e\u044f\u0449\u0443\u044e \u0441\u0442\u0440\u0430\u0441\u0442\u044c \u043a \u043e\u0440\u0433\u0430\u043d\u0438\u0437\u0430\u0446\u0438\u0438 \u043c\u0435\u0440\u043e\u043f\u0440\u0438\u044f\u0442\u0438\u0439.  \u041f\u0443\u0442\u044c \u043e\u0442 \u0438\u0434\u0435\u0438 \u0434\u043e \u0432\u043e\u043f\u043b\u043e\u0449\u0435\u043d\u0438\u044f \u0432 \u043a\u0430\u0436\u0434\u043e\u0439 \u0434\u0435\u0442\u0430\u043b\u0438 \u0441\u043e\u0431\u044b\u0442\u0438\u044f \u0437\u0430\u0432\u043e\u0440\u0430\u0436\u0438\u0432\u0430\u0435\u0442 \u041a\u0430\u0442\u0435\u0440\u0438\u043d\u0443 \u0443\u0436\u0435 \u043d\u0435\u0441\u043a\u043e\u043b\u044c\u043a\u043e \u043b\u0435\u0442. \u041b\u044e\u0431\u043e\u0432\u044c \u043a \u043f\u0443\u0442\u0435\u0448\u0435\u0441\u0442\u0432\u0438\u044f\u043c, \u0437\u043d\u0430\u043a\u043e\u043c\u0441\u0442\u0432\u0443 \u0441 \u043d\u043e\u0432\u044b\u043c\u0438 \u0442\u0440\u0430\u0434\u0438\u0446\u0438\u044f\u043c\u0438, \u043d\u0440\u0430\u0432\u0430\u043c\u0438 \u0438 \u0437\u043d\u0430\u043d\u0438\u044f \u043d\u0435\u0441\u043a\u043e\u043b\u044c\u043a\u0438\u0445 \u0438\u043d\u043e\u0441\u0442\u0440\u0430\u043d\u043d\u044b\u0445 \u044f\u0437\u044b\u043a\u043e\u0432 \u043f\u043e\u0437\u0432\u043e\u043b\u0438\u043b\u0438 \u0441\u0442\u0430\u0442\u044c \u043c\u0435\u0436\u0434\u0443\u043d\u0430\u0440\u043e\u0434\u043d\u044b\u043c \u0441\u043f\u0435\u0446\u0438\u0430\u043b\u0438\u0441\u0442\u043e\u043c. \u0421\u043e\u0437\u0434\u0430\u0432\u0430\u044f start up \u043f\u0440\u043e\u0435\u043a\u0442\u044b \u0437\u0430 \u0440\u0443\u0431\u0435\u0436\u043e\u043c, \u043e\u043d\u0430 \u043f\u043e\u0437\u043d\u0430\u043a\u043e\u043c\u0438\u043b\u0430\u0441\u044c \u0441 \u043c\u043d\u043e\u0433\u0438\u043c\u0438 \u0444\u043e\u0442\u043e\u0433\u0440\u0430\u0444\u0430\u043c\u0438, \u0441\u0442\u0438\u043b\u0438\u0441\u0442\u0430\u043c\u0438, \u0440\u0435\u0441\u0442\u043e\u0440\u0430\u0442\u043e\u0440\u0430\u043c\u0438... \u042d\u0442\u0438 \u043b\u044e\u0434\u0438, \u0441\u043e\u0437\u0434\u0430\u044e\u0449\u0438\u0435 \u0432\u043f\u0435\u0447\u0430\u0442\u043b\u0435\u043d\u0438\u044f \u0438 \u0432\u0434\u043e\u0445\u043d\u043e\u0432\u0438\u043b\u0438 \u043d\u0430 \u0433\u043b\u043e\u0431\u0430\u043b\u044c\u043d\u044b\u0439 \u0438 \u043a\u0440\u0430\u0441\u0438\u0432\u044b\u0439 \u043f\u0440\u043e\u0435\u043a\u0442", "position": "\u0418\u0441\u043f\u043e\u043b\u043d\u0438\u0442\u0435\u043b\u044c\u043d\u044b\u0439 \u0434\u0438\u0440\u0435\u043a\u0442\u043e\u0440, \u0443\u043f\u0440\u0430\u0432\u043b\u044f\u044e\u0449\u0438\u0439 \u043f\u0430\u0440\u0442\u043d\u0435\u0440", "sort_parameter": 1}}, {"pk": 2, "model": "team.team", "fields": {"name": "\u0414\u0430\u0440\u044c\u044f \u041c\u043e\u0433\u0438\u043b\u044c\u043d\u0438\u043a\u043e\u0432\u0430", "quote": "\u0427\u0442\u043e \u043c\u043e\u0436\u0435\u0442 \u0431\u044b\u0442\u044c \u043b\u0443\u0447\u0448\u0435, \u0447\u0435\u043c \u0434\u0435\u043b\u0438\u0442\u044c \u0441\u0430\u043c\u044b\u0435 \u0441\u0447\u0430\u0441\u0442\u043b\u0438\u0432\u044b\u0435 \u043c\u0433\u043d\u043e\u0432\u0435\u043d\u0438\u044f \u0436\u0438\u0437\u043d\u0438 \u043b\u044e\u0434\u0435\u0439, \u0434\u0430\u0436\u0435 \u0435\u0441\u043b\u0438 \u0432\u044b \u0435\u0434\u0432\u0430 \u0438\u0445 \u0437\u043d\u0430\u0435\u0442\u0435? \u042d\u0442\u043e \u043f\u0440\u043e\u0435\u043a\u0442, \u043d\u0430\u043f\u043e\u043b\u043d\u0435\u043d\u043d\u044b\u0439 \u043b\u044e\u0431\u043e\u0432\u044c\u044e, \u0441\u0432\u0435\u0442\u043e\u043c, \u043e\u043d \u0441\u043e\u0437\u0434\u0430\u043d \u0434\u043b\u044f \u0432\u043e\u043f\u043b\u043e\u0449\u0435\u043d\u0438\u044f \u043c\u0435\u0447\u0442\u044b, \u0434\u043b\u044f \u0442\u043e\u0440\u0436\u0435\u0441\u0442\u0432\u0430 \u0432\u043e\u0437\u043c\u043e\u0436\u043d\u043e\u0441\u0442\u0435\u0439... \u0414\u043b\u044f \u043c\u0435\u043d\u044f \u0438\u0434\u0435\u0430\u043b\u044c\u043d\u0430\u044f \u0441\u0432\u0430\u0434\u044c\u0431\u0430 \u2014 \u044d\u0442\u043e \u043f\u0440\u0438\u043a\u043b\u044e\u0447\u0435\u043d\u0438\u0435 \u0434\u043b\u044f \u0434\u0432\u043e\u0438\u0445 \u0432 \u0437\u0438\u043c\u043d\u0435\u0439 \u0418\u0441\u043b\u0430\u043d\u0434\u0438\u0438. \u0412\u0440\u044f\u0434 \u043b\u0438 \u043c\u043d\u0435 \u043f\u0440\u0438\u0448\u043b\u0430 \u044d\u0442\u0430 \u0438\u0434\u0435\u044f \u0431\u0435\u0437 Heart 2 Heart! ", "image": "uploads/team/mogilnikova_darya_1.JPG", "text": "\u041c\u0430\u0440\u043a\u0435\u0442\u0438\u043d\u0433, \u0431\u0440\u0435\u043d\u0434\u0438\u043d\u0433, PR, digital, \u043f\u0440\u0435\u043f\u043e\u0434\u0430\u0432\u0430\u0442\u0435\u043b\u044c\u0441\u043a\u0430\u044f \u0434\u0435\u044f\u0442\u0435\u043b\u044c\u043d\u043e\u0441\u0442\u044c, \u0436\u0443\u0440\u043d\u0430\u043b\u0438\u0441\u0442\u0438\u043a\u0430, \u0441\u043e\u0437\u0434\u0430\u043d\u0438\u0435 \u043f\u0440\u043e\u0435\u043a\u0442\u043e\u0432, \u0443\u0447\u0430\u0441\u0442\u0438\u0435 \u0432 \u043a\u0430\u0447\u0435\u0441\u0442\u0432\u0435 \u043f\u0430\u0440\u0442\u043d\u0451\u0440\u0430 \u0432 \u043d\u0435\u0441\u043a\u043e\u043b\u044c\u043a\u0438\u0445 \u0431\u0438\u0437\u043d\u0435\u0441-\u043f\u0440\u043e\u0435\u043a\u0442\u0430\u0445 \u2014 \u043d\u0435 \u043f\u043e\u043b\u043d\u044b\u0439 \u0441\u043f\u0438\u0441\u043e\u043a \u0442\u043e\u0433\u043e, \u0447\u0442\u043e \u0434\u0435\u043b\u0430\u0435\u0442 \u0414\u0430\u0440\u044c\u044f \u043f\u043e\u0441\u043b\u0435\u0434\u043d\u0438\u0435 \u043d\u0435\u0441\u043a\u043e\u043b\u044c\u043a\u043e \u043b\u0435\u0442. \u041e\u0441\u043e\u0431\u043e\u0435 \u043c\u0435\u0441\u0442\u043e \u043c\u0435\u0441\u0442\u043e \u0432 \u0435\u0451 \u0436\u0438\u0437\u043d\u0438 \u0437\u0430\u043d\u0438\u043c\u0430\u0435\u0442 \u0441\u0442\u0440\u0430\u0442\u0435\u0433\u0438\u044f \u0438 \u043b\u044e\u0431\u043e\u0432\u044c \u043a \u0431\u0440\u0435\u043d\u0434-\u043c\u0430\u0440\u043a\u0435\u0442\u0438\u043d\u0433\u0443. \u0421\u0432\u0430\u0434\u044c\u0431\u044b \u043d\u0438\u043a\u043e\u0433\u0434\u0430 \u043e\u0441\u043e\u0431\u0435\u043d\u043d\u043e \u043d\u0435 \u0438\u043d\u0442\u0435\u0440\u0435\u0441\u043e\u0432\u0430\u043b\u0438 \u0432 \u0438\u0445 \u043e\u0431\u044b\u043a\u043d\u043e\u0432\u0435\u043d\u043d\u043e\u043c \u0432\u043e\u043f\u043b\u043e\u0449\u0435\u043d\u0438\u0438, \u043d\u043e \u043a\u043e\u0433\u0434\u0430 \u0412\u0438\u043a\u0442\u043e\u0440\u0438\u044f \u0438 \u041a\u0430\u0442\u0435\u0440\u0438\u043d\u0430 \u0440\u0430\u0441\u0441\u043a\u0430\u0437\u0430\u043b\u0438 \u043e \u0441\u0432\u043e\u0435\u0439 \u0438\u0434\u0435\u0438, \u0414\u0430\u0440\u044c\u044f \u043d\u0435\u0437\u0430\u043c\u0435\u0434\u043b\u0438\u0442\u0435\u043b\u044c\u043d\u043e \u043f\u0440\u0435\u0434\u043b\u043e\u0436\u0438\u043b\u0430 \u043f\u0430\u0440\u0442\u043d\u0451\u0440\u0441\u0442\u0432\u043e.  ", "position": "PR-\u0434\u0438\u0440\u0435\u043a\u0442\u043e\u0440, \u0443\u043f\u0440\u0430\u0432\u043b\u044f\u044e\u0449\u0438\u0439 \u043f\u0430\u0440\u0442\u043d\u0435\u0440", "sort_parameter": 2}}, {"pk": 3, "model": "team.team", "fields": {"name": "\u0412\u0438\u043a\u0442\u043e\u0440\u0438\u044f \u042e\u0448\u043a\u043e\u0432\u0430", "quote": "\u041a\u0430\u043a-\u0442\u043e \u0440\u0430\u0437 \u043d\u0430 \u041a\u0438\u043f\u0440\u0435, \u044f \u043d\u0430\u0431\u043b\u044e\u0434\u0430\u043b\u0430 \u0437\u0430 \u043c\u043e\u043b\u043e\u0434\u043e\u0436\u0435\u043d\u0430\u043c\u0438 \u043d\u0430 \u0431\u0435\u0440\u0435\u0433\u0443 \u0421\u0440\u0435\u0434\u0438\u0437\u0435\u043c\u043d\u043e\u0433\u043e \u043c\u043e\u0440\u044f. \u0422\u0430\u043a\u0438\u0435 \u0432\u043b\u044e\u0431\u043b\u0435\u043d\u043d\u044b\u0435 \u0438 \u0441\u0447\u0430\u0441\u0442\u043b\u0438\u0432\u044b\u0435, \u0448\u0430\u0433\u0430\u044e\u0449\u0438\u0435 \u043f\u043e \u043f\u0435\u0441\u043a\u0443\u2026 \u041f\u043e \u0442\u043e\u043c\u0443, \u043f\u043e \u043a\u043e\u0442\u043e\u0440\u043e\u043c\u0443 \u0445\u043e\u0434\u0438\u043b\u0430 \u043a\u043e\u0433\u0434\u0430-\u0442\u043e \u0410\u0444\u0440\u043e\u0434\u0438\u0442\u0430\u2026\u0441\u0430\u043c\u0430 \u0431\u043e\u0433\u0438\u043d\u044f \u043b\u044e\u0431\u0432\u0438. \u0422\u0430\u043a \u0438 \u0432\u043e\u0437\u043d\u0438\u043a\u043b\u0430 \u0438\u0434\u0435\u044f \u0441\u0432\u0430\u0434\u0435\u0431 \u0437\u0430 \u0433\u0440\u0430\u043d\u0438\u0446\u0435\u0439, \u0442\u0430\u043a \u043f\u043e\u044f\u0432\u0438\u043b\u043e\u0441\u044c Heart 2 Heart", "image": "uploads/team/team_3.jpg", "text": "\u041a\u043e\u0433\u0434\u0430 \u0412\u0438\u043a\u0442\u043e\u0440\u0438\u044f \u0431\u044b\u043b\u0430 \u043c\u0430\u043b\u0435\u043d\u044c\u043a\u043e\u0439 \u0434\u0435\u0432\u043e\u0447\u043a\u043e\u0439, \u043e\u043d\u0430 \u043f\u0440\u0435\u0434\u0441\u0442\u0430\u0432\u043b\u044f\u043b\u0430, \u043a\u0430\u043a \u0432\u044b\u0440\u0430\u0441\u0442\u0435\u0442 \u0438 \u0432\u044b\u0439\u0434\u0435\u0442 \u0437\u0430\u043c\u0443\u0436. \u0422\u0430\u043a \u0434\u0435\u043b\u0430\u044e\u0442 \u043f\u043e\u0447\u0442\u0438 \u0432\u0441\u0435 \u0434\u0435\u0432\u043e\u0447\u043a\u0438: \u043e\u043d\u0438 \u0444\u0430\u043d\u0442\u0430\u0437\u0438\u0440\u0443\u044e\u0442, \u0432\u043e\u043e\u0431\u0440\u0430\u0436\u0430\u044e\u0442, \u043f\u0440\u0438\u0434\u0443\u043c\u044b\u0432\u0430\u044e\u0442... \u041d\u0435\u0432\u0435\u0441\u0442\u0430 \u0442\u0430\u043a \u043f\u043e\u0445\u043e\u0436\u0430 \u043d\u0430 \u043f\u0440\u0438\u043d\u0446\u0435\u0441\u0441\u0443, \u043a\u043e\u0440\u043e\u043b\u0435\u0432\u0443, \u0430 \u0441\u0432\u0430\u0434\u044c\u0431\u0430 \u2014 \u044d\u0442\u043e \u043a\u0430\u043a\u043e\u0435-\u0442\u043e \u0432\u043e\u043b\u0448\u0435\u0431\u0441\u0442\u0432\u043e, \u043c\u0430\u0433\u0438\u044f. \u0423\u0436\u0435 \u0431\u043e\u043b\u0435\u0435 7 \u043b\u0435\u0442 \u043d\u0430\u0448 \u0430\u0440\u0442-\u0434\u0438\u0440\u0435\u043a\u0442\u043e\u0440 \u0437\u0430\u043d\u0438\u043c\u0430\u0435\u0442\u0441\u044f \u043e\u0440\u0433\u0430\u043d\u0438\u0437\u0430\u0446\u0438\u0435\u0439 \u043c\u0435\u0440\u043e\u043f\u0440\u0438\u044f\u0442\u0438\u0439 \u0441\u0430\u043c\u043e\u0433\u043e \u0440\u0430\u0437\u043d\u043e\u0433\u043e \u0444\u043e\u0440\u043c\u0430\u0442\u0430, \u043d\u043e \u0441\u0430\u043c\u044b\u0435 \u043b\u044e\u0431\u0438\u043c\u044b\u0435, \u043a\u043e\u043d\u0435\u0447\u043d\u043e, \u0441\u0432\u0430\u0434\u044c\u0431\u044b! \u041e\u043d\u0430 \u0441 \u0440\u0430\u0434\u043e\u0441\u0442\u044c\u044e \u0434\u0435\u043b\u0438\u0442\u0441\u044f \u0441 \u043d\u0435\u0432\u0435\u0441\u0442\u0430\u043c\u0438 \u0441\u0430\u043c\u044b\u043c\u0438 \u0441\u0432\u0435\u0436\u0438\u043c\u0438 \u0442\u0435\u043d\u0434\u0435\u043d\u0446\u0438\u044f\u043c\u0438 \u0441\u0432\u0430\u0434\u0435\u0431\u043d\u043e\u0439 \u043c\u043e\u0434\u044b, \u0441\u0432\u043e\u0438\u043c \u0441\u043c\u0435\u043b\u044b\u043c\u0438 \u0438\u0434\u0435\u044f\u043c\u0438 \u0438 \u0440\u0435\u0448\u0435\u043d\u0438\u044f\u043c\u0438. \u041a\u0430\u0436\u0435\u0442\u0441\u044f, \u0412\u0438\u043a\u0442\u043e\u0440\u0438\u044f \u043e\u0447\u0435\u043d\u044c \u0441\u0447\u0430\u0441\u0442\u043b\u0438\u0432\u0430, \u0432\u0435\u0434\u044c \u043e\u043d\u0430 \u043f\u043e\u043c\u043e\u0433\u0430\u0435\u0442 \u0440\u0435\u0430\u043b\u0438\u0437\u043e\u0432\u0430\u0442\u044c \u0442\u0435 \u0441\u0430\u043c\u044b\u0435 \u0437\u0430\u0432\u0435\u0442\u043d\u044b\u0435 \u043c\u0435\u0447\u0442\u044b \u043d\u0430\u0448\u0438\u0445 \u043a\u043b\u0438\u0435\u043d\u0442\u043e\u043a. \u0410 \u0432\u0435\u0434\u044c \u0443 \u043a\u0430\u0436\u0434\u043e\u0439 \u043d\u0435\u0432\u0435\u0441\u0442\u044b \u0441\u0432\u043e\u044f \u0441\u043a\u0430\u0437\u043a\u0430: \u0443 \u043e\u0434\u043d\u043e\u0439 \u0440\u043e\u043c\u0430\u043d\u0442\u0438\u0447\u0435\u0441\u043a\u0430\u044f, \u0443 \u0434\u0440\u0443\u0433\u043e\u0439 \u0441\u0443\u043c\u0430\u0441\u0448\u0435\u0434\u0448\u0430\u044f \u0438 \u0434\u0430\u0436\u0435 \u043e\u043f\u0430\u0441\u043d\u0430\u044f, \u0430 \u0443 \u0442\u0440\u0435\u0442\u044c\u0435\u0439 \u044d\u0442\u043e \u043a\u0430\u0434\u0440\u044b \u0435\u0451 \u043a\u0438\u043d\u043e\u043b\u0435\u043d\u0442\u044b.", "position": "\u0430\u0440\u0442-\u0434\u0438\u0440\u0435\u043a\u0442\u043e\u0440, \u0443\u043f\u0440\u0430\u0432\u043b\u044f\u044e\u0449\u0438\u0439 \u043f\u0430\u0440\u0442\u043d\u0435\u0440", "sort_parameter": 3}}, {"pk": 5, "model": "wedding.country", "fields": {"map": "uploads/wedding/country/country-map.jpg", "title": "\u0410\u0432\u0441\u0442\u0440\u0438\u044f", "text": "", "image": "uploads/wedding/country/Austria.jpg", "wt_1": true, "wt_2": true, "wt_3": false, "slug": "avstriya"}}, {"pk": 8, "model": "wedding.country", "fields": {"map": "uploads/wedding/country/country-map.jpg", "title": "\u0411\u0430\u043b\u0438", "text": "", "image": "uploads/wedding/country/Bali.jpg", "wt_1": false, "wt_2": false, "wt_3": true, "slug": "bali"}}, {"pk": 3, "model": "wedding.country", "fields": {"map": "uploads/wedding/country/country-map.jpg", "title": "\u0413\u0440\u0435\u0446\u0438\u044f", "text": "", "image": "uploads/wedding/country/Greece.jpg", "wt_1": true, "wt_2": true, "wt_3": true, "slug": "gretsiya"}}, {"pk": 2, "model": "wedding.country", "fields": {"map": "uploads/wedding/country/country-map.jpg", "title": "\u0418\u0442\u0430\u043b\u0438\u044f", "text": "", "image": "uploads/wedding/country/Italy.jpg", "wt_1": true, "wt_2": true, "wt_3": true, "slug": "italiya"}}, {"pk": 4, "model": "wedding.country", "fields": {"map": "uploads/wedding/country/country-map.jpg", "title": "\u041a\u0438\u043f\u0440", "text": "", "image": "uploads/wedding/country/Cyprus.jpg", "wt_1": true, "wt_2": false, "wt_3": true, "slug": "kipr"}}, {"pk": 9, "model": "wedding.country", "fields": {"map": "uploads/wedding/country/country-map.jpg", "title": "\u041c\u0430\u043b\u044c\u0434\u0438\u0432\u044b", "text": "", "image": "uploads/wedding/country/Maldives.jpg", "wt_1": false, "wt_2": true, "wt_3": false, "slug": "maldivyi"}}, {"pk": 7, "model": "wedding.country", "fields": {"map": "uploads/wedding/country/country-map.jpg", "title": "\u0421\u0428\u0410", "text": "", "image": "uploads/wedding/country/vegas.jpg", "wt_1": true, "wt_2": true, "wt_3": true, "slug": "ssha"}}, {"pk": 6, "model": "wedding.country", "fields": {"map": "uploads/wedding/country/country-map.jpg", "title": "\u0422\u0430\u0439\u043b\u0430\u043d\u0434", "text": "", "image": "uploads/wedding/country/Tai.jpg", "wt_1": false, "wt_2": true, "wt_3": true, "slug": "tajland"}}, {"pk": 10, "model": "wedding.country", "fields": {"map": "", "title": "\u0424\u0440\u0430\u043d\u0446\u0438\u044f", "text": "<p>gg</p>\r\n", "image": "uploads/wedding/country/Ld2c09Nmh7c.jpg", "wt_1": false, "wt_2": true, "wt_3": false, "slug": "france"}}, {"pk": 1, "model": "wedding.country", "fields": {"map": "uploads/wedding/country/country-map.jpg", "title": "\u0427\u0435\u0445\u0438\u044f", "text": "<p>\u0427\u0435\u0445\u0438\u044f &ndash; \u0433\u043e\u0441\u0443\u0434\u0430\u0440\u0441\u0442\u0432\u043e \u0432 \u0426\u0435\u043d\u0442\u0440\u0430\u043b\u044c\u043d\u043e\u0439 \u0415\u0432\u0440\u043e\u043f\u0435, \u0441\u043e\u0441\u0435\u0434\u0441\u0442\u0432\u0443\u044e\u0449\u0435\u0435 \u0441 \u0410\u0432\u0441\u0442\u0440\u0438\u0435\u0439, \u041f\u043e\u043b\u044c\u0448\u0435\u0439, \u0421\u043b\u043e\u0432\u0430\u043a\u0438\u0435\u0439 \u0438 \u0413\u0435\u0440\u043c\u0430\u043d\u0438\u0435\u0439. \u0421\u0435\u0440\u0434\u0446\u0435 \u0427\u0435\u0445\u0438\u0438 &ndash; \u043a\u0440\u0430\u0441\u0430\u0432\u0438\u0446\u0430 \u041f\u0440\u0430\u0433\u0430 \u0441 \u0435\u0435 \u0443\u043d\u0438\u043a\u0430\u043b\u044c\u043d\u044b\u043c \u0430\u0440\u0445\u0438\u0442\u0435\u043a\u0442\u0443\u0440\u043d\u044b\u043c \u0438 \u043a\u0443\u043b\u044c\u0442\u0443\u0440\u043d\u044b\u043c \u043d\u0430\u0441\u043b\u0435\u0434\u0438\u0435\u043c. \u0417\u0434\u0435\u0441\u044c \u043d\u0430 \u043a\u0430\u0436\u0434\u043e\u043c \u0448\u0430\u0433\u0443 \u0441\u043b\u044b\u0448\u043d\u044b \u043e\u0442\u0433\u043e\u043b\u043e\u0441\u043a\u0438 \u043f\u0440\u043e\u0448\u0435\u0434\u0448\u0438\u0445 \u044d\u043f\u043e\u0445. \u041d\u0430 \u0442\u0435\u0440\u0440\u0438\u0442\u043e\u0440\u0438\u0438 \u0441\u0442\u0440\u0430\u043d\u044b \u0440\u0430\u0441\u043f\u043e\u043b\u043e\u0436\u0438\u043b\u0430\u0441\u044c \u0411\u043e\u0433\u0435\u043c\u0438\u044f \u0441 \u0435\u0435 \u0436\u0438\u0432\u043e\u043f\u0438\u0441\u043d\u044b\u043c\u0438 \u0432\u043e\u0434\u043d\u044b\u043c\u0438 \u043b\u0430\u043d\u0434\u0448\u0430\u0444\u0442\u0430\u043c\u0438, \u043f\u0440\u0435\u0434\u0441\u0442\u0430\u0432\u043b\u0435\u043d\u043d\u044b\u043c\u0438 \u0431\u0430\u0441\u0441\u0435\u0439\u043d\u0430\u043c\u0438 \u0440\u0435\u043a \u0412\u043b\u0442\u0430\u0432\u044b \u0438 \u041b\u0430\u0431\u044b, \u0430 \u0442\u0430\u043a\u0436\u0435 \u041c\u043e\u0440\u0430\u0432\u0438\u044f &ndash; \u0432\u043e\u0441\u0442\u043e\u0447\u043d\u0430\u044f \u0447\u0430\u0441\u0442\u044c \u0441 \u0435\u0435 \u0445\u043e\u043b\u043c\u0438\u0441\u0442\u044b\u043c \u0440\u0435\u043b\u044c\u0435\u0444\u043e\u043c. \u0427\u0435\u0445\u0438\u044f &ndash; \u0436\u0435\u043c\u0447\u0443\u0436\u0438\u043d\u0430 \u0415\u0432\u0440\u043e\u043f\u044b, \u0438\u0441\u0442\u043e\u0440\u0438\u0447\u0435\u0441\u043a\u0438\u0439 \u0440\u0430\u0440\u0438\u0442\u0435\u0442 \u0438 \u0433\u0430\u0441\u0442\u0440\u043e\u043d\u043e\u043c\u0438\u0447\u0435\u0441\u043a\u0438\u0439 \u0446\u0435\u043d\u0442\u0440, \u043a\u043e\u0442\u043e\u0440\u044b\u0439 \u043f\u0440\u0438\u0432\u043b\u0435\u043a\u0430\u0435\u0442 \u043b\u044e\u0431\u0438\u0442\u0435\u043b\u0435\u0439 \u0438\u0441\u0442\u043e\u0440\u0438\u0447\u0435\u0441\u043a\u0438\u0445 \u044d\u043a\u0441\u043a\u0443\u0440\u0441\u043e\u0432, \u0444\u043e\u0442\u043e\u0433\u0440\u0430\u0444\u043e\u0432 \u0438 \u043c\u043e\u043b\u043e\u0434\u043e\u0436\u0435\u043d\u043e\u0432, \u0430 \u0442\u0430\u043a\u0436\u0435 \u0433\u0443\u0440\u043c\u0430\u043d\u043e\u0432 \u0441\u043e \u0432\u0441\u0435\u0445 \u0443\u0433\u043e\u043b\u043a\u043e\u0432 \u043c\u0438\u0440\u0430.</p>\r\n", "image": "uploads/wedding/country/Czechia.jpg", "wt_1": true, "wt_2": true, "wt_3": true, "slug": "chehiya"}}, {"pk": 1, "model": "wedding.placeeventtype", "fields": {"name": "\u041e\u0444\u0438\u0446\u0438\u0430\u043b\u044c\u043d\u0430\u044f \u0446\u0435\u0440\u0435\u043c\u043e\u043d\u0438\u044f"}}, {"pk": 2, "model": "wedding.placeeventtype", "fields": {"name": "\u0421\u0438\u043c\u0432\u043e\u043b\u0438\u0447\u0435\u0441\u043a\u0430\u044f \u0446\u0435\u0440\u0435\u043c\u043e\u043d\u0438\u044f"}}, {"pk": 3, "model": "wedding.placeeventtype", "fields": {"name": "\u0412\u0435\u043d\u0447\u0430\u043d\u0438\u0435"}}, {"pk": 4, "model": "wedding.placeeventtype", "fields": {"name": "\u0420\u043e\u043c\u0430\u043d\u0442\u0438\u0447\u0435\u0441\u043a\u043e\u0435 \u043f\u0443\u0442\u0435\u0448\u0435\u0441\u0442\u0432\u0438\u0435"}}, {"pk": 5, "model": "wedding.placeeventtype", "fields": {"name": "\u0414\u0435\u0432\u0438\u0447\u043d\u0438\u043a"}}, {"pk": 6, "model": "wedding.placeeventtype", "fields": {"name": "\u041c\u0430\u043b\u044c\u0447\u0438\u0448\u043d\u0438\u043a"}}, {"pk": 1, "model": "wedding.placetype", "fields": {"name": "\u0441\u0442\u0430\u0440\u0438\u043d\u043d\u044b\u0439 \u0437\u0430\u043c\u043e\u043a"}}, {"pk": 2, "model": "wedding.placetype", "fields": {"name": "\u043f\u043b\u044f\u0436"}}, {"pk": 3, "model": "wedding.placetype", "fields": {"name": "5* \u043e\u0442\u0435\u043b\u044c"}}, {"pk": 4, "model": "wedding.placetype", "fields": {"name": "\u0432\u0435\u0440\u0448\u0438\u043d\u044b \u0441\u043d\u0435\u0436\u043d\u044b\u0445 \u0433\u043e\u0440"}}, {"pk": 5, "model": "wedding.placetype", "fields": {"name": "\u043a\u043e\u0440\u0430\u0431\u043b\u044c"}}, {"pk": 6, "model": "wedding.placetype", "fields": {"name": "\u0437\u0430\u0433\u043e\u0440\u043e\u0434\u043d\u044b\u0439 \u0434\u043e\u043c"}}, {"pk": 7, "model": "wedding.placetype", "fields": {"name": "\u0442\u0430\u0438\u043d\u0441\u0442\u0432\u0435\u043d\u043d\u044b\u0439 \u043b\u0435\u0441"}}, {"pk": 1, "model": "wedding.placeseason", "fields": {"name": "\u0437\u0438\u043c\u0430"}}, {"pk": 2, "model": "wedding.placeseason", "fields": {"name": "\u0432\u0435\u0441\u043d\u0430"}}, {"pk": 3, "model": "wedding.placeseason", "fields": {"name": "\u043b\u0435\u0442\u043e"}}, {"pk": 4, "model": "wedding.placeseason", "fields": {"name": "\u043e\u0441\u0435\u043d\u044c"}}, {"pk": 1, "model": "wedding.place", "fields": {"season": [2, 3, 4], "name": "\u0417\u0430\u043c\u043e\u043a \u0413\u043b\u0443\u0431\u043e\u043a\u0430 \u043d\u0430\u0434 \u0412\u043b\u0442\u0430\u0432\u043e\u0439", "service": "\u0417\u0434\u0435\u0441\u044c \u043c\u043e\u0436\u0435\u0442 \u0431\u044b\u0442\u044c \u043e\u043f\u0438\u0441\u0430\u043d\u0438\u0435 \u0442\u043e\u0433\u043e, \u0447\u0442\u043e \u0432\u0445\u043e\u0434\u0438\u0442 \u0432 \u0441\u0442\u043e\u0438\u043c\u043e\u0441\u0442\u044c \u0438 \u043e\u043f\u0438\u0441\u0430\u043d\u0438\u0435 \u0434\u043e\u043f. \u0443\u0441\u043b\u0443\u0433, \u0430 \u0442\u0430\u043a \u0436\u0435 \u0434\u0440\u0443\u0433\u0438\u0435 \u0446\u0435\u043d\u044b \u0438 \u0443\u0441\u043b\u0443\u0433\u0438.", "coords_y": 15.8724975586, "file_promo": "uploads/wedding/place_docs/adobe_2.png", "country": 1, "price": "\u041e\u0444\u0438\u0446\u0438\u0430\u043b\u044c\u043d\u0430\u044f \u0446\u0435\u0440\u0435\u043c\u043e\u043d\u0438\u044f \u043e\u0442 20000$", "coords_x": 49.5537255135, "place_type": [1], "slug": "hlubok-nad-vltavou", "file_service": "", "file_price": "", "text": "<p>\u0417\u0430\u043c\u043e\u043a \u0413\u043b\u0443\u0431\u043e\u043a\u0430 \u0431\u044b\u043b \u043f\u043e\u0441\u0442\u0440\u043e\u0435\u043d \u0432 13 \u0432\u0435\u043a\u0435 \u0434\u0432\u043e\u0440\u044f\u043d\u0438\u043d\u043e\u043c \u0438\u0437 \u0411\u0443\u0434\u0435\u0451\u0432\u0435\u0446 \u0438 \u0438\u0437\u043d\u0430\u0447\u0430\u043b\u044c\u043d\u043e \u0437\u0430\u0434\u0443\u043c\u044b\u0432\u0430\u043b\u0441\u044f \u043a\u0430\u043a \u0441\u0442\u043e\u0440\u043e\u0436\u0435\u0432\u0430\u044f \u043a\u0440\u0435\u043f\u043e\u0441\u0442\u044c. \u041f\u0435\u0441\u043a\u0438 \u0432\u0440\u0435\u043c\u0435\u043d\u0438 \u043d\u0430\u043b\u043e\u0436\u0438\u043b\u0438 \u043d\u0430 \u0430\u0440\u0445\u0438\u0442\u0435\u043a\u0442\u0443\u0440\u0443 \u0437\u0430\u043c\u043a\u0430 \u0441\u0432\u043e\u0439 \u043e\u0442\u043f\u0435\u0447\u0430\u0442\u043e\u043a, \u043d\u0430\u0434\u0435\u043b\u0438\u0432 \u0435\u0433\u043e \u0447\u0435\u0440\u0442\u0430\u043c\u0438 \u0440\u0435\u043d\u0435\u0441\u0441\u0430\u043d\u0441\u0430, \u0431\u0430\u0440\u043e\u043a\u043a\u043e, \u043d\u0435\u043e\u0433\u043e\u0442\u0438\u043a\u0438. \u041f\u043e\u0437\u0434\u043d\u0435\u0435 \u0430\u0440\u0445\u0438\u0442\u0435\u043a\u0442\u043e\u0440 \u0438\u0437 \u0412\u0435\u043d\u044b \u043f\u0435\u0440\u0435\u0441\u0442\u0440\u043e\u0438\u043b \u0435\u0433\u043e \u043f\u043e \u043e\u0431\u0440\u0430\u0437\u0446\u0443 \u0412\u0438\u043d\u0434\u0437\u043e\u0440\u0441\u043a\u043e\u0433\u043e \u0437\u0430\u043c\u043a\u0430. \u0421\u0430\u043c \u043a\u043e\u043c\u043f\u043b\u0435\u043a\u0441 \u0437\u0430\u043c\u043a\u0430 \u0432\u043a\u043b\u044e\u0447\u0430\u0435\u0442 140 \u043a\u043e\u043c\u043d\u0430\u0442, \u0438\u043d\u0442\u0435\u0440\u044c\u0435\u0440 \u043a\u043e\u0442\u043e\u0440\u044b\u0445 \u0443\u043a\u0440\u0430\u0448\u0435\u043d \u0434\u0435\u0440\u0435\u0432\u044f\u043d\u043d\u044b\u043c\u0438 \u0438\u0437\u0440\u0430\u0437\u0446\u0430\u043c\u0438, 11 \u0431\u0430\u0448\u0435\u043d, \u0434\u0432\u0430 \u0432\u043d\u0443\u0442\u0440\u0435\u043d\u043d\u0438\u0445 \u0434\u0432\u043e\u0440\u0430, \u043a\u043e\u043d\u044e\u0448\u043d\u0438 \u0438 \u043e\u0440\u0430\u043d\u0436\u0435\u0440\u0435\u044e.&nbsp; \u0417\u0430\u043c\u043e\u043a \u043e\u0442\u043a\u0440\u044b\u0442 \u0434\u043b\u044f \u0433\u043e\u0441\u0442\u0435\u0439 \u043a\u0440\u0443\u0433\u043b\u044b\u0439 \u0433\u043e\u0434. \u0418 \u0432\u043d\u0435\u0448\u043d\u0438\u0439 \u043e\u0431\u043b\u0438\u043a \u0444\u0430\u0441\u0430\u0434\u043e\u0432, \u0438 \u043e\u043a\u0440\u0443\u0436\u0430\u044e\u0449\u0438\u0439 \u0437\u0430\u043c\u043e\u043a \u043f\u0435\u0439\u0437\u0430\u0436, \u0438 \u0432\u043d\u0443\u0442\u0440\u0435\u043d\u043d\u0435\u0435 \u0443\u0431\u0440\u0430\u043d\u0441\u0442\u0432\u043e &ndash; \u043f\u0440\u043e\u0441\u0442\u043e \u0432\u0435\u043b\u0438\u043a\u043e\u043b\u0435\u043f\u043d\u044b! \u041d\u0435 \u0443\u0434\u0438\u0432\u0438\u0442\u0435\u043b\u044c\u043d\u043e, \u0447\u0442\u043e \u043c\u043d\u043e\u0433\u043e\u0447\u0438\u0441\u043b\u0435\u043d\u043d\u044b\u0435 \u043f\u0430\u0440\u044b \u0441\u0442\u0440\u0435\u043c\u044f\u0442\u0441\u044f \u043f\u0440\u043e\u0432\u0435\u0441\u0442\u0438 \u0441\u0432\u043e\u044e \u0441\u0432\u0430\u0434\u044c\u0431\u0443 \u0438\u043c\u0435\u043d\u043d\u043e \u0432 \u0437\u0430\u043c\u043a\u0435 \u0413\u043b\u0443\u0431\u043e\u043a\u0430! \u0412 \u043a\u0430\u0447\u0435\u0441\u0442\u0432\u0435 \u0431\u0440\u0430\u0447\u043d\u044b\u0445 \u0443\u0441\u043b\u0443\u0433 \u0437\u0434\u0435\u0441\u044c \u043c\u043e\u0436\u043d\u043e \u0437\u0430\u043a\u0430\u0437\u0430\u0442\u044c \u0431\u0435\u043b\u043e\u0441\u043d\u0435\u0436\u043d\u0443\u044e \u043a\u0430\u0440\u0435\u0442\u0443, \u0442\u043e\u0440\u0436\u0435\u0441\u0442\u0432\u0435\u043d\u043d\u044b\u0435 \u0444\u0430\u043d\u0444\u0430\u0440\u044b, \u043a\u043e\u0441\u0442\u044e\u043c\u0438\u0440\u043e\u0432\u0430\u043d\u043d\u044b\u0435 \u043f\u0440\u0430\u0437\u0434\u043d\u0438\u0447\u043d\u044b\u0435 \u0448\u0435\u0441\u0442\u0432\u0438\u044f \u0438 \u0434\u0430\u0436\u0435 \u043e\u0440\u0433\u0430\u043d\u0438\u0437\u0430\u0446\u0438\u044e \u0440\u044b\u0446\u0430\u0440\u0441\u043a\u0438\u0445 \u043f\u043e\u0435\u0434\u0438\u043d\u043a\u043e\u0432. \u041f\u043e\u0447\u0443\u0432\u0441\u0442\u0432\u0443\u0439\u0442\u0435 \u0441\u0435\u0431\u044f \u0417\u043e\u043b\u0443\u0448\u043a\u043e\u0439 \u0438\u0437 \u0441\u043a\u0430\u0437\u043a\u0438, \u043a\u043e\u0442\u043e\u0440\u0430\u044f \u043d\u0430\u0448\u043b\u0430 \u0441\u0432\u043e\u0435\u0433\u043e \u043f\u0440\u0438\u043d\u0446\u0430 \u0438\u043b\u0438 \u041c\u044d\u0440\u0438\u044f\u043c &ndash; \u043d\u0435\u0432\u0435\u0441\u0442\u043e\u0439 \u0420\u043e\u0431\u0438\u043d \u0413\u0443\u0434\u0430. \u0421\u044e\u0436\u0435\u0442 \u0432\u0430\u0448\u0435\u0439 \u0441\u043a\u0430\u0437\u043a\u0438 \u043c\u044b \u043c\u043e\u0436\u0435\u043c \u043d\u0430\u043f\u0438\u0441\u0430\u0442\u044c \u0432\u043c\u0435\u0441\u0442\u0435! \u0410 \u043b\u0443\u0447\u0448\u0435\u0439 \u043f\u0430\u043c\u044f\u0442\u044c\u044e \u043e \u0441\u0430\u043c\u043e\u043c \u0441\u0447\u0430\u0441\u0442\u043b\u0438\u0432\u043e\u043c \u0434\u043d\u0435 \u0441\u0442\u0430\u043d\u0443\u0442 \u0444\u043e\u0442\u043e\u0433\u0440\u0430\u0444\u0438\u0438, \u043f\u0440\u043e\u043d\u0438\u043a\u043d\u0443\u0442\u044b\u0435 \u0438\u0441\u0442\u043e\u0440\u0438\u0435\u0439 \u0432 \u0441\u043e\u0432\u0440\u0435\u043c\u0435\u043d\u043d\u043e\u0439 \u0438\u043d\u0442\u0435\u0440\u043f\u0440\u0435\u0442\u0430\u0446\u0438\u0438!</p>\r\n", "image": "uploads/wedding/place/Gluboka_nad_Vltavoj_2.jpg", "event_type": [1, 2]}}, {"pk": 4, "model": "wedding.placephoto", "fields": {"image": "uploads/wedding/place_gallery/place_2_1.jpg", "place": 1}}, {"pk": 5, "model": "wedding.placephoto", "fields": {"image": "uploads/wedding/place_gallery/ceremony_symbolic_1.jpg", "place": 1}}, {"pk": 6, "model": "wedding.placephoto", "fields": {"image": "uploads/wedding/place_gallery/item3_1.jpg", "place": 1}}, {"pk": 7, "model": "wedding.placephoto", "fields": {"image": "uploads/wedding/place_gallery/item2_1.jpg", "place": 1}}, {"pk": 1, "model": "wedding.placephoto", "fields": {"image": "uploads/wedding/place_gallery/Gluboka_nad_Vltavoj_2.jpg", "place": 1}}, {"pk": 2, "model": "wedding.placephoto", "fields": {"image": "uploads/wedding/place_gallery/Gluboka_nad_Vltavoj_3.jpg", "place": 1}}, {"pk": 3, "model": "wedding.placephoto", "fields": {"image": "uploads/wedding/place_gallery/Gluboka_nad_Vltavoj_5.jpg", "place": 1}}]